###❝エスペラント語根❞, ❝(全く同じ)エスペラント語根❞   となっている行は、対応する置換後の文字列が存在する場合と同等の優先順位を持つものの、実際には文字列(漢字)置換を行わないことを意味している。　
エスペラント語根##,日本語訳ルビ##
adiaŭ,さようなら
bis,アンコール!
hura,万歳!(歓呼)
ŭa,ワァ!
kia,どのような
tia,そんな
ĉia,すべての
kies,だれの(所有)
nenia,どんな~も~ない
ali,他の
alt,高い
bel,美しい
bon,良い
jun,若い
nov,新しい
sam,同一の
fort,強い
grav,重要な
kelk,幾つかの
last,最後の
long,長い
mult,多くの
plen,いっぱいの
riĉ,金持ちの
ruĝ,赤い
facil,容易な
grand,大きい
liber,自由な
rapid,速い
feliĉ,幸福な
proksim,近い
fru,早い
pur,純粋な
sol,唯一の
ver,本当の
cert,確かな
nigr,黒い
varm,暑い
afabl,愛想のよい
blank,白い
dolĉ,甘い
neces,必要な
propr,固有の
simpl,簡単な
dekstr,右の
kuraĝ,勇気ある
trankvil,平静な
blu,青い
dik,太い
gaj,陽気な
hel,明るい
kar,親愛な
lac,疲れた
san,健康な
sat,満腹した
just,正義の
prav,正当な
pret,用意の整った
util,有用な
verd,緑の
apart,別々の
atent,注意深い
fremd,他国の
ĝust,正しい
komun,共通の
larĝ,幅の広い
agrabl,快い
divers,様々な
intern,内部の
sufiĉ,十分な
kontent,満足な
profund,深い
mol,柔らかい
pez,重い
sek,乾いた
brun,褐色の
egal,等しい
flav,黄色の
griz,灰色の
kulp,罪のある
lert,器用な
rekt,まっすぐな
saĝ,賢明な
vast,広い
ceter,残りの
freŝ,新鮮な
simil,よく似た
kapabl,有能な
serioz,まじめな
efektiv,現実の
ordinar,普通の
akr,鋭い
fam,名高い
ies,誰かの
avar,欲の深い
dens,濃い
eben,平らな
fier,誇りたかい
firm,堅固な
nepr,必然の
plat,平たい
plur,複数の
surd,耳が聞こえない
vigl,活発な
fidel,忠実な
kviet,静かな
matur,成熟した
sankt,[宗]神聖な
spert,経験を積んだ
subit,不意の
taŭg,役立つ
honest,正直な
konven,ふさわしい
plur,複数の
preciz,正確な
strang,奇妙な
delikat,繊細な
ĝentil,礼儀正しい
komfort,安楽な
pacienc,我慢強い
special,特別の
ĝeneral,全般の
konstant,不変の
lam,びっこの
mut,唖の
nud,裸の
pal,青ざめた
ruz,ずるい
van,むなしい
acid,酸っぱい
glat,なめらかな
kler,教養ある
krud,生の
mild,温和な
abund,有り余るほどの
blind,盲目の
blond,金髪の
ĉarm,魅力的な
etern,永遠の
favor,好意的な
graci,優美な
humil,謙虚な
laŭt,大声の
sever,厳しい
stult,愚鈍な
fortik,頑丈な
frenez,気の狂った
kurioz,珍奇な
privat,私的な
sincer,誠実な
evident,明白な
oportun,便利な
prudent,思慮深い
sci/vol##,好奇心のある
diligent,勤勉な
proksim/um##,およその
ard,白熱の
avid,渇望している
brav,勇敢な
ebri,酔った
krut,切り立った
naiv,無邪気な
nobl,高潔な
sobr,節制の
humid,湿気のある
ident,同一の
komik,こっけいな
kripl,不具の
kruel,残酷な
moder,適度の
sagac,明敏な
seren,おだやかな
sprit,機知に富んだ
akurat,時間厳守の
fervor,熱心な
inklin,傾向のある
ĵaluz,嫉妬深い
kapric,気まぐれの
modern,現代の
modest,控え目な
nenies,誰のでもない
normal,正常な
sovaĝ,野生の
ekstrem,ぎりぎりの
elegant,上品な
eminent,優れた
komplet,完全な
oficial,公式の
perfekt,完全な
probabl,ありそうな
reciprok,相互の
indiferent,無関心な
inteligent,聡明な
amar,苦い
imun,[医]免疫の
real,現実の
ties,それ;あれの
unik,特異な
vant,虚栄の
virg,純潔な
aktiv,活動的な
civil,市民の
ĉies,各人の;皆の
elast,弾力のある
human,人間的な
intim,親密な
kaduk,老朽の
koket,なまめかしい
lojal,忠義な
malic,悪意の
mir/ind##,不思議な
raŭk,しわがれ声の
rigid,硬直した
sekur,安全な
solen,荘厳な
tener,優しい
valid,[法]有効な
abrupt,突然の
absurd,非常識な
aktual,現存の
arbitr,任意の
aŭdac,ずぶとい
ekzakt,精密な
furioz,怒り狂った
graved,妊娠した
klasik,古典の
majest,尊厳な
nervoz,[病]神経質な
oblikv,斜めの
obstin,頑固な
plen/aĝ##,成年の
social,社会的な
subtil,微細な
tragik,悲惨な
absolut,絶対の
kontant,[商]現金の
popular,人気のある
relativ,相対的な
sin/don##,献身的な
solidar,連帯の
vegetar,菜食の
familiar,心安い
grandioz,雄大な
kolektiv,集合的な
sin/gard##,用心のための
kompetent,適任の
universal,普遍的な
kvit,[商]借のない
miop,[医]近視の
punc,ひなげし色の
ranc,酸敗した
ĉast,貞節な
ekstr,特別の
masiv,どっしり重い
antikv,古代の
arogant,横柄な
konform,適合した
trivial,野卑な
elokvent,雄弁な
kriminal,[法]刑事上の
predikat,[文]述部
akut,鋭角の
dual,二重の
hirt,逆立った
kalv,(頭の)はげた
banal,ありふれた
cinik,冷笑的な
gotik,ゴシック式の
inert,惰性的な
obtuz,鈍い
okult,神秘術の
pasiv,受身の
rigor,厳格な
stoik,ストア学派の
analog,類似の
anonim,匿名の
arkaik,古風な
diafan,半透明の
efemer,はかない
erotik,性愛の
fiktiv,架空の
formal,外形的な
frivol,軽はずみな
intens,強烈な
invers,逆の
konciz,簡潔な
konkav,[理]凹の
mistik,神秘主義的な
neŭtr,中性の
vulgar,通俗の
akcesor,副の
apokrif,偽作の
arĥaik,古風な
burlesk,道化た
decimal,[数]十進法の
diskret,口の固い
fanatik,狂信的な
grotesk,グロテスクな
konkret,具体的な
kontinu,連続的な
liberal,[政]自由主義の
monoton,単調な
negativ,消極的の
nominal,名目上の
pozitiv,積極的な
radikal,[政]急進的な
skeptik,懐疑的な
solvent,[商]支払能力のある
abstrakt,抽象的な
aŭtonom,自治の
eventual,起こり得る
inkluziv,含んだ
neŭtral,中立の
objektiv,客観的な
ortodoks,正統の
primitiv,原始的な
provizor,臨時の
racional,[数]有理の
romantik,ロマンチックな
sinoptik,一覧用の
spontane,自発的な
aŭtentik,真正の
definitiv,最終決定の
ekskluziv,排他的な
korelativ,相関的な
respektiv,それぞれの
subjektiv,主観的な
transitiv,[文]他動の
spekulativ,[哲]思弁的な
impertinent,厚かましい
konservativ,[政]保守派の
sentimental,感傷的な
dek,十
mil,千
sep,七
ses,六
tri,三
unu,一
cent,百
kvar,四
kvin,五
naŭ,九
aŭ,または
nek,~もまた~ない
sed,しかし
kvankam,(~だ)けれども
plus,[数]プラス
minus,マイナス
ĉe,(~の)所で
kun,(~と)共に
per,よって
pri,ついて
pro,〜ゆえに
sen,(~)なしで
sub,(~の)下に
sur,(~の)上に
tra,通って
apud,(の)そばに
krom,(の)ほかに
laŭ,沿って
post,(~の)後で
inter,(の)間に
super,(~の)上方に
trans,(~の)向こうに
antaŭ,(~の)前に
ekster,(の)外で
preter,(~の)そばを通って
kontraŭ,(に)向かって
malgraŭ,(~)にもかかわらず
ĝi,それ
ili,それら
kio,何
oni,人々
ŝi,彼女
tio,それ;あれ
ĉio,すべて
nenio,何も~ない
tio ĉi##,これ(もの;こと：一括)
dis,分散
mal,正反対
ĉef,主
eks,元の
mis,誤り
pra,原始
dev,義務
dir,(を)言う
don,与える
est,(~)である
far,(を)する
fin,終える
hav,持っている
kon,知っている
leg,(を)読む
lev,上げる
met,(を)置く
mov,動かす
pet,(を)頼む
pov,できる
rid,笑う
sci,知っている
sid,座っている
ten,支え持つ
ven,(に)来る
vid,見る;会う
viv,生きている
vol,意志がある
ĝoj,喜ぶ
help,手助けする
kred,(を)信じる
lern,(を)学習する
loĝ,(に)住む
mort,死ぬ
okaz,起こる
port,(を)持ち運ぶ
pren,(を)手に取る
sekv,(に)付き従う
send,(を)送る
star,立っている
dezir,(を)望む
labor,働く
milit,戦争する
montr,(を)示す
parol,話しをする
ricev,(を)受取る
skrib,(を)書く
ŝajn,(~と)見える
vetur,(乗り物で)行く
demand,(を)質問する
komenc,(を)始める
kompren,(を)理解する
respond,(を)答える
bat,(を)打つ
fal,落ちる
kri,(を)叫ぶ
kur,走る
las,手放す
lum,光っている
mir,不思議に思う
pag,支払う
pas,通過する
reg,統治する
son,音がする
tim,恐れる
tir,(を)引く
aŭd,(を)聞く
brul,燃える
dank,(に)感謝する
dorm,眠っている
ferm,(を)閉める
flug,飛ぶ
halt,止まる
ĵet,投げる
kant,(を)歌う
kost,(に)価する
mank,欠けている
nask,(を)生む
okup,占めている
pens,思う
perd,(を)失う
prem,(を)押える
prov,(を)試す
sent,(を)感じる
turn,(を)回す
aĉet,(を)買う
atend,(を)待つ
bezon,(を)必要とする
kresk,(に)成長する
manĝ,(を)食べる
memor,(を)覚えている
serĉ,(を)捜す
trink,(を)飲む
konsil,(を)助言する
permes,(を)許可する
postul,(を)要求する
rakont,(を)物語る
rigard,(を)見る
rimark,(に)気づく
ŝanĝ,(を)変える
vojaĝ,旅行する
konstru,(を)建造する
prezent,(を)差し出す
renkont,(に)出会う
bru,騒音を出す
dub,(を)疑う
lav,(を)洗う
lud,(を)遊ぶ
pen,努力する
vek,目覚めさせる
vok,(を)呼ぶ
aper,現れる
bril,輝く
erar,(を)誤る
fest,(を)祝う
frap,(を)たたく
gajn,(を)かち取る
kapt,(を)捕える
kaŝ,(を)隠す
kovr,(を)おおう
kuir,(を)料理する
kuŝ,横たわっている
paŝ,一歩
plor,泣く
romp,(を)破壊する
salt,跳躍する
serv,仕える
tuŝ,触れる
vend,(を)売る
zorg,世話をする
batal,戦う
elekt,(を)選ぶ
esper,(を)希望する
koler,怒っている
mezur,(を)計る
opini,意見である
ordon,(を)命令する
plend,不満を訴える
ripoz,休息する
salut,(に)挨拶する
sufer,苦しむ
akcept,(を)受入れる
forges,(を)忘れる
kalkul,(を)計算する
komerc,(を)商売する
konduk,(を)導く
pardon,(を)ゆるす
silent,黙っている
tranĉ,(を)切る
konsent,同意する
aŭskult,(を)聴く
ban,水浴させる
flu,流れる
kre,創造する
mok,あざける
amuz,楽しませる
ĉes,止む
efik,効果をあげる
gard,(を)見張る
juĝ,裁判する
klin,(を)傾ける
pend,掛っている
puŝ,(を)押す
spir,呼吸する
stud,(を)研究する
ŝat,価値を認める
tond,刈る
traf,(に)命中する
ating,(に)着く
decid,(を)決定する
estim,(を)尊敬する
invit,(を)招待する
kurac,(を)治療する
marŝ,行進する
plaĉ,気に入る
ripet,(を)繰り返す
ŝlos,鍵をかける
ŝtel,(を)盗む
vizit,(を)訪問する
aranĝ,(を)整える
ekzist,存在する
instru,(を)教える
intenc,(を)意図する
kompat,(を)あわれむ
prefer,(を)より好む
prepar,(を)用意する
promen,散歩する
promes,(を)約束する
sukces,成功する
konserv,(を)保存する
bol,沸騰する
kis,キスする
obe,服従する
paf,(を)撃つ
pel,追いたてる
pik,(を)刺す
pun,罰する
sav,救助する
tus,せきをする
akir,(を)獲得する
apog,(を)支える
atak,(を)攻撃する
bala,(を)掃く
blov,吹く
ĉas,(を)狩る
danc,踊る
eduk,(を)教育する
evit,(を)避ける
fleg,(を)看護する
glit,すべる
gvid,(を)案内する
ĝen,邪魔する
hejt,(を)暖房する
hont,(を)恥じる
imag,(を)想像する
imit,(を)模倣する
komb,(を櫛で)すく
mend,(を)注文する
miks,(を)混ぜる
naĝ,泳ぐ
plug,(を)耕す
pres,(を)印刷する
soif,喉が乾く
spez,(を)出納する
ŝir,ちぎる
trem,震える
trov,(を)見つける
venk,(に)勝つ
viŝ,(を)拭く
volv,(を)巻く
anonc,(を)公表する
aprob,(に)賛成する
avert,(に)警告する
merit,(に)価する
minac,(を)脅す
pentr,(色彩画を)描く
posed,(を)所有する
preĝ,[宗]祈る
rifuz,(を)拒絶する
rilat,関係する
ripar,(を)修理する
skrap,(を)削る
ŝerc,冗談を言う
tromp,(を)だます
defend,(を)守る
desegn,(を)描く
esting,(を)消す
inform,(を)通報する
kompar,比較する
kondut,ふるまう
konfes,(を)告白する
konsci,(を)意識する
kultur,(を)栽培する
mensog,嘘をつく
rezult,結果
rikolt,(を)収穫する
streĉ,(を)緊張させる
ŝovel,シャベルですくう
akompan,(と)同行する
aparten,(に)所属する
bedaŭr,(を)残念に思う
konsist,(~から)成り立つ
organiz,(を)組織する
progres,進歩する
respekt,(を)尊敬する
riproĉ,(を)とがめる
diferenc,異なる
rekomend,(を)推薦する
korespond,文通する
enu,退屈する
fid,信頼する
ĝu,楽しむ
hak,たたき切る
log,気を引く
pek,罪を犯す
pes,重さを計る
raz,そる
dron,溺れる
fajf,口笛を吹く
fand,溶かす
farm,(を)小作する
fart,暮らす
frot,(を)摩擦する
ĝem,うめく
krev,裂ける
kudr,縫う
mord,(を)かむ
muel,(を粉に)挽く
nutr,(を)養う
odor,臭う
rajd,乗って行く
solv,(を)解決する
taks,(を)評価する
teks,(を)織る
tent,(を)誘惑する
urĝ,さし迫る
babil,雑談する
detru,(を)破壊する
difin,(を)定義する
distr,(の)気を散らす
diven,(を)見抜く
divid,(を)分割する
etend,(を)伸ばす
evolu,進化する
forĝ,(を)鍛える
frand,(を)美食する
grimp,(に)よじ登る
hezit,ためらう
kroĉ,ひっ掛ける
laŭd,(を)ほめる
mason,築く
ofert,[商]提供する
ornam,(を)装飾する
petol,いたずらをする
sonĝ,夢を見る
stern,(を)敷き広げる
supoz,(を)想定する
ŝirm,(を)かばう
ŝpar,(を)節約する
ŝtop,詰めふさぐ
ŝuld,債務を負う
ŝvel,膨れる
toler,(を)我慢する
verŝ,(を)注ぐ
aspekt,(に)見える
daŭr/ig##,(を)続ける
difekt,(を)損傷する
diskut,(を)討議する
domaĝ,惜しむ
ekscit,(を)興奮させる
ekzerc,(を)訓練する
esplor,(を)探求する
esprim,(を)表現する
konsol,(を)慰める
murmur,つぶやく
prezid,(の)議長を勤める
signif,(を)意味する
skulpt,(を)彫刻する
traduk,(を)翻訳する
ekskurs,遠足する
ekzamen,(を)調べる
komunik,(を)伝える
koncern,(に)関係がある
konstat,(を)確認する
protekt,(を)保護する
protest,抗議する
renvers,(を)転覆させる
surpriz,(を不意に)驚かす
konsider,(を)考慮する
persekut,(を)迫害する
reprezent,(を)代表する
bak,(を)焼く
ben,祝福する
boj,ほえる
bor,穴をあける
ced,譲歩する
cit,引用する
lek,なめる
rab,強奪する
rav,魅了する
rem,漕ぐ
rev,空想する
seg,鋸で引く
sku,揺すぶる
ted,うんざりさせる
teg,上張りする
abon,(を)予約する
dung,(を)雇う
envi,(を)うらやむ
flar,(を)嗅ぐ
fond,(を)創立する
frit,フライにする
friz,カールする
gest,身振りをする
glad,アイロンをかける
glut,(を)飲み込む
ĵur,(を)誓う
kned,(を)こねる
maĉ,かみ砕く
melk,乳を搾る
migr,移動する
munt,組み立てる
ofer,捧げる
pent,(を)後悔する
pruv,(を)証明する
pump,吸い上げる
putr,腐敗する
ramp,這って進む
risk,危険にさらす
ronk,いびきをかく
rost,[料](を)焼く
sven,失神する
ŝov,押しやる
ŝut,まく
tajl,[服]裁断する
tord,(を)よじる
tren,引きずって行く
vari,変動する
velk,枯れる
adici,(を)足し算する
admir,(に)感嘆する
admon,言い聞かせる
adopt,(を)養子にする
akcel,(を)加速する
atest,(を)証明する
ĉerp,(を)汲む
degel,融ける
deleg,(を)派遣する
fleks,(を)曲げる
flirt,(旗などが)翻る
hered,(を)相続する
influ,影響を与える
kares,(を)愛撫する
medit,(を)黙考する
naŭz,吐き気を催させる
osced,あくびをする
paŝt,(を)放牧する
paŭz,休止する
pinĉ,(を)つまむ
plekt,(を)編む
regal,ごちそうする
ribel,反乱する
sopir,(を)恋しがる
sorĉ,魔法にかける
strik,ストライキをする
sufok,(を)窒息させる
sving,(を)振る
ŝarg,(に)装填する
ŝmir,塗る
trakt,(を)取り扱う
tremp,(に)ひたす
afrank,(に)切手を貼る
asekur,(に)保険をかける
balanc,(を)上下に揺る
barakt,もがく
dediĉ,(を)捧げる
deklar,(を)宣言する
destin,(の用途を)予定する
disput,口論する
escept,(を)除外する
festen,宴会をする
frakas,(を)打ち砕く
gratul,お祝いを言う
ilustr,挿絵を入れる
import,(を)輸入する
insist,固執する
instal,(を)据え付ける
instig,(を)励ます
insult,(を)罵る
komand,[軍](を)指揮する
komisi,(を)委託する
konfid,(を)信頼する
konfit,砂糖漬けにする
konfuz,(を)混乱させる
konkur,競争する
kritik,(を)批判する
observ,(を)観察する
penetr,浸透する
perfid,(を)裏切る
proced,手順を運ぶ
raport,(を)報告する
reklam,(の)広告をする
rezign,放棄する
rezist,抵抗する
rifuĝ,避難する
brak/um##,(を)抱きしめる
civiliz,(を)教化する
ĉagren,いらだたせる
de/pend##,(に)依存する
disting,(を)判別する
eksplod,爆発する
garanti,(を)保証する
komplez,親切にする
kondamn,(を)断罪する
konfirm,(を)確認する
konjekt,(を)推測する
konklud,(を)結論する
kontrol,(を)検査する
konvink,(を)説得する
operaci,[医]手術する
plen/um##,(を)果たす
pretend,(の)権利を要求する
suspekt,(を)怪しむ
turment,(を)いじめる
distribu,(を)分配する
fanfaron,大言壮語する
kontrakt,(を)契約する
mastr/um##,(の)家政をとる
prokrast,(を)延期する
administr,(を)管理する
el/turn/iĝ##,身をかわす
entrepren,(を)企てる
dec,かなう
juk,かゆい
lul,寝かしつける
vad,歩く
vag,さまよう
vet,賭ける
vom,(を)吐く
zum,ブンブン言う
ador,(を)崇拝する
agit,(を)扇動する
akuz,(を)告発する
alud,ほのめかす
bapt,洗礼を施す
bind,(を)製本する
blek,いななく
bred,(を)飼育する
buĉ,屠殺する
ĉif,しわくちゃにする
dikt,口述筆記させる
dres,(を)調教する
ekip,(を)装備する
est/ig##,(を)引き起こす
fast,(を)断食する
flat,(を)おだてる
flik,継ぎを当てる
fuĝ,逃げる
fuŝ,仕損じる
garn,(を)補強する
grat,(を)掻く
hav/ig##,(を)持たせる
izol,孤立させる
jung,つなぐ
lukt,格闘する
muĝ,うなる
opon,(に)反対する
palp,手探りする
pekl,塩づけにする
pere,破滅する
pli/ig##,(を)ふやす
sark,(を)除草する
sekc,[医]切断する
sorb,(を)吸収する
spit,ものともしない
suĉ,(を)吸う
svat,(の)仲人する
tajp,タイプする
tern,くしゃみをする
tikl,(を)くすぐる
tint,チンチンと鳴る
trik,編み物をする
trud,押し付ける
vart,(を)保育する
adapt,(を)適合させる
aplik,(を)応用する
asert,(と)断言する
asist,(を)補佐する
balot,(に)投票する
ĉe/est##,(に)出席する
delir,錯乱する
depon,(を)預ける
deput,出す
enket,(を)調査する
eskap,逃れる
falĉ,かまで刈る
flagr,揺らめく
for/est##,不在だ
grinc,きしる
ignor,(を)無視する
impet,突進する
incit,(を)怒らせる
indik,(を)指し示す
insid,落とし入れる
inund,氾濫する
kraĉ,たんを吐く
liver,(を)供給する
menci,(を)言及する
modif,(を)修正する
ofend,(を)侮辱する
rezon,(を)推論する
rivel,(を)あかす
start,スタートする
susur,さらさら鳴る
ŝpin,(を)紡ぐ
trejn,(を)訓練する
venĝ,復讐をする
abstin,節制する
aflikt,(を)悩ませる
altern,交互に起こる
balbut,どもる
cirkul,循環する
deĵor,当直する
denunc,(を)告発する
de/ten##,(を)引きとめる
dev/ont/ig##,(履行を)約束させる
digest,(を)消化する
dispon,(を)自由に使う
dorlot,(を)甘やかす
eksped,(を)発送する
el/don##,(を)出版する
establ,(を)創立する
flustr,ささやく
grimac,顔をしかめる
grumbl,ぶつぶつ言う
implik,(を)もつれさす
indign,激怒する
indulg,(を)容赦する
infekt,(を)感染させる
injekt,[医](を)注射する
inspir,(を)心に吹き込む
invent,(を)発明する
klopod,奔走する
kolizi,衝突する
kombin,(を)組合わせる
kompon,(を)構成する
konsum,(を)消費する
korekt,(を)訂正する
lubrik,(機械に)油を注す
manovr,[軍]機動演習する
plonĝ,(に)飛び込む
preleg,(を)講演する
propon,(を)提案する
provok,(を)挑発する
recenz,(を)批評する
redakt,(を)編集する
redukt,(を)縮小する
revizi,(を)校閲する
ŝpruc,噴出する
aplaŭd,(に)拍手する
blasfem,[宗]冒涜する
bon/vol##,どうぞ~する
brokant,古物売買する
eksport,(を)輸出する
ekzekut,(に)死刑を執行する
gust/um##,(を)味わう
iniciat,(を)発起する
kalumni,(を)中傷する
kompens,(を)補償する
komplik,(を)複雑にする
kontest,異議を唱える
manipul,(を)操作する
neglekt,(を)なおざりにする
persist,頑張る
prononc,(を)発音する
prosper,繁栄する
reflekt,[理](を)反射する
re/form##,(を)改造する
subtrah,[数]引き算する
ŝancel,(を)ぐらつかせる
televid,テレビを見る
determin,(を)確定する
ekspluat,開発する
koncentr,(を)集中する
mistifik,(を)煙にまく
preskrib,[医](を)処方する
revoluci,[政]革命を起こす
riverenc,お辞儀する
interpret,(を)通訳する
kompromit,(を)危険にさらす
multiplik,[数](を)掛ける
propagand,(を)宣伝する
konversaci,会話する
interpelaci,[政](を議会で大臣に)質問する
erp,鍬で均す
kov,抱いている
lut,半田づけする
pep,さえずる
tan,なめす
agac,苛立たせる
brod,刺繍する
brog,熱湯をかける
ĉiz,彫刻する
edif,[宗]教化する
fajl,やすりをかける
krak,音をたてる
kroz,[海]巡航する
pist,(を粉に)つく
rasp,すりおろす
rast,かく
rigl,かんぬきをかける
rukt,げっぷ
sibl,シューと音鳴る
skiz,スケッチする
sput,吐く
steb,合わせ縫いする
stuk,漆喰を塗る
ŝim,かびる
torn,(を)旋削する
trot,速歩する
urin,排尿する
varb,募集する
adult,密通する
afekt,(と)見せかける
akuŝ,(を)出産する
arest,(を)逮捕する
asign,(を)割当てる
atenc,危害を加える
draŝ,(を)打穀する
drink,(を)飲む
ekzil,国外追放する
filtr,(を)ろ過する
infuz,(を)振り出す
kribr,ふるいにかける
parad,分裂行進する
rabot,かんなをかける
rafin,(を)精製する
satur,[化]飽和させる
sieĝ,[軍]包囲する
skerm,フェンシングをする
strab,やぶにらみする
ŝmac,チュッと音たてる
uzurp,(を)横領する
veget,植生する
border,(を)縁取る
ĉikan,難癖を付ける
degrad,(を)降格する
diboĉ,酒色にふける
distil,[化]蒸留する
drapir,(を)掛け布でおおう
gargar,うがいする
gravur,(を)彫り込む
guvern,(を)養育する
ilumin,(を)照明する
inokul,[医](を)接種する
intrig,陰謀を企てる
ĵongl,手品を使う
kartav,ｒ音をのどで発音する
kontuz,(に)打撲傷を与える
likvid,[商](を)清算する
makler,[商]仲買をする
plaŭd,ばしゃりと音を立てる
predik,(を)説教する
rembur,(に)詰め物をする
ventol,(を)換気する
deĉifr,(を)解読する
degener,[生]退化する
diskont,[商]手形割引する
ferment,発酵する
kalfatr,[機]コーキンする
kolport,行商する
kompost,[印](を)植字する
konspir,(政治的)陰謀を企む
konvert,[宗](を)改宗させる
paraliz,[医](を)麻痺させる
proklam,(を)布告する
singult,しゃっくりする
ĉarpent,大工仕事をする
hipokrit,偽善をする
intermit,断続する
konstern,(を)仰天させる
marĉand,(を)値切る
kapitulac,[軍]降伏する
kaŭteriz,[化]腐食させる
komentari,(を)注釈する
koment,(を)注釈する
poz,ポーズをとる
vak,あいている
boks,拳闘する
ĝir,振替える
kirl,かきまわす
klak,かちかち音たてる
kluk,クックッと鳴く
knar,きしる
murd,(を)殺害する
pled,[法]弁護する
sond,探る
tatu,入れ墨する
abdik,(を)退く
abort,流産する
agoni,死の苦しみを味わう
aklam,(に)歓呼する
amput,切断する
aneks,(を)併合する
aspir,(を)熱望する
deriv,(を)派生させる
feder,(を)連合させる
impon,(を)威圧する
invad,侵入する
kaŭr,うずくまっている
klaĉ,悪口をいう
kliŝ,ステロ版にとる
kotiz,払う
marin,#ERROR!
miaŭ,ニャアと鳴く
modul,[楽]転調する
refut,(を)論破する
rikan,(を)冷笑する
streb,(に)全力をつくす
svarm,群がっている
ŝveb,浮かぶ
absorb,(を)夢中にさせる
akapar,(を)買占める
analiz,(を)分析する
asimil,(を)同化する
asperg,(に)水をやる
atribu,(を)割り当てる
aŭgur,(を)占う
bojkot,(を)ボイコットする
cenzur,(を)検閲する
dedukt,演繹する
deklam,(を)朗読する
dekolt,[服]くる
indukt,(を)帰納する
kompil,(を)編さんする
konced,容認する
konker,(を)征服する
korupt,(を)買収する
kverel,口論する
lament,悲嘆にくれる
narkot,[医](を)麻酔する
stimul,(を)激励する
strigl,(馬に)櫛をかける
ŝrump,しなびる
amortiz,(を)原価消却する
anticip,(を)前もってする
apelaci,訴える
bankrot,破産する
bombard,(を)砲撃する
emancip,解放する
inspekt,(を)査察する
katekiz,問答で教理を教える
koincid,符合する
konfisk,(を)没収する
konsekr,[宗](を)清める
konsult,相談する
legitim,(~の身元を)証明する
mobiliz,[軍](を)動員する
pilgrim,[宗]巡礼する
improviz,(を)即興的に作る
inaŭgur,(の開始)式を行う
karambol,(玉突きで)キャノンする
kateĥiz,問答で教理を教える
klasifik,(を)分類する
kontribu,(を)寄与する
litograf,[印]石版印刷する
prostitu,売春させる
centraliz,集中する
stenograf,(を)速記する
ekskomunik,[宗](を)破門する
karakteriz,(を)特色づける
aĵ,事物
ant,能動;継続
ebl,可能
iĝ,なる
ind,値する
int,能動;完了
ism,主義
ist,従事者
obl,倍数
ont,能動;将然
estr,長
aĉ,粗悪
ĉj##,男子愛称
end,必要
ing,さや
ajn,であろうと
ĉi##,近接
eĉ##,さえ
for,離れて
iam,ある時
iom,多少
jam,既に
jen,そらここに
jes,はい
kie,どこで
mem,自身
nun,今
nur,ただ~だけ
pli,より
plu,さらに
tie,そこで
tre,たいへん
tro,過度に
tuj,すぐに
ĉie,いたる所で
ĵus,たった今
kiam,いつ(時)
plej,最も
tial,それゆえ
tiam,その時;あの時
tiel,その;あの様に
tiom,そんな;あんなに
ĉiam,いつも
nenie,どこにも~ない
ankaŭ,(~も)また
neniam,決して~ない
baldaŭ,まもなく
hieraŭ,昨日
hodiaŭ,今日
morgaŭ,明日
tie ĉi##,ここで(場所)
almenaŭ,少なくとも
ankoraŭ,まだ
preskaŭ,ほとんど
tiel ĉi##,この様に(方法;状態)
oft,たびたび
ial,何かの理由で
iel,どうにかして
volont,自ら進んで
des,ますます
neniom,少しも~ない(数量)
ĉial,あらゆる理由で
ĉiom,全量
ia/foj##,ある時
nenial,どんな理由もない
neniel,どうしても~ない
parker,暗記して
foj,回
hom,人
jar,年
kap,頭
kor,心
lok,場所
man,手
nom,名前
tag,日
ter,土地
vir,男
voj,道
afer,物事
amik,友達
form,形
kamp,野原
land,国
mond,世界
naci,国民
patr,父
temp,時間
vort,[文]語
flank,側
infan,子供
patr/in##,母
ĉambr,部屋
sinjor,紳士
akv,水
arb,木
art,技術
dom,家
edz,夫
fil,息子
har,毛
hor,時間
lit,ベッド
mar,海
mon,金銭
mur,壁
pac,平和
pec,一片
sun,太陽
urb,市
bild,絵
bird,鳥
buŝ,口
frat,兄弟
hejm,家庭
knab,少年
kort,中庭
libr,本
mont,山
okul,[解]目
part,部分
pied,[解]足
pord,戸口
rajt,権利
tabl,テーブル
vent,[気]風
vest,服
fingr,指
frukt,果実
kolor,色
leter,手紙
lingv,言語
maten,朝
popol,人民
punkt,点
rimed,手段
valor,価値
ĉeval,[動]馬
famili,家族
fraŭl,未婚男子
person,人
semajn,一週間
vesper,夕方
vizaĝ,顔
fenestr,窓
aer,空気
aĝ,年齢
cel,目的
fer,鉄
ide,観念
kat,[動]猫
kol,[解]首
mez,まん中
naz,[解]鼻
nub,[気]雲
ord,順序
pan,[料]パン
roz,[植]バラ
best,動物
bord,岸
brak,腕
dent,歯
fajr,火
fiŝ,魚
flor,花
glas,コップ
hund,犬
korp,体
lakt,乳
lign,木材
lini,線
mark,しるし
neĝ,[気]雪
nokt,夜
onkl,おじ
orel,[解]耳
plum,ペン
pluv,雨
rond,円形
sang,血
seĝ,いす
spec,種類
stat,状態
supr,頂上
ŝip,船
vitr,ガラス
angul,角
daŭr,継続
dolor,痛み
gazet,雑誌
kaŭz,原因
kutim,習慣
minut,(時間の)分
monat,(暦の)月
natur,自然
nombr,数
paper,紙
plank,床
river,川
somer,夏
staci,駅
strat,街路
suker,砂糖
ŝton,石
vagon,[鉄]車両
veter,[気]天候
vintr,冬
aŭtun,秋
ĉapel,帽子
direkt,方向
kolekt,収集品
moment,瞬間
plezur,喜び
vilaĝ,村
ekzempl,例
ĝarden,庭
histori,歴史
printemp,春
bov,牛
ink,インク
kaf,コーヒー
kok,ニワトリ
kuk,ケーキ
kuz,いとこ
lag,湖
lim,境界
lun,[天]月
maj,５月
pak,包み
sak,袋
sum,合計
tru,穴
vin,ぶどう酒
anim,魂
azen,[動]ロバ
benk,ベンチ
dors,背
foli,葉
font,源泉
fund,底
genu,[解]ひざ
gren,穀物
grup,グループ
herb,草
juli,７月
juni,６月
kart,カード
klas,クラス
korb,かご
kruc,[宗]十字架
krur,[解]すね
lang,[解]舌
leĝ,[法]法律
lund,月曜日
mard,火曜日
mart,３月
ofic,職務
ombr,かげ
paĝ,ページ
pork,[動]豚
poŝ,ポケット
radi,[理]線
reĝ,王
senc,意味
stel,星
ŝaf,ヒツジ
verk,著作
voĉ,声
adres,住所
april,４月
brust,胸
buter,バター
donac,贈り物
glaci,氷
kuler,[料]さじ
mastr,主人
muzik,音楽
numer,番号
poŝt,郵便
prunt,貸し借り
sabat,土曜日
ŝtat,国家
ŝtup,(階段の)段
teler,皿
terur,恐怖
vapor,蒸気
insekt,[虫]昆虫
januar,１月
ĵaŭd,木曜日
kovert,封筒
krajon,鉛筆
manier,やり方
objekt,物体
oktobr,１０月
plafon,天井
region,[地]地方
religi,宗教
spirit,精神
arĝent,銀
danĝer,危険
decembr,１２月
dimanĉ,日曜日
februar,２月
horloĝ,時計
merkred,水曜日
novembr,１１月
produkt,生産(物)
vendred,金曜日
septembr,９月
bar,障害
bek,くちばし
fak,専門
fum,煙
gas,ガス
gut,しずく
jak,[服]背広
kel,地下室
kuv,大桶
lip,唇
nep,孫
nev,おい
not,覚え書
ole,油
ond,波
ost,[解]骨
par,一対
pom,リンゴ
pot,つぼ
rad,[機]車輪
ret,網
sal,塩
sap,石鹸
sem,[植]種子
sud,南
sup,スープ
ŝu,短靴
tas,茶碗
tol,リンネル
tuk,布
ung,[解]つめ
val,[地]谷
vic,列
barb,あごひげ
bros,ブラシ
fakt,事実
flag,旗
fork,[料]フォーク
forn,炉
gast,客
gras,[化]脂肪
kapr,[動]山羊
karb,炭
kest,箱
korn,[動]角
krim,犯罪
lamp,ランプ
mebl,家具
mien,顔つき
muŝ,[虫]ハエ
nord,北
past,[料]ペースト
pilk,[遊]ボール
pint,先端
polv,ほこり
pont,橋
prez,価格
rand,縁(ふち)
regn,[法]国家
seri,連続
sign,符号
sort,運命
spic,[料]香辛料
vang,[解]ほお
vost,尾
vund,傷
botel,びん
buton,ボタン
cifer,数字
faden,糸
frunt,額
haŭt,皮膚
honor,名誉
insul,島
kajer,ノート
kamen,暖炉
legom,野菜
liter,文字
metal,金属
pingl,ピン
polic,警察
polur,光沢
premi,賞品
regul,規則
sezon,季節
ŝanc,機会
ŝnur,綱
tabul,板
viand,[料]肉
baston,棒
branĉ,枝
ĉemiz,シャツ
doktor,博士
kravat,[服]ネクタイ
lecion,授業
maŝin,機械
milion,百万
najbar,隣人
parenc,親族
publik,公衆
scienc,科学
sekret,秘密
skatol,手箱
soldat,兵士
spegul,鏡
ŝarĝ,(に)荷を負わす
ŝrank,戸棚
tualet,衣装
ĉapitr,章
fromaĝ,[料]チーズ
kondiĉ,条件
praktik,実践
serpent,[動]ヘビ
ŝtrump,[服]長靴下
tegment,屋根
telefon,電話
industri,産業
kilogram,[単]キログラム
okcident,西
pantalon,[服]ズボン
abi,[植]モミ
agl,[鳥]ワシ
ber,[植]液果
bot,長靴
bul,玉
dat,日付
glu,糊
jup,スカート
kav,穴
lan,羊毛
led,なめし皮
mod,流行
mor,風俗
pin,[植]マツ
pip,パイプ
piz,エンドウ
put,井戸
rel,レール
riz,[料]米
rok,岩
suk,汁
tem,テーマ
tub,管
tur,塔
vat,綿
vaz,うつわ
zon,帯
arme,軍隊
bank,銀行
bien,地所
bier,ビール
bret,棚
brik,れんが
cikl,周期
ĉap,帽子
drat,針金
epok,時代
fask,束
feri,休日
film,フィルム
flam,炎
flos,いかだ
fojn,干し草
fulm,稲妻
glob,球体
grad,程度
gust,味
kadr,枠
krem,クリーム
kurb,曲線
kurs,講座
larm,涙
leon,[動]ライオン
litr,[単]リットル
luks,ぜいたく
meti,手仕事
metr,[単]メートル
najl,釘
nest,巣
pajl,わら
plac,広場
plad,大さら
plan,計画
poet,詩人
pugn,こぶし
ring,輪
sabl,砂
scen,[劇]場
skal,尺度
soci,社会
spac,空間
stal,馬小屋
task,任務
tomb,墓
verm,虫
vers,[詩]詩句
viol,[植]スミレ
agord,調和
balon,気球
bilet,切符
burĝ,ブルジョワ
centr,中心
etaĝ,階
farun,[料]穀粉
figur,姿
frost,厳寒
gorĝ,[解]のど
grund,地盤
haven,港
hotel,ホテル
humor,気分
karot,[植]ニンジン
katar,[病]カタル
kling,刃身
koton,綿
kvant,量
lepor,[動]野ウサギ
makul,汚れ
manik,[服]そで
membr,会員
mizer,悲惨
nebul,[気]霧
organ,[解]器官
parti,[政]党派
pastr,[宗]聖職者
radik,根
serur,錠
solid,[理]固体
sonor,音響
strek,線
ŝvit,汗
tabak,タバコ
tabel,一覧表
titol,題名
tondr,雷
valiz,旅行かばん
ventr,[解]腹
alumet,マッチ
aparat,装置
brasik,[植]キャベツ
citron,[果]シトロン
ĉifon,ぼろぎれ
dekliv,坂
dezert,砂漠
elektr,電気
energi,エネルギー
fianĉ,婚約者
hirund,[鳥]ツバメ
kelner,給仕
kvalit,品質
majstr,巨匠
mantel,[服]マント
martel,金槌
matrac,マットレス
menton,[解]下あご
oranĝ,[果]オレンジ
origin,起源
potenc,勢力
salajr,給料
sekund,秒
societ,会
stomak,[解]胃
ŝultr,[解]肩
tapiŝ,絨毯
tritik,[植]小麦
aventur,冒険
cigared,巻きタバコ
distanc,距離
embaras,当惑
kamarad,仲間
kaserol,[料]シチュー鍋
komitat,(実行)委員会
kongres,大会
kvadrat,[数]正方形
magazen,倉庫
pasport,旅券
politik,政治
registr,登録簿
ter/pom##,[植]ジャガイモ
akcident,事故
aŭtobus,バス
aŭtomat,自動装置
ĉokolad,チョコレート
direktor,管理者
instinkt,本能
karakter,性格
kaŭĉuk,[化]弾性ゴム
material,材料
standard,その・あの~(個別)
telegraf,電信機
restoraci,レストラン
ark,弓形
baz,基礎
beb,赤ん坊
bub,いたずらっ子
bud,仮小屋
fel,毛皮
hok,鉤
huf,ひづめ
jur,[法]法
kas,金庫
kin,映画
kom,コンマ
kot,泥
lup,[動]狼
mam,[解]乳房
map,地図
min,鉱山
mus,ハツカネズミ
net,清書
nod,結び目
orf,孤児
ort,[数]直角
pat,フライパン
pil,[理]電池
pir,[果]ナシ
pup,人形
rat,ネズミ
rip,ろっ骨
rob,ローブ
tip,典型
ton,[楽]楽音
urs,[動]クマ
var,[商]商品
vel,[海]帆
vit,ブドウの木
abel,[虫]ミツバチ
aŭt,自動車
bluz,[服]ブラウス
boat,ボート
brov,眉
cerb,頭脳
ĉek,小切手
ĉen,鎖
disk,円盤
dram,戯曲
drap,[織]ラシャ
duŝ,シャワー
ezok,カワカマス
farb,絵具
febr,[病]高熱
fend,割れ目
foir,定期市
fost,[建]柱
frag,オランダイチゴ
fulg,煤
funt,[単]ポンド
gant,手袋
geni,天才
glor,栄光
golf,湾
hajl,雹
hero,英雄
kemi,化学
kord,[楽]弦
kork,コルク
krad,[建]格子
kran,[機]コック
kret,白墨
kriz,危機
kron,冠
kugl,弾丸
kupr,[化]銅
lift,エレベータ
list,一覧表
mast,[海]マスト
nadl,[機]針
nerv,[解]神経
oliv,[果]オリーブ
park,公園
pasi,情熱
pask,[宗]復活祭
pelt,[服]毛皮
plet,盆
poem,詩
proz,散文
pulm,[解]肺
pulv,火薬
rang,地位
revu,専門雑誌
ritm,[楽]リズム
seks,性
sens,[生]感覚
silk,絹
simi,[動]サル
sojl,[建]敷居
stil,文体
stri,筋
ŝel,殻
tend,テント
verb,[文]動詞
verg,細枝
vert,[解]頭頂
vidv,男やもめ
virt,徳
vual,[服]ベール
vulp,[動]キツネ
afiŝ,ポスター
album,アルバム
almoz,施し物
arane,[動]クモ
asoci,協会
avenu,並木道
aviad/il##,航空機
barel,たる
bazar,市場
betul,[植]白樺
brems,ブレーキ
butik,店
detal,詳細
diabl,悪魔
emoci,感動
enigm,謎
esenc,本質
faŭk,口
fizik,物理学
framb,[果]エゾイチゴ
grajn,穀粒
ĥemi,化学
ideal,理想
juvel,装身具
katen,(手;足)かせ
kitel,[服]スモック
kruĉ,水差し
krust,(パン菓子の)皮
kubut,[解]ひじ
kukol,[鳥]カッコウ
kverk,[植]カシ
lamen,薄片
marĉ,沼
metod,方法
model,模型
motor,モーター
nivel,水準
palac,宮殿
panj,ママ
penik,絵筆
pioĉ,つるはし
plumb,[鉱]鉛
poezi,詩歌
salon,サロン
saŭc,[料]ソース
sitel,バケツ
sklav,奴隷
sport,スポーツ
stamp,スタンプ
stang,棒
stump,切株
ŝtal,鋼鉄
ŝtof,反物
teatr,劇場
teori,理論
teren,地所
trajn,列車
trajt,目鼻立ち
trunk,[植]幹
venen,毒
veŝt,[服]チョッキ
abomen,嫌悪
anĝel,天使
animal,動物
apetit,食欲
apotek,薬局
benzin,ガソリン
bicikl,自転車
bombon,キャンデー
cement,セメント
ĉeriz,[果]サクランボ
desert,[料]デザート
fabrik,工場
financ,財政
funebr,喪
funkci,機能
garaĝ,ガレージ
imperi,帝国
impost,税
impres,印象
kalkan,[解]踵
kalson,[服]パンツ
kamion,トラック
kandel,ろうそく
kanzon,[楽]カンツォーネ
kastel,城
klient,顧客
kol/um##,[服]カラー
kurten,カーテン
mandat,[商]為替
mister,神秘
moskit,[虫]蚊
muskol,[解]筋肉
ombrel,傘
paĉj,パパ
parfum,芳香
patron,後援者
petrol,石油
posten,部署
pozici,位置
proces,[法]訴訟
profit,利益
proviz,(を)供給する
pulvor,粉末
recept,作り方
rekord,[遊]記録
rezerv,保留
signal,信号
sistem,体系
surfac,表面
ŝofor,運転手
tajlor,[服]仕立屋
trezor,財宝
trikot,[織]トリコット
vakcin,[薬]ワクチン
advokat,弁護士
alkohol,アルコール
ampleks,大きさ
broŝur,仮綴本
bulvard,大通り
deficit,[商]赤字
ekonomi,経済
elefant,[動]象
ĵurnal,新聞
kabinet,[政]内閣
kapital,[商]資本
koncert,[楽]コンサート
krepusk,(朝;夕の)薄明り
kvartal,市区
miliard,十億
pejzaĝ,風景
problem,問題
profesi,職業
simpati,共感
student,学生
ŝraŭb,[機]ねじ
tempest,暴風雨
traktor,トラクター
tri/angul##,[数]三角形
trotuar,歩道
adjektiv,[文]形容詞
dekoraci,装飾
ekvilibr,平衡
esperant,エスペラント
hospital,病院
intelekt,知性
kalendar,カレンダー
kilometr,[単]キロメートル
komision,(調査)委員会
meĥanik,力学
milimetr,[単]ミリメートル
original,原作
pretekst,口実
struktur,構造
telegram,電報
tribunal,[法]裁判所
bibliotek,図書館
fundament,基礎
inĝenier,技師
konferenc,会議
konscienc,良心
literatur,文学
meĥanism,メカニズム
rekompenc,報酬
respublik,[政]共和国
sekretari,書記
apartament,アパートメント
aŭtomobil,自動車
aŭtoritat,権威
instrument,器具
medikament,医薬
temperatur,温度
cirkonstanc,周囲の事情
eksperiment,実験
mal/varm/um##,[病]風邪
ajl,ニンニク
akn,吹出物
aks,軸
akt,[劇]幕
ale,並木道
alg,[植]藻類
apr,イノシシ
azi,アジア
bal,舞踏会
bet,ビート
buk,バックル
cep,玉ネギ
cir,靴墨
dot,持参金
eĥ,反響
fab,ソラマメ
fac,[理]面
fag,[植]ブナ
fig,イチジク
gal,[生]胆汁
gru,[鳥]ツル
gum,ゴム
hal,ホール
jug,くびき
kal,[病]たこ
kaz,[文]格
kub,立方体
lad,ブリキ板
lak,ラッカー
lap,ゴボウ
lin,[植]亜麻
lot,くじ
luk,[建]天窓
mas,かたまり
mat,マット
nuk,うなじ
pap,[宗]法王
pav,[鳥]孔雀
pig,カササギ
pus,[病]膿
ran,カエル
ren,[解]腎臓
rib,スグリ
rim,[詩]韻
rol,[劇]役割
ros,露
sag,矢
sin,自身を
ski,スキー
sof,ソファー
tig,[植]茎
tuf,束
tun,[単]トン
vip,鞭
akci,[商]株式
atom,原子
aven,カラスムギ
bant,飾り結び
bark,小舟
bask,すそ
bend,ひも
blok,塊
bors,株式取引所
bovl,[料]ボウル
brid,馬ろく
brut,家畜
bukl,巻き毛
bulb,[植]玉ねぎ
bulk,ロールパン
cerv,[動]鹿
cign,[鳥]白鳥
ĉel,細胞
dand,伊達男
diet,[医]規定食
dorn,トゲ
etap,行程
etat,明細書
feĉ,澱(おり)
felt,[織]フェルト
frak,[服]燕尾服
fraz,文
fung,[植]キノコ
garb,束
gent,民族
glav,刀
gobi,[魚]カマツカ
gram,[単]グラム
greg,家畜の群れ
grip,インフルエンザ
grot,洞穴
gudr,[化]タール
ĝib,こぶ
heĝ,生け垣
himn,[宗]賛美歌
ĥor,合唱
kaĉ,[料]かゆ
kaĝ,鳥かご
kaka,ココア
kakt,[植]サボテン
karn,肉体
karp,[魚]鯉
kejl,木釘
kern,核
klub,クラブ
korv,[鳥]カラス
kosm,[天]宇宙
kult,[宗]礼拝
laĉ,ひも
lard,[料]ラード
larv,[虫]幼虫
lice,リセー
likv,[理]液体
lili,[植]ユリ
maiz,トウモロコシ
malv,ゼニアオイ
mens,精神
menu,メニュー
miel,蜂蜜
musk,[植]コケ
muze,博物館
nuks,[果]クルミ
oper,[劇]オペラ
oval,[数]卵形線
palm,[植]ヤシ
palt,[服]オーバー
pane,故障
perl,真珠
pian,[楽]ピアノ
pice,[植]トウヒ
pipr,[料]こしょう
plag,天罰
prun,[果]スモモ
pudr,白粉
punt,[織]レース
raci,理性
rent,賃貸料
ruin,廃墟
rust,さび
situ,(地理的)位置
sled,そり
sorg,[植]モロコシ
spik,[植]穂
spur,足跡
stan,[化]スズ
sulk,[農]うね
takt,[楽]拍子
tali,胴
tigr,[動]トラ
tort,[料]タルト
tram,市街電車
trup,一座
vaks,ワックス
vejn,[解]静脈
vesp,スズメバチ
vind,おむつ
zink,[化]亜鉛
afrik,[地名]アフリカ
agent,代理人
akord,一致
akrid,[虫]イナゴ
aktor,俳優
alarm,警報
ampol,[薬]アンプル
angil,[魚]ウナギ
anser,[鳥]ガチョウ
artik,[解]関節
bacil,[医]バチルス
bambu,[植]竹
banan,バナナ
brand,ブランデー
bronz,[化]青銅
buked,花束
cigar,葉巻
cikad,[虫]セミ
cinam,[料]肉桂
cindr,灰
cirkl,[数]円
civit,都市(国家)
ĉerk,棺
debet,[商]負債
diant,カーネーション
dogan,関税
efekt,感銘
ekran,スクリーン
emajl,エナメル
event,事件
fabel,童話
fasad,[建]ファサード
fason,[服]仕立て
fluid,流体
fotel,肘掛け椅子
front,正面
funel,じょうご
ĝerm,[生]胚
hepat,[解]肝臓
horde,[植]オオムギ
infer,[宗]地獄
ironi,皮肉
kaban,小屋
kahel,タイル
kajut,船室
kamel,[動]ラクダ
kanal,運河
kankr,[動]ザリガニ
karaf,[料]水差し
kokos,[果]やしの実
krani,頭蓋
krest,[動]とさか
kukum,[植]キュウリ
kupon,クーポン券
kusen,クッション
latun,[化]真ちゅう
laŭb,園亭
lekci,講義
lesiv,灰汁(あく)
limak,[動]ナメクジ
logik,論理
lotus,[植]ハス
melon,[果]メロン
moral,道徳
muzel,(動物の)鼻づら
nilon,[化]ナイロン
ocean,[地]大洋
palat,[解]口蓋
palis,杭
papag,[鳥]オウム
paser,[鳥]スズメ
pensi,年金
peron,階段
pilot,パイロット
pland,足の裏
plast,プラスチック
porci,分け前
princ,王子
pupil,[解]ひとみ
rabat,[商]割引
rafan,[植]大根
raŭp,[虫]幼虫
resum,要約
rimen,皮ひも
roman,長編小説
salat,[料]サラダ
salik,[植]ヤナギ
satir,諷刺(詩;文)
sciur,[動]リス
sekal,[植]ライ麦
sekci,部
senat,[政]参議院
split,薄片
spong,海綿
stadi,段階
statu,立像
sterk,[農]肥料
strig,[鳥]フクロウ
strut,[鳥]ダチョウ
ŝink,[料]ハム
ŝtip,木片
tapet,壁紙
tarif,関税表
tegol,屋根がわら
tekst,本文
teras,[建]テラス
tomat,[植]トマト
tuber,こぶ
tunel,トンネル
velur,[織]ビロード
veruk,いぼ
vezik,[解]嚢胞
volum,(書籍などの)巻
adverb,[文]副詞
akcent,[文]アクセント
alaŭd,[鳥]ヒバリ
amator,アマチュア
amerik,[地名]アメリカ
arteri,[解]動脈
asfalt,アスファルト
aŭtor,作者
barbir,理容師
buĝet,予算
bulten,会報
cikatr,傷跡
cikoni,[鳥]コウノトリ
cirkel,コンパス
daktil,[果]なつめやし
dialog,対話
ego/ist##,エゴイスト
eklezi,[宗]教会
emerit,定年退職者
eŭrop,ヨーロッパ
fajenc,陶土
fazeol,[植]インゲンマメ
fontan,噴水
formik,[虫]蟻
formul,書式
fripon,ペテン師
furaĝ,まぐさ
galoŝ,オーバーシューズ
gvardi,[軍]親衛隊
ĝemel,双子
hangar,[空]格納庫
haring,[魚]ニシン
hazard,偶然
hektar,[単]ヘクタール
herold,[軍]伝令使
higien,衛生
impuls,衝撃
insign,記章
intest,[解]腸
jubile,記念祭
karton,厚紙
kasked,(ひさしつき)帽子
kavern,ほら穴
kirurg,外科医
klimat,気候
klinik,[医]臨床
kolegi,[学]カレッジ
kolomb,[鳥]ハト
kolumn,[印](縦の)欄
komedi,喜劇
konsul,領事
konval,[植]スズラン
kornik,[鳥]コガラス
kostum,服装
kredit,[商]信用
kukurb,[植]カボチャ
kunikl,[動]イエウサギ
kurent,[理]電流
lacert,[動]トカゲ
licenc,[商]認可
maleol,[解]くるぶし
materi,物質
mirtel,[果]ミルツ
monstr,怪物
oficir,[軍]士官
orator,弁士
papili,[虫]チョウ
pendol,振子
period,[理]周期
persik,[果]モモ
pionir,開拓者
planed,[天]惑星
platan,[植]プラタナス
plural,[文]複数
profet,[宗]預言者
prolet,プロレタリア
pronom,[文]代名詞
reakci,反動
reĝim,[政]政体
rivolu,[機]回転
ruband,リボン
skorpi,[動]サソリ
spinac,[植]ホウレンソウ
stamen,[植]おしべ
statur,身長
surtut,外套
ŝakal,[動]ジャッカル
ŝaŭm,泡
teknik,技術
testud,[動]カメ
torent,急流
trafik,交通
tumult,騒動
turism,観光
turist,観光客
vertic,[数]頂点
viktim,[宗]いけにえ
violon,[楽]バイオリン
vulkan,[地]火山
vultur,[鳥]ハゲタカ
abrikot,[果]アンズ
akademi,学士院
alfabet,[文]アルファベット
alumini,[化]アルミニウム
ambasad,大使館
anekdot,逸話
apertur,開口部
apostol,使徒
asemble,総会
bagatel,つまらない事
bakteri,[生]バクテリア
bandaĝ,包帯
bifstek,ビフテキ
budĝet,予算
burĝon,芽
central,中央施設
cirkvit,[電]回路
ĉar/um##,手押車
dimensi,[数]次元
ekvator,赤道
element,要素
epidemi,[病]流行性伝染病
fantazi,幻想
fenomen,現象
gelaten,[化]ゼラチン
general,[軍]将軍
girland,花輪
harmoni,調和
instanc,[法]審級
invalid,廃疾者
kaldron,大釜
kaŝtan,[果]クリ
katalog,カタログ
kirurgi,[医]外科学
kolonel,[軍]陸軍大佐
komisar,[政]委員
kompani,会社
koncept,概念
konkord,和合
konkurs,競技
koridor,廊下
kristal,[鉱]水晶
lantern,ランタン
latitud,[地]緯度
medicin,医学
mineral,鉱物
minimum,最小
ministr,大臣
obstakl,障害物
orkestr,[楽]オーケストラ
pacifik,[地名]太平洋
palpebr,まぶた
pantofl,スリッパ
paradiz,[宗]天国
paralel,[数]平行線
plastik,造形術
portret,肖像画
princip,原則
program,プログラム
projekt,企画
proverb,諺
provinc,州
rendevu,会合の約束
sin/ten##,態度
situaci,事態
stadion,スタジアム
subjekt,主題
teĥnik,技術
tendenc,傾向
tinktur,染料
tradici,伝統
tragedi,悲劇
traktat,[政]条約
trumpet,[楽]トランペット
uniform,制服
vegetal,植物
viadukt,陸橋
volumen,[数]体積
zoologi,動物学
atlantik,[地名]大西洋
avantaĝ,有利な立場
bracelet,腕輪
cirkuler,回覧状
dokument,文書
federaci,連合
generaci,世代
geografi,地理学
gramatik,文法
ĝendarm,[軍]憲兵
horizont,水平線
individu,個人
kandidat,候補者
karnaval,カーニバル
kategori,カテゴリー
komun/um##,自治体
krokodil,[動](アフリカ産の)ワニ
longitud,[地]経度
maksimum,最大
marmelad,[料]ママレード
monument,記念碑
paraŝut,[空]パラシュート
pasaĝer,乗客
pland/um##,靴底
porcelan,磁器
procent,パーセント
profesor,教授(人)
radiator,[機]ラジエータ
regiment,[軍]連隊
rekt/angul##,[数]直角→長方形ミスでは?
sandviĉ,[料]サンドイッチ
sindikat,労働組合
singular,[文]単数
specimen,見本
spektakl,見せ物
substanc,[理]物質
teritori,[政]領土
vertikal,[数]鉛直
ambasador,大使
aŭstrali,[地名]オーストラリア
centimetr,[単]センチメートル
ekspozici,展覧会
inspektor,査察官
kalkan/um##,(靴の)かかと
konfidenc,打ち明け話
lokomotiv,[鉄]機関車
matematik,数学
metalurgi,冶金学
ministeri,(政府の)省
najtingal,[鳥]ナイチンゲール
ortografi,[文]正書法
parlament,国会
proletari,プロレタリア
propozici,[文]文
psikologi,心理学
suplement,補足
termometr,温度計
elektronik,電子工学
helikopter,[空]ヘリコプター
horizontal,水平
komplement,[文]補語
konsekvenc,帰結
konstituci,[法]憲法
laboratori,研究室
leŭtenant,[軍]中尉
mediterane,[地名]地中海
substantiv,[文]名詞
universitat,大学
s-ro##,~さん
s-ino##,~さん
sinjor/in##,淑女
alk,オオシカ
aln,ハンノキ
ann,アンナ
bed,苗床
boa,[動]ボア
buf,ヒキガエル
cim,なんきん虫
col,インチ
dam,貴婦人
dig,堤防
duk,公爵
fav,[病]黄癬
fok,アザラシ
fut,フィート
gad,[魚]タラ
gam,[楽]音階
gri,挽割り麦
guf,ワシミミズク
huz,チョウザメ
kan,[植]アシ
ken,樹脂材
ker,ハート
kil,[海]竜骨
kuf,[服]頭巾
kul,[虫]蚊
kup,吸い玉
laf,[地]溶岩
lir,[楽]リラ
lod,半オンス
lol,ドクムギ
mac,種無しパン
mel,アナグマ
mes,[宗]ミサ
mev,カモメ
muf,[服]マフ
muk,[生]粘液
mul,[動]ラバ
nap,カブラ
peg,キツツキ
pol,ポーランド
pul,[動]ノミ
rap,カブラ
rif,[海]岩礁
rod,停泊地
rot,[軍]中隊
rub,瓦礫
rum,ラム酒
rus,ロシア
seb,獣脂
sel,鞍
tez,命題
tul,チュール
ulm,[植]ニレ
uln,[解]尺骨
unc,オンス
urn,壷
vil,絨毛
abat,修道院長
acer,[植]カエデ
akar,[虫]ダニ
alte,タチアオイ
alun,ミョウバン
amel,デンプン糊
anas,[鳥]アヒル
angl,イギリス
aniz,[果]アニス
ankr,錨
arĉ,[楽]弓
arde,[鳥]アオサギ
aren,闘技場
atut,切り札
avel,[果]ハシバミ
aviz,通知
azot,[化]窒素
bast,[植]じん皮
bert,ベルタ
blat,ゴキブリ
bram,[魚]ブリーム
bran,[農]ふすま
burd,マルハナバチ
cedr,[植]西洋スギ
citr,[楽]チター
ĉam,カモシカ
ĉan,撃鉄
dogm,[宗]教条
drak,竜
drog,生薬
ebon,黒たん(材)
eter,[化]エーテル
fabl,寓話
falk,[鳥]ハヤブサ
fibr,繊維
flan,[菓]フラン
flok,片
flut,[楽]フルート
fraj,[生]卵塊
ftiz,[病]肺結核
gajl,[植]五倍子
gips,石膏
glan,[植]ドングリ
glim,[鉱]雲母
graf,伯爵
gril,[虫]コオロギ
gros,グースベリー
gurd,手回しオルガン
ibis,[鳥]トキ
idol,[宗]偶像
kalk,[化]石灰
kand,氷砂糖
kard,ヒレアザミ
karo,ダイヤ
kask,ヘルメット
kaze,[化]凝乳
kegl,九柱戯の柱
klap,[機]弁
klav,キー
kluz,水門
kojn,くさび
koks,[解]腰
konk,[動]貝殻
kren,セイヨウワサビ
krep,[織]クレープ
krop,[鳥]そ嚢
krup,[病]クループ
lake,従僕
laks,[病]下痢
legi,[史]軍団
lent,レンズマメ
lepr,[病]癩病
lian,[植]つる植物
lien,[解]脾臓
link,オオヤマネコ
liut,[楽]リュート
lojt,カワメンタイ
lorn,望遠鏡
lumb,[解]腰
lutr,[動]カワウソ
magi,魔術
mana,[宗]マナ
mari,マリア
mask,仮面
maŝ,編目
meĉ,灯心
mejl,[単]マイル
ment,[植]ハッカ
merl,クロウタドリ
mesi,[宗]メシア
mili,[植]キビ
mirh,[植]ミルラ
mirt,[植]ミルタ
misi,使命
mops,[動]チン
most,ブドウ液
niĉ,壁がん
omar,ウミザリガニ
opal,[鉱]オパール
ostr,[貝]カキ
paru,シジュウガラ
peĉ,ピッチ
pelv,たらい
perk,[魚]ペルカ
pest,[病]ペスト
petr,ペテロ
pini,マツカサマツ
pips,[鳥]舌病
plik,[病]糾髪病
plot,[魚]ウグイ
popl,ハコヤナギ
pram,渡し船
sakr,[解]仙骨
salm,[魚]サケ
sepi,[動]イカ
sofi,ソフィア
sorp,ナナカマド
spat,[鉱]デイ石
spin,[解]脊柱
stab,[軍]幕僚
step,[地]ステップ
stip,[植]ハネガヤ
stof,[単]シュトフ
stup,麻くず
ŝak,チェス
ŝal,ショール
ŝam,セーム皮
taft,[織]タフタ
talp,[動]モグラ
tetr,クロライチョウ
tibi,[解]頚骨
tili,ボダイジュ
tine,[虫]衣魚
torf,[鉱]泥炭
trab,[建]はり
tref,クラブ
tril,[楽]トリル
trip,はらわた
trog,飼い葉桶
tron,玉座
truf,フランス松露
trul,(左官用)こて
trut,[魚]マス
turd,[鳥]ツグミ
turk,トルコ人
turt,[鳥]キジバト
uter,[解]子宮
ŭat,ワット
vafl,[料]ワッフル
vals,[楽]ワルツ
vekt,天秤棒
zebr,[動]シマウマ
altar,祭壇
ambos,鉄床
anton,アントン
ardez,[鉱]粘板岩
argil,粘土
aspid,エジプトコブラ
balen,クジラ
barĉ,[料]ボルシチ
boben,コイル
brank,鰓
bubal,[動]水牛
bufed,ビュッフェ
cejan,ヤグルマギク
dativ,[文]与格
datur,チョウセンアサガオ
demon,悪霊
denar,デナリウス銀貨
deviz,座右の銘
domen,ドミノ
embri,胎児
emili,エミリア
ermen,[動]エゾイタチ
ermit,隠者
facet,切子面
fazan,[鳥]キジ
femur,[解]大腿
filik,[植]シダ
flegm,冷静
fokus,[理]焦点
franc,フランス
frank,[貨]フラン
fring,[鳥]アトリ
galon,[服]モール
gazel,[動]ガゼル
genot,[動]ジェネット
georg,ゲオルグ
gitar,[楽]ギター
gland,[解]腺
groŝ,グロシェン
hebre,ヘブライ
heder,[植]キヅタ
herez,[宗]異端
herni,[病]ヘルニア
hirud,[動]ヒル
hosti,聖餐式のパン
husar,[軍]軽騎兵
ĥaos,混沌
idili,[詩]牧歌
johan,[男子名]ヨハン
jozef,[男子名]ヨセフ
kalik,[宗]聖杯
kambi,[商]為替手形
kamer,カメラ
kanab,[植]麻
kanap,長椅子
kapel,[宗]チャペル
kapon,去勢オンドリ
kapor,フウチョウボク
kapot,頭巾付き外套
karas,[魚]フナ
karob,[果]イナゴマメ
katun,[織]綿布
kerub,[宗]ケルビム
kiras,[軍]装甲
klaft,[単]尋(ひろ)
kloŝ,鐘形ガラス器
koaks,コークス
koleg,同僚
kolon,[建]円柱
komiz,店員
komod,たんす
konus,[数]円錐
kopek,[貨]コペイカ
koran,[宗]コーラン
kramp,かすがい
kring,[料]クリンゲル
krisp,[服]ひだ飾り
krist,[宗]キリスト
kupol,[建]円天井
kvarc,[鉱]石英
kvart,[楽]四度音程
lanug,うぶ毛
laŭr,[植]月桂樹
libel,[虫]トンボ
liken,[植]地衣
livre,制服
loĝi,[劇]桟敷
lupol,[植]ホップ
lustr,シャンデリア
luter,[人名]ルーテル
medal,メダル
meriz,野生のサクランボ
moned,コクマルガラス
morus,[果]桑の実
moŝt,(尊称)閣下
negoc,[商]取引
nobel,貴族
novic,[宗]修練士
nuanc,ニュアンス
oblat,[薬]オブラート
okzal,[植]スイバ
orden,勲章
orgen,パイプオルガン
paĝi,[史]小姓
papav,[植]ケシ
pariz,[地名]パリ
paŭl,パウロ
pavim,[建]舗装材
pedik,[虫]シラミ
perĉ,[魚]アセリナ
piked,[軍]小哨
pilol,[薬]錠剤
pirit,[鉱]黄鉄鉱
pirol,[鳥]ウソ
piroz,[病]胸やけ
piŝt,[機]ピストン
pluŝ,[織]フラシ天
poent,得点
pokal,さかずき
polus,[理]極
potas,[化]灰汁(あく)
prujn,霜
pudel,[動]ムクイヌ
pumik,軽石
punĉ,[料]ポンス
putor,[動]ニオイネコ
raben,[宗]ラビ
rapir,[史]長剣
regol,キクイタダキ
rezin,[化]樹脂
rostr,(象の)鼻
ruben,[鉱]ルビー
safir,[鉱]サファイア
salvi,[植]サルビア
sigel,封印
silab,[文]音節
silik,[鉱]ケイ石
silur,[魚]ナマズ
silvi,[鳥]シルビア
sirop,シロップ
skabi,[病]かいせん
skadr,[軍]騎兵中隊
skarp,[服]スカーフ
skvam,[動]うろこ
sorik,トガリネズミ
spion,スパイ
spron,拍車
stabl,[機]仕事台
sturg,[魚]チョウザメ
sturn,[鳥]ムクドリ
ŝalm,[楽]あし笛
ŝark,[魚]サメ
ŝelk,ズボンつり
ŝild,[軍]盾(たて)
ŝind,[建]こけら板
ŝlim,泥
taban,[虫]アブ
tavol,層
tempi,こめかみ
tetan,[病]破傷風
tetra,エゾライチョウ
timon,かじ棒
topaz,[鉱]トパーズ
torĉ,たいまつ
tromb,[気]たつまき
tulip,チューリップ
ulcer,[病]潰瘍
urtik,[植]イラクサ
vanil,[植]バニラ
vasal,[史]家臣
velen,子牛皮紙
verst,[単]ベルスタ
vezir,[史]大臣
vipur,[動]マムシ
vokal,[文]母音
zenit,[天]天頂
zibel,[動]黒テン
zizel,[動]ジゼル
absces,[病]膿瘍
absint,[植]ニガヨモギ
alcion,[鳥]カワセミ
amfibi,両生動物
ananas,[果]パイナップル
artrit,[病]関節炎
atripl,[植]ハマアカザ
berlin,[地名]ベルリン
bismut,[化]ビスマス
boraks,[化]ほう砂
buljon,[料]ブイヨン
bulonj,[地名]ブーロニュ
buŝel,[単]ブッシェル
centim,[貨]サンチーム
cikori,[植]キクヂシャ
cimbal,[楽]シンバル
cinabr,[鉱]シン砂
cipres,[植]イトスギ
ĉarpi,[医]リント布
damask,[織]ダマスク
delfen,[動]イルカ
didelf,[動]フクロネズミ
embusk,[軍]待ち伏せ
epolet,[軍]肩章
erinac,[動]ハリネズミ
ernest,[男子名]エルネスト
eskadr,[軍]艦隊
faktur,仕切書
falbal,[服]ひだ飾り
fantom,幽霊
faring,[解]咽頭
fenkol,[植]ウイキョウ
ferdek,[海]甲板
fistul,[病]瘻孔
flanel,[織]フランネル
fosfor,[化]リン
franĝ,[服]房飾り
furunk,[病]ねぶと
fusten,[織]ファスチアン
galeri,回廊
gamaŝ,[服]ゲートル
german,ドイツ
granat,[果]ザクロ
granit,[鉱]花コウ岩
grenad,[軍]リュウ弾
grifel,石筆
ĝiraf,[動]キリン
haladz,悪気
hamstr,[動]ハムスター
hispan,スペイン
ĥimer,[神]キメラ
ĥoler,[病]コレラ
ingven,[解]鼠径
izrael,[男子名]イスラエル
jasmen,[植]ジャスミン
kaleŝ,四輪馬車
kalvin,[人名]カルビン
kamfor,[化]ショウノウ
kamlot,[織]呉絽(ごろ)
kanajl,ごろつき
kanari,[鳥]カナリヤ
kantor,[宗]聖歌隊員
kanvas,キャンバス
kapsul,カプセル
kapuĉ,[服]ずきん
kardel,[鳥]ゴシキヒワ
karmin,[化]カルミン
karpen,[植]イヌシデ
kastor,[動]ビーバー
kaviar,[料]キャビア
kobalt,[化]コバルト
kobold,(いたずらな)妖精
kolbas,[料]ソーセージ
kolibr,[鳥]ハチスズメ
kolimb,[鳥]アビ
kolubr,[動]コルブラ
komuni,聖餐式
kontor,事務室
kontur,輪郭
kornic,[建]軒蛇腹
korpus,[軍]軍団
koturn,[鳥]ウズラ
kraken,[料]クラッカー
kratag,[植]サンザシ
krater,[地]噴火口
kronik,年代記
kurier,急使
lampir,[虫]ホタル
laring,[解]喉頭
lavang,なだれ
legend,伝説
lekant,[植]マーガレット
lentug,(皮膚の)そばかす
levkoj,[植]アラセイトウ
likvor,リキュール(酒)
litani,[宗]連祷(れんとう)
london,[地名]ロンドン
magnet,[理]磁石
makzel,[解]顎(あご)
mangan,[化]マンガン
markot,[園]取木
marmor,[鉱]大理石
marmot,[動]マーモット
mastik,[建]パテ
migdal,[果]アーモンド
miogal,[動]ジャコウネズミ
miozot,[植]ワスレナグサ
monaĥ,[宗]修道士
morbil,[病]はしか
morter,[建]モルタル
muskat,[植]ニクズク(実)
muslin,[織]モスリン
mustel,[動]イタチ
nanken,[織]ナンキンもめん
narcis,[植]スイセン
nikola,[男子名]ニコラウス
notari,[法]公証人
orakol,[宗]神託
paletr,[美]パレット
panter,[動]ヒョウ
parget,[建]寄木張り
paroĥ,[宗]教区
parter,[劇]平土間
pastel,[菓]ドロップ
patent,特許
patrol,[軍]巡察隊
pfenig,[貨]ペニヒ
pistak,[果]ピスタチオ
pistol,ピストル
plastr,[薬]膏薬
platen,[化]白金
ponard,(両刃の)短剣
porfir,[鉱]斑岩
porter,[料]ポーター
primol,[植]サクラソウ
prunel,[果]リンボクの実
purpur,紫色
rekrut,[軍]新兵
rempar,[軍]城壁
risort,ばね
rosmar,[動]セイウチ
rozari,[宗]数珠
rubrik,[印]見出し
safran,[植]サフラン
sambuk,[植]ニワトコ
sankci,[政]裁可
sardel,[料]塩アンチョービ
sceptr,王杖
selakt,[化]乳精
servic,[料]食器セット
servut,[史]夫役
siring,[植]ライラック
skapol,[解]肩甲骨
skarab,[虫]カブト虫
skolop,[鳥]シギ
skurĝ,むち
sofism,詭弁
sopran,[楽]ソプラノ
spalir,[農]果樹垣根
stefan,[男子名]ステファン
sufiks,[文]接尾辞
sukcen,[鉱]コハク
sulfur,[鉱]硫黄
talent,才能
tambur,[楽]ドラム
tenden,[解]腱(けん)
teodor,[男子名]テオドル
termin,専門用語
testik,[解]睾丸
timian,イブキジャコウソウ
tombak,[化]人造金
traĥe,[解]気管
tremol,[植]ハコヤナギ
tribun,演壇
tropik,[地]回帰線
turban,[服]ターバン
turkis,[鉱]トルコ玉
turnir,[遊]トーナメント
urogal,[鳥]オオライチョウ
variol,[病]天然痘
viburn,[植]ガマズミ
vikari,[宗]助任司祭
vinagr,[料]酢
vizier,(帽子の)ひさし
volupt,官能
ablativ,[文]奪格
antimon,[化]アンチモン
arleken,道化者
arsenik,[化]亜ヒ酸
artifik,術策
asparag,[植]アスパラガス
bajonet,銃剣
bastion,[軍]稜堡
beladon,[植]ベラドンナ
biskvit,ビスケット
ĉampan,シャンペン
ĉarnir,ちょうつがい
diamant,[鉱]ダイアモンド
episkop,[宗]司教
eŝafod,死刑台
fraksen,[植]トネリコ
frangol,[植]クロウメモドキ
fringel,[鳥]マヒワ
genitiv,[文]属格
henriet,[女子名]ヘンリエッタ
hidrarg,[化]水銀
hiskiam,[植]ヒヨス
histrik,[動]ヤマアラシ
jugland,[果]クルミ
juniper,[植]ネズ
kalikot,[織]キャラコ
kamizol,[服]キャミソール
kamomil,[植]カミツレ
kapitan,[海]船長
kapitel,[建]柱頭
kapreol,[動]ノロ
kapucen,[宗]カプチン会修道士
karaben,[軍]カービン銃
kartoĉ,[軍]薬包
karusel,回転木馬
kavalir,[史]騎士
klarnet,[楽]クラリネット
klister,[医]浣腸
kokluŝ,[病]百日咳
kolofon,[化]ロジン
kompres,[医]湿布
kurator,[法]管財人
kvitanc,[商]領収書
leontod,[植]タンポポ
leopard,[動]
limonad,[料]レモネード
lonicer,[植]スイカズラ
ludovik,[男子名]ルドビク
lunatik,精神病者
maroken,モロッコ皮
marŝal,[軍]元帥
meleagr,[鳥]七面鳥
membran,[解]膜
miĥael,[男子名]ミカエル
monarĥ,君主
mustard,[料]マスタード
negliĝ,[服]ネグリジェ
nikodem,[男子名]ニコデモ
novjork,[地名]ニューヨーク
oksigen,[化]酸素
oksikok,[植]ツルコケモモ
parazit,[生]寄生生物
pasteĉ,[料](肉;魚の)パイ
pelikan,[鳥]ペリカン
perdrik,[鳥]シャコ
poligon,[数]多角形
prefiks,[文]接頭辞
redakci,編集部
rinocer,[動]サイ
salpetr,[化]硝石
sentenc,格言
skarlat,緋色
skorbut,[病]壊血病
skrofol,[病]るいれき
smerald,[鉱]エメラルド
sterled,[魚]コチョウザメ
stertor,あえぎ
ŝiller,[人名]シラー
umbilik,[解]ヘそ
univers,宇宙
varsovi,[地名]ワルシャワ
verdigr,[化]緑青
vertebr,[解]脊椎
vespert,[動]コウモリ
vestibl,[建]玄関
vilhelm,[男子名]ウィルヘルム
virtuoz,名人
vitriol,[化]硫酸塩
zingibr,[植]ショウガ
akcipitr,[鳥]タカ
akuzativ,[文]対格
argument,論証
arĥaism,[文]古語
artiŝok,[植]チョウセンアザミ
baldaken,天蓋
briliant,[鉱]ブリリアント
diplomat,外交官
distrikt,[政]地区
elizabet,[女子名]エリザベス
fragment,断片
framason,[宗]フリーメーソン会員
frugileg,[鳥]ミヤマガラス
hidrogen,[化]水素
hortulan,[鳥]アオジ
institut,研究所
kantarid,[虫]ハンミョウ
kariofil,[料]チョウジ
kartilag,[解]軟骨
katarakt,[病]白内障
koĉenil,[化]コチニール
kokcinel,[虫]ナナホシテントウムシ
konvulsi,[病]ひきつけ
leksikon,用語事典
marcipan,[菓]マジパン
medalion,大メダル
monarĥi,君主政治
obstrukc,(通路の)妨害
paradoks,逆説
parentez,[印]かっこ
particip,[文]分詞
pasament,モール
pastinak,[植]アメリカボウフウ
pergamen,羊皮紙
peritone,[解]腹膜
perlamot,[貝]真珠層
petromiz,[魚]ヤツメウナギ
petrosel,[植]パセリ
ranunkol,[植]キンポウゲ
redaktor,編集者
rezultat,結果
rosmaren,[植]マンネンロウ
serĝent,[軍]軍曹
sublimat,[化]昇コウ
taĉment,[軍]分遣隊
terebint,[化]テレビン
tornistr,ランドセル
zamenhof,[人名]ザメンホフ
aleksandr,[男子名]アレキサンダー
anunciaci,[キ]受胎告知
balustrad,手すり
ĉambelan,侍従
ĉarlatan,大道薬売り
deklinaci,[文]格変化
diplomati,外交
ekscelenc,(敬称)閣下
ekzempler,一冊
entuziasm,熱狂
fortepian,[楽]グランドピアノ
galanteri,化粧道具
iĥtiokol,[化]魚膠(にべ)
instituci,施設
instrukci,指令
kancelari,[政]官房
kancelier,大法官
kataplasm,[医]あん法
kondolenc,哀悼
konjugaci,[文]動詞活用
konjunkci,[文]接続詞
konsonant,[文]子音
korporaci,[法]社団法人
kvaranten,[海]検疫停船
nominativ,主格
pentekost,[宗]聖霊降臨祭
piedestal,[建]台座
prepozici,[文]前置詞
privilegi,特権
promontor,[地]みさき
salamandr,[動]サンショウウオ
testament,[法]遺言
vermiĉel,[料]バーミセリ
interjekci,[文]間投詞
superstiĉ,迷信
vaŝington,[人名]ワシントン
violonĉel,[楽]チェロ
arĥitektur,建築術
interpunkci,[文]句読法
jork,[地名]ヨーク
parok,[宗]教区
navig,航行
kaos,混沌
kimer,[神]キメラ
korus,合唱
monak,[宗]修道士
iktiokol,[化]魚膠(にべ)
ald,アルト
alo,アロエ
api,野生セロリ
ari,アリア
bas,[楽]バス
car,ツァーリ
dog,マスチフ
dok,ドック
doz,[薬]一服
ego,自我
elf,小妖精
etn,民族
faz,[理]位相
fon,背景
fuk,ヒバマタ
gaz,ガーゼ
gem,宝石
hum,腐植土
jod,ヨード
jud,ユダヤ人
kep,ケピ帽
lat,木摺り
lob,[解]葉
mim,物まね師
mit,神話
muz,詩神
nas,やな
nav,ネーブ
niz,ハイタカ
oaz,オアシス
opi,アヘン
puf,膨らみ
raj,[魚]エイ
ras,人種
ref,リーフ
rit,[宗]儀式
rut,ヘンルーダ
sod,ソーダ
tif,チフス
tog,トーガ
viz,ビザ
agat,[鉱]メノウ
aĝi,打ち歩
alen,突き針
ambr,[化]竜涎香
amor,アモル
aort,[解]大動脈
arom,芳香
astm,喘息
astr,天体
azil,非難所
bard,吟遊詩人
bomb,爆弾
bosk,植込み
brom,[化]臭素
bust,上半身
cend,[貨]セント
cidr,リンゴ酒
cirk,円形競技場
dali,[植]ダリア
dign,尊厳
duel,決闘
duet,デュエット
ebur,象牙
eden,[神]エデン
egid,アテナの盾
erik,[植]ヒース
etik,倫理学
etim,[文]原義
fars,[劇]笑劇
fili,支部
fisk,国庫
furi,復讐の女神
gnom,[神]地の精
grog,グログ(酒)
gruz,砂利
ĝin,ジン(酒)
hidr,[動]ヒドラ
hien,[動]ハイエナ
irid,[植]アヤメ
iris,[解]虹彩
istm,[地]地峡
jesu,[宗]イエス
junk,[植]イグサ
kabl,ケーブル
kali,[化]カリウム
kame,[美]カメオ
kast,カースト
klor,[化]塩素
kofr,トランク
kolz,[植]アブラナ
kont,[商]勘定口座
krab,[動]カニ
kres,オランダガラシ
kupe,(客車の)車室
laik,[宗]俗人
lama,[宗]ラマ僧
lanc,槍
lens,[理]レンズ
lord,卿
malt,モルト
mani,マニア
medi,環境
milv,[鳥]トビ
mitr,[宗]ミトラ
moru,[魚]タラ
mosk,じゃ香
mumi,ミイラ
naft,[化]ナフサ
negr,黒人
nimb,[宗]後光
norm,基準
obol,[貨]オボロス
ogiv,[建]オジーブ
orgi,バッカス祭
ozon,[化]オゾン
penc,[貨]ペンス
pleb,[史]平民階級
podi,ひな壇
polk,ポルカ(舞踊)
pomp,壮麗
pore,[植]ニラネギ
rabi,[病]狂犬病
rism,[単]連
romb,[数]ひし形
rubl,[貨]ルーブル
sabr,サーベル
sagu,[料]サゴ粉
sald,貸借差引高
salv,[軍]一斉射撃
sekt,[宗]宗派
sfer,[数]球
skem,図表
skol,学派
slip,メモ用紙
sokl,[建]台座
sold,[貨]スー
sole,シタビラメ
spad,剣
ŝah,シャー
talk,[鉱]滑石
teni,サナダムシ
tiar,[史]王冠
tink,[魚]テンチ
tors,[美]トルソ
tost,乾杯
trop,[修]比喩
turb,[遊]こま
ukaz,[史]勅命
ulan,[史]槍騎兵
uzur,[商]高利
verv,情熱
vink,ニチニチソウ
visk,[植]ヤドリギ
vist,[遊]ホイスト
vizi,幻影
zuav,アルジェリア歩兵
abism,深淵
adept,信奉者
afiks,[文]接辞
afust,[軍]砲架
agraf,[服]ホック
akaci,[植]アカシア
akciz,消費税
aksel,わきの下
albin,白子
alibi,アリバイ
aline,[印]改行字下げ
alkov,アルコーブ
amfor,アンフォラ
angin,アンギナ
angor,苦悶
anten,アンテナ
apati,無感動
apoge,[天]遠地点
arkad,[建]アーケード
arkiv,記録保管所
arnik,[植]アルニカ
atlas,地図帳
atlet,運動選手
aviad,航空
balad,[詩]バラッド
balet,バレー
barak,バラック
baron,男爵
basen,水盤
beril,[鉱]緑柱石
bibli,聖書
bigot,狂信者
biret,角帽
bitum,[化]瀝青
bivak,野営
breĉ,割れ目
broĉ,ブローチ
bronk,[解]気管支
cigan,ジプシー
cikut,[植]毒ゼリ
ĉifr,暗号
debat,討議
dekan,学部長
dilem,ジレンマ
diluv,[神]ノアの洪水
divan,長椅子
dolar,[貨]ドル
drakm,[貨]ドラクマ
dukat,[史]デュカット
edikt,勅令
eklog,[詩]牧歌
ekzem,[病]湿疹
elegi,[詩]哀歌
elips,[文]省略
elizi,[文]母音省略
emfaz,強調
epope,[詩]叙事詩
fagot,[楽]ファゴット
fakir,[宗]行者
fatal,宿命
feŭd,[史]封土
fiakr,辻馬車
fiask,大失敗
final,[劇]フィナーレ
fjord,[地]フィヨルド
forum,フォーラム
fresk,[美]フレスコ画
furor,大流行
galer,[史]ガレー(船)
galop,[馬]駆け足
garol,[鳥]カケス
goril,[動]ゴリラ
hamak,ハンモック
harem,ハーレム
harpi,ハルピュイア
helic,プロペラ
helik,[動]カタツムリ
hisop,[植]ヒソップ
hoboj,[楽]オーボエ
humer,[解]上腕骨
idiom,固有言語
idiot,[医]白痴
ileks,[植]モチノキ
iluzi,幻想
indiga,[化]インジゴ
jalap,[薬]ヤラッパ
jud/ism##,[宗]ユダヤ教
kabal,[宗]カバラ
kadet,[軍]士官候補生
kalif,[宗]カリフ
kanon,[軍]大砲
karat,[単]カラット
kazin,カジノ
kinin,[化]キニーネ
kirŝ,キルシュ(酒)
kloak,下水管
kobaj,[動]モルモット
kokon,[虫]繭(まゆ)
kolik,[病]疝痛
kolos,巨像
komet,[天]彗星
koral,[動]サンゴ
korne,[解]角膜
korol,[植]花冠
kozak,コサック
krabr,[虫]スズメバチ
kreol,クレオール
kript,[宗]地下聖堂
kulis,[劇]舞台裏
kumin,[植]クミン
kvast,ふさ飾り
kvint,[楽]五度音程
lagun,[地]潟(かた)
lapis,[化]硝石
larik,[植]カラマツ
later,[数]辺
lazur,るり色
legat,[宗]教皇特使
lirik,叙情詩
madon,[宗]聖母
major,[軍]陸軍少佐
mamut,[動]マンモス
medol,[解]髄
meduz,[動]クラゲ
melas,糖蜜
melis,[植]メリッサ草
miasm,(沼などの)毒気
mimoz,[植]ミモザ
mitul,[動]イガイ
moske,回教寺院
motiv,動機
natri,[化]ナトリウム
nikel,[化]ニッケル
nimfe,[植]スイレン
noktu,[鳥]コフクロウ
nomad,遊牧民
novel,小説
nunci,教皇特派大使
oksid,[化]酸化物
oktav,[楽]オクターブ
oniks,[鉱]シマメノウ
optik,光学
orbit,[天]軌道
oriol,コウライウグイス
ovaci,大喝采
pagod,[建]仏塔
panel,パネル
panik,恐慌
paraf,書き判
patos,[芸]パトス
pedal,[機]ペダル
pedel,小役人
peoni,[植]シャクヤク
peruk,かつら
pigme,ピグミー
pirat,海賊
pivot,[機]ピボット
polip,[動]ポリプ
polis,[商]保険契約
pomad,ポマード
prior,[宗]小修道院長
prism,[理]プリズム
psalm,[宗]聖歌
raket,ロケット
rebus,判じ絵
retin,[解]網膜
retor,[史]修辞学教師
rezed,モクセイソウ
ricin,[植]ヒマ
rokok,[美]ロココ式
rubus,[植]キイチゴ
rutin,慣例
saliv,唾液
satan,[宗]サタン
saten,[服]サテン
seraf,[宗]セラフィム
sifon,[理]サイフォン
sinap,[植]カラシナ
sinod,[宗]教会会議
siren,[神]セイレーン
skalp,戦利頭皮
skerc,[楽]スケルツォ
skism,(団体の)分裂
sonat,[楽]ソナタ
sonet,[詩]ソネット
spasm,[病]けいれん
sperm,[生]精液
splen,憂鬱(病)
stopl,[農]刈株
strof,[詩]節
sutan,[宗]スータン
ŝose,車道
ŝpat,[農]すき
taler,[貨]ターレル
tanin,[化]タンニン
tarok,[遊]タロ
teism,有神論
teist,有神論者
templ,寺院
tenor,[楽]テノール
teror,[政]テロル
tindr,ほくち
tiran,専制君主
tonel,[海]容量トン
trofe,トロフィー
trust,[商]トラスト
tunik,[服]チュニック
utopi,ユートピア
vanel,[鳥]タゲリ
vinkt,留め金
viper,[動]マムシ
viski,ウイスキー
zefir,そよ風
advent,[宗]降臨節
aksiom,[数]公理
akvari,水槽
algebr,代数学
alkemi,錬金術
ambici,野心
amulet,お守り
anagal,[植]ルリハコベ
anarki,無政府状態
anatom,解剖学者
anĉov,アンチョビー
anemon,[植]アネモネ
anilin,[化]アニリン
aplomb,落ち着き
apolog,教訓談
arbust,小低木
arĥiv,古文書
asesor,陪席判事
ateism,無神論
ateist,無神論者
aŭkci,競売
balast,バラスト
balkon,バルコニー
balzam,[化]バルサム
bandit,山賊
barbar,未開人
barier,門柵
bateri,電池
batist,[織]バチスト
bazalt,[鉱]玄武岩
beletr,美文学
bilanc,[商]貸借対照表
bilard,ビリヤード
binokl,双眼鏡
biolog,生物学者
blazon,紋章
blokad,封鎖
bordel,売春宿
braman,[宗]バラモン
brigad,[軍]旅団
buduar,女性の私室
burnus,[服]ブルヌス
celeri,[植]セロリ
cidoni,[果]マルメロ
ciklon,低気圧
ciklop,[神]キュクロプス
dekret,政令
depeŝ,急報
despot,専制君主
diabet,[病]糖尿病
diadem,王冠型髪飾り
diakon,[神]助祭
diplom,免状
divizi,[軍]師団
dragon,[史]竜騎兵
eklips,[天]食
eksces,過多
ekstaz,エクスタシー
ekvaci,[数]方程式
emblem,表徴
emulsi,乳剤
endivi,[植]キクヂシャ
epilog,[劇]エピローグ
epitet,[文]付加形容詞
epizod,エピソード
erupci,噴火
eskort,護送隊
estrad,壇
etiket,礼儀
eŭnuk,[史]宦官
ezofag,[解]食道
faktor,要因
falang,[軍]密集方陣
fanfar,[楽]ファンファーレ
feniks,不死鳥
feston,花綱
fetiĉ,[宗]物神
fleksi,[文]語尾変化
floren,[貨]フロリン
format,[印]判
frakci,[数]分数
fregat,[軍]フリゲート艦
galant,[植]ユキワリソウ
gangli,[解]神経節
genist,ヒトツバエニシダ
geolog,地質学者
gerani,[植]ゼラニウム
gigant,巨人
glazur,(陶器の)うわ薬
glikoz,[化]ブドウ糖
glukoz,[化]ブドウ糖
gondol,ゴンドラ
grafit,[鉱]黒鉛
gulden,[貨]ギルダー
harpun,[海]銛
hetman,[史]アタマン
hipnot,[医]催眠
incens,香(こう)
indeks,索引
inflam,[病]炎症
jaguar,[動]ジャガー
jezuit,[宗]イエズス会士
ĵaket,モーニングコート
kadavr,死体
kadenc,[楽]カデンツァ
kalibr,[機]口径
kameli,[植]ツバキ
kantat,[楽]カンタータ
kanton,(フランスの)郡
karbon,[化]炭素
karcer,監房
karier,職業
kariol,(二輪無蓋)軽馬車
katedr,[宗]法座
kaŭci,[商]保証金
kazern,[軍]兵営
kokard,帽章
kolodi,[化]コロジオン
koloni,植民地
kompas,[海]羅針盤
kondor,[鳥]コンドル
konjak,コニャック酒
korife,合唱隊長
kornet,[楽]コルネット
korsar,[史]私掠船
korset,[服]コルセット
korvet,[軍]コルベット
kotlet,[料]カツレツ
kursiv,[印]イタリック
laktuk,[植]レタス
lavend,[植]ラベンダ
loteri,宝くじ
lucern,つりランプ
maksim,金言
malari,[病]マラリア
marasm,[病]衰弱
markiz,侯爵
martir,[宗]殉教者
masaĝ,マッサージ
mazurk,[楽]マズルカ
medium,霊媒
melodi,[楽]旋律
mentor,(青年の)良き指導者
merkat,[商]市場
mespil,[果]西洋カリン
meteor,大気現象
metrik,韻律学
mikrob,[生]微生物
mirakl,奇跡
miriad,無数
molusk,[動]軟体動物
monark,君主
morfin,[化]モルヒネ
mozaik,モザイク
munici,[軍]弾薬
nektar,[神]ネクタル(酒)
orkide,[植]ラン
paĉul,[植]パチョリ
parodi,パロディ
pavian,[動]ヒヒ
pedant,学者ぶる人
pepsin,[化]ペプシン
petard,爆竹
piastr,[貨]ピアストル
pistil,[植]めしべ
podagr,[病]痛風
ponton,[軍]平底舟
portal,正面玄関
portik,[建]ポーチコ
prelat,[宗]高位聖職者
prelud,[楽]前奏曲
premis,前提
profan,[宗]冒涜者
profil,[美]横顔
prolog,[劇]プロローグ
puding,[料]プディング
pupitr,見台
pustul,[病]膿疱
rabarb,[植]ダイオウ
regent,[政]摂政
rektor,学長
relief,[美]浮彫り
retort,[化]レトルト
romanc,[楽]ロマンス
rotond,[建]ロタンダ
sandal,[服]サンダル
santal,[植]ビャクダン
sarong,[服]サロン(腰布)
satrap,[史]太守
sektor,[数]扇形
septet,[楽]七重奏
serajl,(トルコの)宮殿
sevrug,[魚]チョウザメ
sfinks,スフィンクス
siluet,シルエット
simbol,象徴
sinkop,[医]失神
sintez,[化]合成
skelet,[解]骨格
sofist,[史]ソフィスト
spektr,[理]スペクトル
spiral,螺旋
sponde,[詩]長長格
suflor,[劇]プロンプター
sultan,[史]サルタン
ŝalup,[海]ランチ
ŝankr,[病]下疳
ŝarad,[遊]字謎
taksus,[植]イチイ
taktik,[軍]戦術
talmud,[宗]タルムード
tamtam,[楽]タムタム
tandem,タンデム車
tapiok,[料]タピオカ
teolog,神学者
teorem,[数]定理
terapi,[医]療法
tercet,[詩]三行詩
termit,[虫]シロアリ
tonsur,[宗]剃髪
torped,[軍]魚雷
trapez,[数]台形
tribut,貢ぎ物
triumf,[史]凱旋
turbin,[機]タービン
unison,[楽]ユニゾン
uragan,大暴風
vampir,吸血鬼
verand,[建]ベランダ
vermut,ベルモット(酒)
vinjet,[印]装飾カット
zigzag,ジグザグ
zodiak,[天]黄道帯
admiral,[軍]海軍大将
aerolit,隕石
aforism,警句
agronom,農学者
akrobat,曲芸師
akvarel,水彩画
alegori,たとえ話
alĥemi,錬金術
almanak,暦
ambrozi,アンブロシア
ametist,[鉱]紫水晶
amnesti,大赦
anagram,アナグラム
analogi,類推
anapest,[詩]短短長格
anatomi,解剖学
angelik,[植]アンゼリカ
anomali,変則
antilop,[動]カモシカ
antipod,対蹠地
antitez,アンチテーゼ
apoteoz,神格化
apozici,[文]同格
arabesk,アラベスク
arkaism,[文]古語
asonanc,[詩]母音押韻
atavism,隔世遺伝
atribut,属性
aŭreol,[宗]後光
bankier,銀行家
barikad,バリケード
bariton,[楽]バリトン
bastard,庶子
bazilik,[史]バジリカ
biograf,伝記作家
biologi,生物学
bisturi,[医]柳葉刀
bombast,大言壮語
botanik,植物学
celuloz,[化]セルローズ
ceramik,製陶
cilindr,円筒
cistern,貯水池
citadel,砦
ĉevron,[建]垂木
demagog,煽動政治家
diagnoz,[医]診断
dialekt,方言
diametr,[数]直径
difteri,[病]ジフテリア
diftong,[文]二重母音
dinamik,力学
dinamit,ダイナマイト
dinasti,[史]歴代王朝
doktrin,学説
ekspres,急行列車
eliksir,[薬]エリキシル
eminenc,(カ)台下(称号)
epiderm,[生]表皮
epifani,[宗]主顕節
epigraf,碑銘
epigram,警句
erudici,博学
estetik,美学
etim/olog##,語源学者
etiolog,病原学者
evoluci,進化
farmaci,薬学
filolog,文献学者
filozof,哲学者
fonetik,音声学
fronton,[建]ペディメント
gangren,[病]壊疽
gardeni,[植]クチナシ
gencian,[植]リンドウ
geodezi,測地学
geograf,地理学者
geologi,地質学
geometr,幾何学者
gerundi,[文]動名詞
gilotin,[史]ギロチン
gimnast,体操教師
gimnazi,ギムナジウム
guberni,県
hiacint,[植]ヒアシンス
hipotek,[法]抵当権
hipotez,仮説
histeri,[病]ヒステリー
homonim,[文]同音異義語
ĥirurg,外科医
judaism,ユダヤ教
ĵargon,通語
kalomel,[化]甘汞
kanaben,[鳥]ベニヒワ
kanibal,食人種
kanonik,[宗]教会参事会員
kaporal,[軍]伍長
karamel,[料]カルメラ
karavan,隊商
kartuŝ,[建]カルトゥーシュ
katolik,[宗]カトリック教徒
kazemat,[軍]砲郭
komplot,陰謀
koncesi,[法]払い下げ
kontakt,接触
korsaĵ,(婦人服の)胴部
kreozot,[化]クレオソート
kriteri,規準
kvadril,[楽]カドリール
kvestor,[史]出納官
letargi,[病]昏睡
liturgi,[宗]礼拝式
lozanĝ,[数]ひし形
lumbrik,[動]ミミズ
mahagon,[植]マホガニ
majolik,[陶]マジョリカ焼き
makadam,[建]マカダム
makaron,[菓]マカロン
malakit,[鉱]孔雀石
mansard,[建]屋根裏部屋
marĝen,[印]余白
matador,闘牛士
mekanik,力学
merlang,[魚]メルラン
metafor,隠喩
minaret,[建]ミナレット
mirabel,[果]ミラベル
molekul,[化]分子
monarki,君主政治
monolog,[劇]独白
monopol,[経]独占
nikotin,[化]ニコチン
obelisk,[史]オベリスク
oleandr,セイヨウキョウチクトウ
oligark,[政]少数独裁者
omnibus,乗合馬車
onobrik,[植]イガマメ
optativ,[文]願望法
pacient,[医]患者
palinur,[動]イセエビ
pamflet,[政]パンフレット
panoram,全景
papirus,[植]パピルス
parabol,[数]放物線
parafin,[化]パラフィン
paskvil,風刺文
paŝtel,[美]パステル
patolog,病理学者
patrici,[史]貴族
patriot,愛国者
pedagog,教育者
pelerin,[服]ケープ
pension,下宿屋
percept,[哲]知覚
pilastr,[建]柱形
piramid,ピラミッド
plagiat,盗作
plantag,[植]オオバコ
polemik,(誌上の)論争
prefekt,知事
procesi,[宗]行列
prognoz,予想
prozodi,[詩]作詩法
puritan,[史]清教徒
retorik,修辞学
revizor,[法]検察官
samovar,[料]サモワール
sarkasm,辛辣な皮肉
segment,[数]線分
sekreci,[生]分泌物
semafor,[鉄](腕木式)信号機
serenad,[楽]セレナーデ
sifilis,[病]梅毒
simetri,[数]対称
simfoni,[楽]交響曲
simptom,[医]症状
sinagog,[宗]ユダヤ教会
sinedri,[史]法廷
sinonim,[文]同義語
sintaks,[文]構文論
skandal,スキャンダル
skrupul,細心
stearin,[化]ステアリン
sugesti,暗示
ŝiling,[貨]シリング
taburet,(背のない)腰掛
tangent,[数]正接
teokrat,神権主義者
teologi,神学
trombon,[楽]トロンボーン
ultimat,[法]最後通告
uvertur,[楽]序曲
variant,[芸]異文
vazelin,[化]ワセリン
verdikt,[法]判決
veteran,ベテラン
vokativ,[文]呼格
abnegaci,自己犠牲
adjutant,[軍]副官
aeroplan,飛行機
agronomi,農学
akvafort,銅版
akvilegi,[植]オダマキ
alabastr,[鉱]雪花石膏
aligator,[動](アメリカ産)ワニ
ambulanc,救急車
antipati,反感
antologi,文学選集
apostrof,[文]アポストロフィ
arbalest,大弓
areometr,[理]浮ばかり
arkeolog,考古学者
arkitekt,建築家
artileri,[軍]砲兵隊
astrolog,占星術師
astronom,天文学者
atmosfer,大気
aŭdienc,引見
balistik,弾道学
balzamin,[植]ホウセンカ
banderol,帯封
barelief,[美]浅浮彫り
batalion,[軍]大隊
bazilisk,[神]バジリスク
biografi,伝記
ceremoni,儀式
dekadenc,衰退
delegaci,代表団
demagogi,デマ
demokrat,民主
diafragm,[解]横隔膜
diagonal,[数]対角線
diapazon,[楽]音叉
didaktik,教授法
difterit,[病]ジフテリア
diktator,独裁者
disĉipl,弟子
dispepsi,[病]消化不良
ditiramb,[詩]酒神賛歌
dromedar,[動]ヒトコブラクダ
ekstrakt,抜粋
epilepsi,[病]てんかん
erizipel,[病]丹毒
etimologi##,語源学
etiologi,病原学
etnograf,民族誌学者
evangeli,[宗]福音書
faksimil,ファクシミリ
fakultat,学部
felieton,学芸欄
feminism,フェミニズム
feminist,フェミニスト
filologi,文献学
filozofi,哲学
fiziolog,生理学者
fonograf,[史]ろう管蓄音機
galantin,[料]ガランティン
garnitur,装身具一式
garnizon,[軍]守備隊
genealog,系図学者
geometri,幾何学
glicerin,[化]グリセリン
gliciriz,[植]カンゾウ
grafolog,筆跡学者
gramofon,蓄音機
gutaperk,[化]グタペルカ
halebard,[軍]ほこやり
harmonik,[楽]ハーモニカ
hegemoni,主導権
hekatomb,[史]雄牛百頭のいけにえ
hierarki,階級制度
hipodrom,競馬場
honorari,謝礼金
horoskop,(星占)天宮図
hortensi,[植]アジサイ
ĥirurgi,[医]外科学
idiotism,慣用語法
imperial,屋上席
indiĝen,土着民
inkognit,お忍び
intervju,インタビュー
kalendul,[植]キンセンカ
kardinal,[宗]枢機卿
katafalk,棺台
katakomb,[史]カタコンベ
katedral,[宗]大聖堂
katekist,[宗]伝道師
kavaleri,[軍]騎兵隊
komandit,[商]合資会社
konfekci,[服]既製服
konflikt,葛藤
kontralt,[楽]コントラルト
kontrast,対照
konvenci,(国家間の)協定
kosmetik,化粧法
kreditor,[商]債権者
ksilofon,[楽]シロホン
kvocient,[数]商
labirint,迷路
laŭreat,優勝者
logaritm,[数]対数
logogrif,語字判じ物
makaroni,[料]マカロニ
mandaren,[史](清国の)官吏
mandolin,[楽]マンドリン
manifest,宣言
manometr,[理]圧力計
margarin,[料]マーガリン
marionet,操り人形
maŭzole,霊廟(びょう)
mekanism,機構
melodram,[劇]メロドラマ
meridian,[天]子午線
metronom,[楽]メトロノーム
metropol,中心都市
mikrofon,マイクロフォン
miniatur,細密画
monogram,[印]モノグラム
monomani,[病]偏執狂
naftalin,[化]ナフタリン
narkotik,[医]麻酔薬
navigaci,航法
nekrolog,死亡記事
nepotism,縁者びいき
nihilism,ニヒリズム
nihilist,ニヒリスト
nostalgi,郷愁
numismat,古銭学者
obligaci,[商]債券
oligarĥ,[政]少数独裁者
oligarki,[政]寡頭政治
optimism,楽天主義
optimist,楽天主義者
organism,[生]有機体
orografi,山岳誌
pacifism,平和主義
pacifist,平和主義者
palanken,かご(東洋の乗物)
panteism,汎神論
panteist,汎神論者
pantomim,[劇]パントマイム
paradigm,[文]語形変化表
parafraz,[文]パラフレーズ
paragraf,[文]節
partitur,[楽]総譜
patologi,病理学
pedagogi,教育学
perimetr,[数]周辺
peristil,[建]柱廊
pesimism,悲観論
pesimist,悲観論者
pleonasm,[修]冗言法
poliglot,ポリグロット
preterit,[文]過去
procedur,[法]訴訟手続
projekci,映写
proporci,割合
prospekt,内容説明書
protokol,議事録
prototip,原型
prozelit,[宗]改宗者
psikolog,心理学者
referenc,参照
renesanc,[史]ルネサンス
reputaci,評判
revelaci,[宗]啓示
revolver,リボルバー
rojalist,王党員
sacerdot,[宗]司祭
sakristi,[宗]聖具室
sarkofag,[史]石棺
seminari,ゼミナール
sensaci,センセーション
sfinkter,[解]括約筋
silogism,三段論法
solecism,[文]語法違反
stipendi,奨学金
strategi,[軍]戦略
subvenci,(公の)補助金
talisman,[宗]護符
tamburin,[楽]タンバリン
tarantel,タランテラ(舞踊)
tarantul,[動]タランチュラ
teleskop,望遠鏡
teokrati,神権政治
tipograf,活版印刷技術者
topograf,地誌学者
toreador,闘牛士
transept,[建]トランセプト
tuberkul,[病]結節
amfiteatr,円形競技場
apopleksi,[病]卒中
arbitraci,[法]調停
arĥeolog,考古学者
arĥitekt,建築家
aritmetik,算数
arkeologi,考古学
arkipelag,群島
astrologi,占星術
astronomi,天文学
aŭditori,講堂
aŭtograf,自筆
aŭtokrat,専制君主
deklaraci,宣言
demokrati,民主政治
dialektik,弁証法
disciplin,規律
disenteri,[病]赤痢
entomolog,昆虫学者
etnografi,民族誌学
filantrop,博愛主義者
fiziologi,生理学
fizionomi,人相
fotografi,写真術
genealogi,系図学
gladiator,[史]剣闘士
grafologi,筆跡学
harmonium,[楽]リードオルガン
heksametr,[詩]六歩格
heliotrop,[植]キダチルリソウ
hidrofobi,[病]恐水病
hieroglif,[史]ヒエログリフ
higrometr,[理]湿度計
hipopotam,[動]カバ
homeopati,[医]同種療法
ideografi,表意文字方式
imperativ,[文]命令法
imperfekt,[文]半過去
impresari,[劇]興行主
indikativ,[文]直説法
infanteri,[軍]歩兵隊
infinitiv,[文]不定法
inkvizici,[史]宗教裁判
intendant,執事
kabriolet,カブリオレ(小型二輪馬車)
kandelabr,枝付き燭台
karikatur,諷刺画
kartograf,地図製作者
kastanjet,[楽]カスタネット
katalepsi,[医]強硬症
katastrof,大災害
kateĥist,[宗]伝道師
kompromis,妥協
konduktor,車掌
konkurenc,[商]競争
kontinent,大陸
kontrabas,[楽]コントラバス
konvolvul,[植]ヒルガオ
kosmogoni,宇宙進化論
kosmograf,宇宙形状誌学者
krizantem,[植]キク
kronologi,年代学
kronometr,[理]クロノメータ
krucifiks,[宗]十字架像
kvadratur,[数]求積法
litografi,[印]石版印刷術
lokomobil,[農]移動式蒸気機関
melankoli,憂うつ
metafizik,形而上学
mikrometr,[理]マイクロメータ
mikroskop,[理]顕微鏡
mineralog,鉱物学者
monoteism,[宗]一神論
neologism,[文]新語
oligarĥi,[政]寡頭政治
ornitolog,鳥類学者
ostracism,[史]陶片追放
paleograf,古文書学者
palisandr,[植]シタン
paroksism,[医]激発
pentametr,[詩]五歩格
plutokrat,金権政治家
politeism,[宗]多神教
providenc,[宗]神の摂理
pulĉinel,[劇]プルチネッラ(道化役)
purgatori,[宗]煉獄
recitativ,[楽]叙唱部
reformaci,[史]宗教改革
rekrement,絞りかす
repertuar,[楽]レパートリ
rezignaci,あきらめ
sakrament,[宗]秘跡
sekundant,決闘立会人
skarlatin,[病]しょうこう熱
skolastik,スコラ哲学
somnambul,[病]夢遊病者
sortiment,[商]見本一式
spekulaci,[商]投機
spiritism,交霊術
spiritist,交霊術師
stalagmit,[地]石筍
stalaktit,[鉱]鍾乳石
statistik,統計
ŝovinism,排外的愛国心
ŝovinist,排外的愛国者
tipografi,活版印刷
topografi,地誌学
velociped,(初期の)自転車
veterinar,獣医
vivisekci,[解]生体解剖
abiturient,アビトゥリエント
alternativ,二者択一
anakronism,時代錯誤
antropolog,人類学者
arĥeologi,考古学
arĥipelag,群島
aristokrat,貴族
arkitektur,建築術
aŭtokrati,専制政治
beletristik,美文学研究
bibliograf,書誌学者
civilizaci,文明
dinamometr,[理]動力計
ekskrement,[生]糞便
entomologi,昆虫学
eŭkaristi,[宗]聖餐
filantropi,博愛
hipertrofi,[病]肥大
ingredienc,成分
inkvizitor,[史]宗教裁判官
kartografi,地図製作法
koeficient,[数]係数
kompliment,お世辞
kongregaci,[宗]教団
konsistori,[宗]枢機卿会議
kontraband,密輸入
kontribuci,[軍]賠償金
kosmografi,宇宙形状誌
kosmopolit,コスモポリタン
krestomati,模範詩文集
kvintesenc,[史]第五元素
manufaktur,手工業制工場
manuskript,原稿
metamorfoz,変身
meteorolog,気象学者
mineralogi,鉱物学
naturalism,[芸]自然主義
numismatik,古銭学
ornitologi,鳥類学
paleografi,古文書学
perspektiv,展望
plutokrati,金権政治
pneŭmatik,[機]タイヤ
prerogativ,(元首の)大権
pseŭdonim,偽名
stenografi,速記術
subjunktiv,[文]接続法
superlativ,[文]最上級
tuberkuloz,[病]結核症
admiralitat,[軍]海軍本部
antropologi,人類学
aristokrati,貴族政治
bibliografi,書誌学
cirkumfleks,[印]サーカムフレクス
demonstraci,論証
departement,[政]部
enciklopedi,百科事典
hermafrodit,[動]雌雄同体
hidrostatik,流体静力学
hidroterapi,[医]水治療法
imperialism,帝国主義
inaŭguraci,(開会などの)式
kalejdoskop,万華鏡
kondicional,[文]条件法
konfederaci,国家連合
konglomerat,[理]レキ岩
kontrapunkt,[楽]対位法
manifestaci,[政]デモ
metempsikoz,[宗]輪廻
meteorologi,気象学
observatori,観測所
paleontolog,古生物学者
pleŭronekt,[魚]ヒラメ
protagonist,[劇]主役
protektorat,[政]保護国
pseŭd,仮名
racionalism,合理主義
racionalist,合理主義者
reŭmatism,[病]リューマチ
temperament,気質
tragikomedi,悲喜劇
administraci,管理部
demonstrativ,[文]指示詞
konservatori,音楽学校
paleontologi,古生物学
paralelogram,[数]平行四辺形
spiritualism,[哲]唯心論
spiritualist,[哲]唯心論者
trigonometri,[数]三角法
aŭtobiografi,自伝
t.e.,つまり
k.t.p.,など
kiom,いくつ;どれほど
kiom##,~ほど
kiom##,どれほど(数量)
dum,(~する)間
dum##,(~の)間
ĝis,(~)まで
ĝis##,(~)まで
anstataŭ,(~)代わりに
anstataŭ##,(~の)代わりに
kiu##,どの
kiu,だれ;どれ
tiu##,その;あの~
tiu,その;あのひと
ĉiu,各々の;各~
ĉiu##,各々
neniu,どの~も~ない
neniu##,だれ，どれ(個別)
ambaŭ,両方の
ambaŭ##,両方
tiu ĉi##,この
tiu ĉi##,このひと(もの：個別)
fiks,固定した
fiks##,(を)固定する
fals,偽の
fals##,(を)偽造する
ĉu##,~かどうか
ĉu,~か?
kial,なぜ(理由;原因)
kial##,なぜ(理由;原因)
kiel,いかに;のように
kiel##,いかに(方法;状態)
tamen,とはいえ
tamen##,とはいえ
apenaŭ,かろうじて
apenaŭ##,やっと
kvazaŭ,まるで(~の)ように
kvazaŭ##,まるで(~の)ように
ĉirkaŭ,~まわりに;約
ĉirkaŭ##,約
precip##,特に主要な
precip,特に;主要な
tut,全部の
tut##,まったく
rest##,残る
rest,残り
ĉiel,色々に
ĉiel##,空
interes,(に)興味を持たせる
interes##,興味
lig,結ぶ;連盟
lig##,連盟
rul,転がす;巻物
rul##,巻き物
arm##,(に)武装させる
arm,武器;武装
fos,(を)掘る
fos##,(地面の)穴
plant,(を)植える;植物
plant##,植物
orient##,方位定める;東
orient,方位定める;東
fald,折り畳む
fald##,折り目
kaj,と;そして
kaj##,プラットホーム
amas,集積;大衆
amas##,大衆
kopi,(を)複写する
kopi##,複写
fotograf,(を)撮影する
fotograf##,カメラマン
ĉar,なぜなら
ĉar##,荷馬車
fikci##,架空の
fikci,虚構;架空
nul,ゼロ
nul##,ゼロ
klar##,[女子名]クララ
klar,明瞭な
artikol,記事;冠詞
artikol##,[文]冠詞
aŭgust,８月
aŭgust##,[男子名]アウグスト
por,ために
por##,細孔
opozici,[政]反対する
opozici##,[政]反対
fot,写真を撮る
vibr,振動する;揺れる
oscil,振動する
fluktu,変動する;上下する
indigo,[化]インジゴ
ad##,[接尾辞]継続
ad,継続行為
ag,行動する
al,~の方へ
am,愛する
an,成員
ar,集団
as,現在形
at,受動継続
av,祖父
bo,姻戚
ci,おまえ
da,の
de,の;から
di,神
Di##,神(唯一神)
do,それゆえ
du,二
ec,性質
eg,強大
ej,場所
ek,開始
el,中から
em,傾向
en,中で
er,粒子
et,弱小
fe,妖精
fi##,チェッ!（嫌悪）
fi,下劣な
ge,男女
ha,ああ!
he,おい!
ho,まあ!
ia,ある種の
id,子孫
ie,どこかで
ig,させる
il,道具
in,女性
io,何か
ir,行く
is,過去形
it,受動完了
iu##,ある~
iu,ある人
ja,実に
je,(~)に
ju,すればするほど
ke,ということ
l',定冠詞
la,定冠詞
li,彼
lu,賃借する
mi,私
ne,ない
ni,私達
nj,女子愛称
nu,さて
od,オード
ok,八
ol,~よりも
on,分数
op,集合数
or,[化]金
os,未来形
ot,受動将然
ov,卵
pi,信心深い
po,~ずつ
re,再び
se,もし~なら
si,自分
te,茶
uj,入れ物
ul,人
um,不定意味
ur,野牛
us,条件法
uz,使う
ve,ああ!
vi,あなた(達)
### 追加語根(20250103),
homeopat,同毒療法士
zoolog,動物学者
###↓ここから下は日中韓注釈版(20260416)から自動補完した語根訳(2026-06-25)。12212件。
ging…gang…giling…gilang…,チン…ガン…リン…ラン…
palatalalveolar,歯茎硬口蓋
paleodiktiopter,古網翅目
pluskvamperfekt,大過去
prestidigitator,手品師
sinkrociklotron,シンクロサイクロトロ
cianokobalamin,ビタミンB12
konstantinopol,旧イスタンブル
administrator,管理者
avalokiteŝvar,観音
aŭstralopitek,アウストラロピテクス
benzodiazepin,ベンゾジアゼピン
butilhidroksi,ブチルヒドロキシ
digitopunktur,指圧療法
ekvipotencial,等ポテンシャル
eŭroparlament,欧州議会
floroglucinol,フロログルシノール
jekaterinburg,エカテリンブルク
kalamagrostid,ノガリヤス属
karakteristik,指標
kloramfenikol,クロラムフェニコール
kortikosteron,コルチコステロン
ksantoprotein,黄蛋白
nomenklaturik,命名法学
paralelepiped,平行六面体
perpendikular,垂直
proparoksiton,前々終強勢
propionlakton,プロピオラクトン
prostaglandin,プロスタグランジン
stratokumulus,層積雲
transformator,変圧器
amplifikator,増幅器
anizometropi,不同視
apendikulari,尾虫類
azidotimidin,アジドチミジン
brandenburgi,ブランデンブルク
cirkonferenc,円周
cirkonvalaci,包囲陣
deŭteromicet,不完全菌類
diskriminaci,差別
diskriminant,判別式
ekaterinburg,エカテリンブルク
eksponencial,指数関数
ekstravaganc,突飛
ekstravertit,外向的
ekzistencial,実存
elektroforez,電気泳動
enteropneŭst,腸鰓類
eritropoezin,エリスロポエチン
fantasmagori,幻影
gasteromicet,腹菌類
germanlingvi,ドイツ語圏
hejlongĝjang,黒竜江
hematoksilin,ヘマトキシリン
idiosinkrazi,個人特性
instrumental,具格
interpozitiv,介在句
jurisprudenc,判例法
katadioptrik,反屈折学
klamidomonad,クラミドモナス
klamidosperm,グネツム類
kombinatorik,組合せ論
konsubstanci,同質
kontradmiral,海軍少将
kumulonimbus,積乱雲
metropoliten,地下鉄
multipleksor,多重化器
nebukadnecar,ネブカドネザル
nemathelmint,線形動物
nimbostratus,乱層雲
nitrozomonad,ニトロソモナス
parlamentari,軍使
pentametilen,ペンタメチレン
pneŭmonokoni,塵肺
predispozici,素因化
presbiterian,長老派
projekciator,投影機
rentabilitat,収益性
retrospektiv,回顧
sekvojadendr,巨杉属
skarifikator,乱刺器
spermatogoni,精原細胞
sterilizator,滅菌器
streptomicet,ストレプトミセス
streptomicin,ストレプトマイシン
turkmenistan,トルクメニスタン
vespertilion,ヒナコウモリ属
akromatopsi,色盲
alkoholatur,酒精浸剤
andrapradeŝ,アンドラプラデシ
angiotensin,アンジオテンシン
anizosfigmi,脈不同
antananariv,アンタナナリボ
antilebanon,アンチレバノン
arkimandrit,掌院
arktostafil,クマコケモモ
arondisment,行政区
astronaŭtik,宇宙航行学
azotobakter,アゾトバクター
aŭgmentativ,増大辞
aŭripigment,雌黄
bakteriofaĝ,ファージ
behaviorism,行動主義
bhagavadgit,バガヴァッドギーター
brandenburg,ブランデンブルク
brankiostom,ナメクジウオ
cifoskolioz,後側弯症
ciklosporin,シクロスポリン
cistopterid,ナヨシダ属
cukcukcikad,ツクツクボウシ
denominator,分母
diastrofism,地殻変動
diferencial,微分
difilobotri,広節裂頭条虫
dipterokarp,フタバガキ属
disproporci,不均衡
dolikocefal,長頭
ekonometrik,計量経済学
ekstemporal,即席
elasmobrank,板鰓類
entablement,エンタブレチュア
entomostrak,小型甲殻類
eritroblast,赤芽球
eŭdajmonism,幸福主義
eŭripterigi,魚竜属
fenciklidin,フェンシクリジン
fiziognomik,観相術
florideofic,真正紅藻綱
fluorescein,フルオレセイン
foraminifer,有孔虫
franclingvi,フランス語圏
gastroknemi,腓腹筋
generalisim,大元帥
glosofaring,舌咽
glosopterid,グロッソプテリス属
gratifikaci,報奨金
gvadalkanal,ガダルカナル
gvadalkivir,グアダルキビル
hamiltonian,ハミルトニアン
hemerokalid,キスゲ
hermeneŭtik,解釈学
hesperornit,ヘスペロルニス
hidrokarbid,炭化水素
himenomicet,子実層菌
hipermetrop,遠視
hohencolern,ホーエンツォレルン
homeoteleŭt,類音終止
homoseksual,同性愛
hortikultur,園芸
iktiopterig,魚竜類
infinitezim,無限小
insuficienc,不全
inteligenci,インテリ層
interleŭkin,インターロイキン
introvertit,内向
iĥtiopterig,魚竜類
johanesburg,ヨハネスバーグ
kaliningrad,カリーニングラード
kameciparis,ヒノキ属
karakalpaki,カラカルパク
kirgizistan,キルギス
kiropraktik,カイロプラク
klitemnestr,クリュタイムネストラ
kompensator,補償器
kondensator,コンデンサー
konflagraci,大火災
kontratenor,カウンターテナー
kosmonaŭtik,宇宙航行学
krasnojarsk,クラスノヤルスク
krosopterig,総鰭類
kseroftalmi,眼球乾燥症
kvadrupleks,四重式
labiodental,唇歯音
lamelibrank,二枚貝類
lentibulari,タヌキモ属
lepidodendr,リンボク
leptinotars,コロラドハムシ
likvidambar,フウ属
lipoprotein,リポ蛋白
liĥtenŝtejn,リヒテンシュタイン
madjapradeŝ,マディヤプラデシュ
makrobiotik,マクロビ
maksimilian,マクシミリアン
malakostrak,軟甲類
manipulator,マニピュレーター
meklenburgi,メクレンブルク
melitokokoz,ブルセラ症
merkurokrom,マーキュロクロム
mezembriant,マツバギク属
mnemoteknik,記憶術
narkoanaliz,麻酔分析
nitrobakter,ニトロバクター
nitrobenzin,ニトロベンゼン
nomenklatur,命名法
novosibirsk,ノボシビルスク
orikteropod,ツチブタ
osteomjelit,骨髄炎
paralipomen,歴代誌
paternalism,温情主義
patognomoni,病徴特異的
pirenomicet,核菌類
pitekantrop,ジャワ原人
plasmaferez,血漿分離
pneŭmogastr,迷走神経
pojkiloterm,変温
prestidigit,手品
profilaktik,予防
progesteron,プロゲステロン
proklorofit,原緑藻類
propedeŭtik,予備教育
propriocept,固有感覚
proterozoik,原生代
protuberanc,隆起
pteranodont,プテラノドン
pterodaktil,プテロダクチルス
ptilonorink,ニワシドリ
referendari,参事官
remonstrant,抗議派
sekretariat,事務局
sekvestraci,供託
silvikultur,造林
skolopendri,コタニワタリ
spermatofit,種子植物
sporotrikum,スポロトリクム
strepsipter,ネジレバネ目
streptopeli,キジバト属
stromatolit,ストロマトライト
stroncianit,ストロンチアン石
teleŭtospor,冬胞子
testosteron,テストステロン
tiokarboksi,チオカルボキシ
totalizator,投票集計
tradeskanti,ムラサキツユクサ属
transduktor,変換器
transilvani,トランシルバニア
transmutaci,転換
trateratra!,ラッパ音!
valentinian,ヴァレンティニアン
valerlakton,バレロラクトン
vincetoksik,カモメヅル属
vladivostok,ウラジオストク
ĉatelperoni,シャテルペロン期
ĝardenistik,造園術
ĵurnalistik,報道技術
aeronaŭtik,航空術
afganistan,アフガニスタン
agrikultur,農業
akumulator,蓄電池
akupunktur,鍼治療
albuminuri,蛋白尿
aldosteron,アルドステロン
aleksandri,アレクサンドリア
alternator,交流発電機
ambivalenc,両価性
ambulatori,外来診療所
amendament,修正
amfibologi,両義性
ampelopraz,ジャンボニンニク
anabaptist,再洗礼派
anafilaksi,アナフィラキシー
anastigmat,無非点収差
ancilostom,鉤虫
andropogon,アンドロポゴン
angiosperm,被子植物
ankilostom,鉤虫
antecedent,前歴
anterozoid,遊走精子
antiklinal,背斜
antonomazi,換称
antrakinon,アントラキノン
apologetik,護教論
aposterior,後天的
aristoloki,ウマノスズクサ
armadilidi,ダンゴムシ属
artakserks,アルタクセルクセス
artikulaci,調音
azerbajĝan,アゼルバイジャン
aŭreomicin,オーレオマイシン
aŭrikulari,キクラゲ
aŭstralazi,オーストララシア
aŭstronezi,オーストロネシア
aŭtodidakt,独学者
bagavadgit,バガバッド・ギーター
baptisteri,洗礼堂
blunderbuz,ラッパ銃
bombinator,スズガエル属
bonaventur,ボナヴェントゥラ
brakicefal,短頭
brontosaŭr,ブロントサウルス
bukcinator,頬筋
burgenland,ブルゲンラント
cefalaspid,頭甲魚
centezimal,百分法
cercidifil,カツラ属
cerkopitek,オナガザル属
cianhidrin,シアノヒドリン
cibernetik,サイバネティクス
cimbopogon,オガルカヤ属
citofilakt,細胞保護
cucugamuŝi,ツツガムシ病
dagerotipi,銀板写真法
dakriocist,涙嚢
daŭfenland,ドーフィネ
deltametal,デルタメタル
denominaci,デノミ
diagnostik,診断学
dialipetal,離弁花
diapozitiv,スライド
diazometan,ジアゾメタン
dielektrik,誘電
difeomorfi,微分同相写像
digitoksin,ジギトキシン
dioklecian,ディオクレティアヌス
dioskorein,ジオスコレイン
diplomatik,古文書学
direkteron,方向舵
dirlididi!,軽視!
dispensari,無料診療所
distribuci,超関数
divertikul,憩室
dramaturgi,劇作法
driopterid,オシダ属
ekscentrik,偏心
ekscitator,放電器
eksklamaci,感嘆法
ekskoriaci,擦過傷
ekspresion,表現
ekstradici,引渡し
ekvatorial,赤道儀
ekvipolent,同値
ekvivalent,同等
ekzekvatur,執行認許
ekzoftalmi,眼球突出
elefantiaz,象皮病
elektrofor,電気盆
elektrokut,感電死させる
embriogeni,胚発生
endometrit,子宮内膜炎
epispastik,発泡性
ergosterol,エルゴステロール
eritroksil,コカノキ属
eritropoez,赤血球生成
espanjolet,クレモン錠
eŭdiometri,水電量測定法
fakultativ,任意
fanerozoik,顕生代
fatamorgan,蜃気楼
feldmarŝal,元帥
fenikopter,フラミンゴ
fenotiazin,フェノチアジン
fideikomis,信託遺贈
filharmoni,フィルハーモニー
filipendul,シモツケソウ属
franĉkonte,フランシュコンテ
frontispic,口絵
funkcional,汎関数
galeopitek,ヒヨケザル
gasteroste,イトヨ
gimnosperm,裸子
giromagnet,回転磁気
giromitrin,ギロミトリン
glikokalik,糖衣
gliptodont,グリプトドン
gubernator,知事
hajdelberg,ハイデルベルク
halucinaci,幻覚
harpagofit,ハルパゴフィツム属
hejdelberg,ハイデルベルク
hejlunĝang,黒竜江
helenistik,ヘレニズム期
hematoksil,ログウッド属
hemimorfit,異極鉱
hemoglobin,ヘモグロビン
hercegovin,ヘルツェゴビナ
hermesbust,ヘルメス柱像
hesperidin,ヘスペリデス
heterodoks,異端
heterotrof,従属栄養
hidrokarid,トチカガミ属
hidrokarit,トチカガミ属
hidrokorak,鵜
hidrokotil,チドメグサ属
himantopod,セイタカシギ属
himenopter,膜翅類
hiosciamin,ヒヨスチアミン
hipergonar,アナモルフレンズ
hipokastan,トチノキ
hipokaŝtan,マロニエ
hipokondri,心気症
hipoĥondri,心気症
hohenstaŭf,ホーエンシュタウフェ
idempotent,冪等
igvanodont,イグアノドン
imprimatur,出版許可
individual,個人
infruktesk,果序
instruktor,教官
interferon,インターフェロン
interuptor,遮断器
introspekt,内省
investitur,叙任
jurisdikci,裁判権
kalceolari,カルセオラリア属
kalciferol,カルシフェロール
kalimantan,カリマンタン
kalmodulin,カルモジュリン
kanalizaci,下水道化
kantaridin,カンタリジン
kantonment,宿営
kanĉenĵung,カンチェンジュンガ
kapilavast,カピラバストゥ
karakalpak,カラカルパク人
karburator,気化器
kariokinez,核分裂
karminativ,駆風
karpentari,カーペンタリア
kenigsberg,ケーニヒスベルク
kibernetik,サイバネティクス
kilimanĝar,キリマンジャロ
klejstogam,閉鎖花
klerodendr,クサギ属
kloroplast,葉緑体
kokotraŭst,シメ属
kolesterin,コレステリン
kolesterol,コレステロール
komisariat,委員部
komparativ,比較級
kompletori,終課
kondilartr,顆節目
kondrostom,コンドロストマ属
konektikut,コネチカット
konfidenci,秘話
konfirmaci,堅信礼
konidiofor,分生子柄
konjunktiv,結膜
konjunktur,景気
konkordanc,用語索引
konkrement,結石
konosament,船荷証券
konsistenc,粘稠度
konskripci,徴兵制
konstantan,コンスタンタン
konstanten,コンスタンティヌス
konstantin,コンスタンティーヌ
konstelaci,星座
konstrukci,設計
kontingenc,偶然性
kontingent,割当
kontradanc,コントルダンス
kontraktur,拘縮
kontramark,副荷印
kontrapost,コントラポスト
kooperativ,協同組合
kriptogram,クリプトグラムマ属
kriptomeri,スギ
kriptoteni,ミツバ
kromoplast,有色体
ksantelasm,黄色板腫
kultivator,耕耘機
kuomintang,国民党
kutireakci,皮膚反応
kvadriceps,大腿四頭筋
kvadrilion,10^24
kvintilian,クインティリアヌス
kvintilion,10^30
lagerstrom,サルスベリ
lagranĝian,ラグランジアン
lamelikorn,鰓角類
legitimaci,身分証明
lepidopter,鱗翅類
lepidosaŭr,鱗竜類
leptocefal,レプトケファルス
leŭkoplast,絆創膏
likopersik,トマト属
lingvistik,言語学
liriodendr,ユリノキ属
loksodromi,斜航線
luksemburg,ルクセンブルク
madagaskar,マダガスカル
magnolifit,被子植物門
mahabharat,マハーバーラタ
makaronezi,マカロネシア
malversaci,横領
manksinsul,マン島
mefistofel,メフィストフェレス
megalosaŭr,メガロサウルス
melkicedek,メルキゼデク
melopsitak,セキセイインコ属
meningokok,髄膜炎菌
metaldehid,メタアルデヒド
metencefal,後脳
metropolit,府主教
mezopotami,メソポタミア
mikelanĝel,ミケランジェロ
miksomatoz,粘液腫症
miksomicet,変形菌綱
miksomikot,変形菌門
milenarism,千年王国説
mirmekofag,オオアリクイ
mitokondri,ミトコンドリア
mizerikord,慈悲
monelmetal,モネル合金
montparnas,モンパルナス
montpelier,モンペリエ
nardostaki,ナルドスタキス属
narkolepsi,ナルコレプシー
neandertal,ネアンデルタール
nefrolepid,タマシダ属
nekromanci,降霊術
oestradiol,エストラジオール
orangutang,オランウータン
organizaci,組織
orkestrion,オーケストリオン
ornitorink,カモノハシ
oscilatori,ユレモ属
palimpsest,重ね書き写本
pankreatin,パンクレアチン
pantagruel,パンタグリュエル
paracentez,穿刺排液
paraldehid,パラアルデヒド
paroksiton,次末強勢
paronomazi,掛詞
partenocis,ツタ属
partikular,排他的
peletierin,ペレチエリン
pensilvani,ペンシルバニア
perestrojk,ペレストロイカ
perkolator,パーコレーター
peronospor,霜カビ属
perpendikl,垂直
petroselin,パセリ
pilokarpin,ピロカルピン
piridoksin,ピリドキシン
plagioklaz,斜長石
plagiostom,板鰓類
plasmodesm,原形質連絡
platikodon,キキョウ
pleistocen,更新世
plejstocen,更新世
pleziosaŭr,首長竜
pogostemon,パチョリ属
poliplektr,クジャクキジ属
polisindet,畳接法
pomerihund,ポメラニアン
postpozici,後置詞
prepozitiv,前置詞句
preventori,予防療養所
prokurator,財務官
prolegomen,序論
proskripci,追放
prospektiv,未来学
prospektor,探鉱者
prostituci,売春
protaktini,プロトアクチニウム
provincial,地方
pteridofit,シダ植物
pterobrank,翼鰓類
pumpernikl,プンパニッケル
rabdomanci,ダウジング
radamantis,ラダマンテュス
radiolarit,放散虫岩
referendum,国民投票
reformator,改革論者
regeneraci,再生
regensburg,レーゲンスブルク
rekvizitor,小道具係
responsori,応唱
rezorcinol,レゾルシノール
rinkocefal,ムカシトカゲ目
rinĥocefal,ムカシトカゲ目
ritmenblus,リズムブルース
sangvisorb,ワレモコウ属
sardanapal,サルダナパロス
saskaĉevan,サスカチュワン
satisfakci,償い
sebastopol,セバストポリ
septuagint,七十人訳
serpentari,ヘビクイワシ
sfinglipid,スフィンゴ脂質
sinkondroz,軟骨結合
sinkrotron,シンクロトロン
sistematik,系統分類学
skizofreni,統合失調症
sklerenkim,厚壁組織
skolopendr,オオムカデ
skopolamin,スコポラミン
skrofulari,ゴマノハグサ属
spergulari,ウシオツメクサ属
spermatozo,精子
spermogoni,精子器
spiroketal,スピロヘータ目
stafilokok,ブドウ球菌
stegocefal,迷歯類
sterkorari,トウゾクカモメ
sternorink,腹吻亜目
stradivari,ストラディバリ
stratosfer,成層圏
streptokok,連鎖球菌
strofantin,ストロファンチン
subliminal,閾下
subskripci,出資予約
sulfcianat,チオシアン酸塩
sulfonamid,スルホンアミド
supermarkt,スーパー
supozitori,座薬
susceptanc,サセプタンス
susceptibl,感受性
suspensori,懸垂帯
taklamakan,タクラマカン
tanganjiki,タンガニーカ
taĝikistan,タジキスタン
tegucigalp,テグシガルパ
teknikolor,テクニカラー
teknokrati,テクノクラシー
telencefal,終脳
terapeŭtik,治療学
terebintin,テレピン
terminator,明暗境界線
tizanopter,アザミウマ目
tohuvabohu,混沌
topinambur,キクイモ
tragopogon,バラモンジン属
trajektori,軌道
transistor,トランジスタ
triakontan,トリアコンタン
triceratop,トリケラトプス
trikomicet,毛菌
tripanosom,トリパノソーマ
trismegist,トリスメギストス
tropidonot,ナトリクス
tuberkulin,ツベルクリン
umbilikari,イワタケ属
utrikulari,タヌキモ属
uzbekistan,ウズベキスタン
valerianel,ノヂシャ属
vazopresin,バソプレシン
vaŝingtoni,ワシントン州
verumontan,精丘
vestminstr,ウェストミンスター
virtemberg,ヴュルテンベルク
vorarlberg,フォアアールベルク
vurtemberg,ビュルテンベルク州
ĉatobriand,シャトーブリアン
ĥalkolitik,銅石器
ĥondrostom,コンドロストマ属
abstinenc,節制
acetonuri,アセトン尿
acipenser,チョウザメ
adamantin,エナメル質
adeliland,アデリーランド
adrenalin,アドレナリン
aerobatik,曲芸飛行
afanipter,ノミ目
agamemnon,アガメムノン
akreditiv,信用状
aktinolit,緑閃石
akvamarin,アクアマリン
aldebaran,アルデバラン
aliteraci,頭韻
alkanolat,アルコキシド
alternanc,交番
amblistom,アンビストマ
amfetamin,アンフェタミン
amfibolit,角閃岩
amfitrion,アンフィトリュオン
amigdalin,アミグダリン
amorfofal,コンニャク
amsterdam,アムステルダム
anakinezi,運動再教育
anaksagor,アナクサゴラス
analeptik,興奮薬
analgezik,鎮痛薬
anamorfoz,歪像
anastatik,ジェリコバラ
anastomoz,吻合
anateksit,再溶融岩
anatoksin,トキソイド
aneŭploid,異数性
anglicism,英語風
anizokori,瞳孔不同
antipirin,アンチピリン
antisemit,反ユダヤ
antoksant,ハルガヤ属
antverpen,アントワープ
apatosaŭr,アパトサウルス
apokalips,黙示録
aponeŭroz,腱膜
aposiopez,黙説
arabidops,シロイヌナズナ
argironet,ミズグモ
aristofan,アリストファネス
aristotel,アリストテレス
aritenoid,披裂軟骨
arkeozoik,太古代
arsacetin,アルサセチン
asklepiad,トウワタ
asparagin,アスパラギン
aspidistr,ハラン
aspirator,吸引器
asterolin,アステロリノン属
astianaks,アステュアナクス
astrakant,トゲゲンゲ属
astronaŭt,宇宙飛行士
aventurin,砂金石
avikulari,トリクイグモ属
aĥaŝveroŝ,アハシュエロス
aŭksotrof,栄養要求性
aŭrignaci,オーリニャック期
aŭtomatik,自動学
badminton,バドミントン
bakĥanali,乱痴気騒ぎ
bakĥofest,バッコス祭
balancier,テンプ等
balantidi,バランチジウム
bandolier,弾帯
bangladeŝ,バングラデシュ
bartolome,バルトロマイ
basketbal,バスケットボール
bekvadrat,ナチュラル
belerofon,ベレロポン
bertoleti,ブラジルナッツ
bikonveks,両凸
birmingam,バーミンガム
bjalistok,ビヤウィストク
bjelostok,ビャウィストク
blastocer,ヌマジカ
blenoragi,淋病
borborigm,腹鳴
bramaputr,ブラマプトラ
bratislav,ブラチスラバ
brigantin,ブリガンティン
brikabrak,骨董雑貨
brunfelsi,ブルンフェルシア
brusoneti,コウゾ属
bugenvili,ブーゲンビル
centipeli,蜂巣胃
centrifug,遠心
centripet,求心
centromer,セントロメア
centrosom,中心体
ceratofil,マツモ属
cezalpini,ジャケツイバラ属
ciberspac,電脳空間
ciklostil,謄写
ciklostom,円口類
ciklotimi,循環気質
ciklotron,サイクロトロン
cimbalari,ツタバウンラン属
cimicifug,サラシナショウマ属
cinocefal,ヒヒ
cipripedi,アツモリソウ属
cirkumcid,割礼
cisticerk,嚢虫
citokinin,サイトカイニン
dagerotip,ダゲレオタイプ
daresalam,ダルエスサラーム
dehidraci,脱水
dekameron,デカメロン
dekrement,減衰
delikvesk,潮解性
delkreder,支払保証
deltaplan,ハンググライダ
demarkaci,境界画定
dendrolag,樹上カンガルー
depravaci,倒錯
destrojer,駆逐艦
deŭkalion,デウカリオン
diagnozik,診断学
didaskali,ト書き
difenbaki,ディフェンバキア
difeomorf,微分同相
diferenci,異なる
digitalin,ジギタリン
diktiosom,ゴルジ小体
dilatator,拡張筋
diminuend,ディミヌエンド
diminutiv,指小語
dinamotor,発電動機
direktori,総裁政府
direktric,準線
disertaci,論文
disjunkci,選言
diskrimin,識別
diskursiv,推論的
dismenore,月経困難
dispozici,配置
diverĝenc,発散
doksologi,頌栄
dominikan,ドミニコ会士
drakunkol,タラゴン
dramaturg,劇作家
duralumin,ジュラルミン
duseldorf,デュッセルドルフ
eglanteri,スイートブライア
ejnŝtejni,アインスタイニウム
ekshibici,露出症
ekslibris,蔵書票
ekspedici,遠征
ekspektor,喀痰
ekspertiz,鑑定
eksplicit,明示
eksponent,指数
ekstensor,伸筋
ekstrados,迫持外面
ekstrapol,補外
ekzekutiv,行政権
elateriin,エラテリン
elefantin,エレファンティネ
elektuari,舐剤
eleokarit,ハリイ属
embriofit,有胚植物
embrokaci,湿布薬
empeneron,昇降舵
energetik,エネルゲティーク
enkaŭstik,蝋画法
enumeraci,列挙法
epaminond,エパメイノンダス
epanortoz,訂正法
epinefrin,エピネフリン
epipaktid,カキラン属
epiteliom,上皮腫
eratosten,エラトステネス
eriobotri,ビワ
eritrocit,赤血球
eritrozin,エリスロシン
eskalator,エスカレーター
estradiol,エストラジオール
evangeliz,福音伝道
eŭdiometr,ユージオメーター
faktorial,階乗
falanster,共同居住舎
falaropod,ヒレアシシギ
fanerogam,顕花植物
farenhejt,華氏
farmakope,薬局方
fenacetin,フェナセチン
fenantren,フェナントレン
ferdinand,フェルディナンド
fibrilaci,細動
fikomicet,藻菌類
filadelfi,フィラデルフィア
filakteri,聖句箱
filodendr,フィロデンドロン
filosemit,親ユダヤ
firmament,天空
flagelant,鞭打苦行者
flogiston,フロギストン
folikulin,エストロン
fomalhaŭt,フォマルハウト
fontanbel,フォンテンブロー
foradendr,アメリカヤドリギ属
fosfaturi,リン酸塩尿症
fosforesk,リン光
fraksinel,ハクセン
frankfurt,フランクフルト
frankolin,シャコ
franĝipan,フランジパン
fraterkul,ツノメドリ
frenologi,骨相学
fritilari,バイモ
fruktidor,果月
frustraci,欲求不満
funikular,ケーブルカー
gametofit,配偶体
gamopetal,合弁花類
gastornit,ガストルニス
generator,発生器
georgtaŭn,ジョージタウン
germanium,ゲルマニウム
giberelin,ジベレリン
gibraltar,ジブラルタル
gimnastik,体操
gimnofion,無足目
glaŭkonit,海緑石
gliptotek,彫玉館
globinuri,グロビン尿
globulari,ルリカンザシ
glosolali,異言
glukozuri,糖尿
glutation,グルタチオン
gotenburg,イェーテボリ
grapfrukt,グレープフルーツ
graptolit,筆石類
groenland,グリーンランド
grosulari,スグリ属
grumiksam,グルミシャマ
guangdong,広東
gutenberg,グーテンベルク
gŭangdong,広東
haleluja!,ハレルヤ!
hamadriad,ハマドリュアス
hamamelid,マンサク属
hamburger,ハンバーガー
haruspeks,臓卜師
hasdrubal,ハスドルバル
hebefreni,破瓜病
helespont,ヘレスポントス
helgoland,ヘルゴラント
heliantem,ハンニチバナ
hematemez,吐血
hemerokal,キスゲ
hendiadin,二詞一意
herostrat,ヘロストラトス
heterodin,ヘテロダイン
heterosom,性染色体
heterozid,ヘテロシド
heŭristik,発見法
hidrastid,ヒドラスチス
hidraŭlik,水圧
hierofant,祭司長
hierogami,聖婚
hilozoism,物活論
hindoĉini,インドシナ
hindustan,ヒンドスタン
hiperbore,極北人
hiperkriz,超臨界
hipokaŭst,床下暖房
hipospadi,尿道下裂
hipotenuz,斜辺
hipsokrom,青色移動
hiskiamin,ヒヨスチアミン
hispaniol,イスパニョーラ
holokaŭst,ホロコースト
huaskaran,ワスカラン
ignimbrit,溶結凝灰岩
iktiofagi,魚食
iktiosaŭr,魚竜
iluminaci,照明
impatient,ツリフネソウ属
imperator,インペラトル
impetigin,膿痂疹
impresion,印象
indigofer,コマツナギ
indigozid,インジカン
indikator,指示器
indulgenc,贖宥
infloresk,花序
informaci,情報量
infundibl,漏斗部
iniciator,創始者
inkandesk,白熱
inklinaci,傾斜
inkubator,孵卵器
insolvent,支払不能
insurekci,蜂起
insurgent,蜂起者
interdikt,聖務停止
internaŭt,ネット利用者
interstic,間質
intertrig,間擦疹
inĝenieri,工学
ipekakuan,吐根
islamabad,イスラマバード
iĥtiofagi,魚食
iĥtiosaŭr,魚竜
jehoŝafat,ヨシャファト
jerusalem,エルサレム
jeruzalem,エルサレム
justinian,ユスティニアヌス
kakuminal,反舌音
kalefakci,膜沸騰
kaliforni,カリフォルニア
kaligrafi,書道
kalistegi,ヒルガオ
kalitriks,マーモセット属
kalkedoni,玉髄
kalorifer,暖房器
kamembert,カマンベール
kamerling,カメルレンゴ
kanacikad,ヒグラシ
kancional,聖歌集
kantilevr,片持ち梁
kapernaum,カファルナウム
kaprifoli,スイカズラ
kaprikorn,やぎ座
kaprimulg,ヨタカ
karakorum,カラコルム
karboline,クレオソート油
karborund,カーボランダム
karbunkol,赤宝石
karmanjol,カルマニョール
kasiterit,錫石
kataforez,電気泳動
kataklism,大災害
katamaran,カタマラン
katekumen,求道者
kateĥumen,求道者
katoptrik,反射光学
kavaopipr,カヴァ胡椒
kazaĥstan,カザフスタン
kazuistik,決疑論
kiberspac,サイバー空間
kinematik,運動学
kingstaŭn,キングスタウン
kinhidron,キンヒドロン
kiromanci,手相占い
kitakiuŝu,北九州
klaroskur,明暗法
klavikord,クラヴィコード
klementin,クレメンティン
klimakter,更年期
klodovald,クロドヴァルト
kloropren,クロロプレン
klostridi,クロストリジウム
koadjutor,補佐司教
kolatitud,余緯度
koleopter,甲虫目
koleoptil,子葉鞘
kolibacil,大腸菌
koloratur,コロラトゥーラ
kolumbari,納骨堂
kombinaci,組合せ
komparaci,比較法
kompleksi,体質
kompletiv,補足
kompozici,楽曲
kompresor,圧縮機
komutator,切換器
koncertin,コンサーティーナ
kondensor,集光レンズ
kondiment,調味料
kondotier,傭兵隊長
kondroste,軟質魚類
konestabl,大元帥
konetikut,コネチカット
konglomer,礫岩
konkordat,政教協約
konskript,徴集兵
konsonanc,協和音
konstanci,コンスタンティウス
konstrikt,収縮
kontaktor,接触器
konvalesk,回復期
koordinat,座標
koprofagi,食糞症
koprolali,汚言症
kopulativ,述語格
koraloriz,サンゴラン属
kordelier,コルドリエ
koregidor,コレヒドール
koregrafi,振付
korpulent,肥満
kortinari,フウセンタケ属
kosmonaŭt,宇宙飛行士
kotiledon,子葉
kreatinin,クレアチニン
krematori,火葬場
krescenti,ヒョウタンノキ属
kriptogam,隠花植物
kristalin,水晶体
kristiani,クリスチャニア
kristofor,クリストファー
kriticism,批判主義
krizopraz,クリソプレーズ
krizostom,クリュソストモス
kromanjon,クロマニヨン
kromotipi,多色印刷
krotalari,タヌキマメ属
ksantipin,クサンティッペ
ksantofil,キサントフィル
ksantosom,キサントソマ属
ksitigarb,地蔵
kulminaci,頂点
kupulifer,ブナ科
kvadrirem,四段橈船
kvarteron,クアドルーン
kvaternar,第四紀
kvinilion,10^30
kvinsland,クイーンズランド
kvodlibet,メドレー
lacedemon,ラケダイモン
lagoftalm,兎眼
lakedemon,ラケダイモン
laktukari,ラクツカリウム
lambrekin,垂れ飾り
langvedok,ラングドック
latifundi,大土地所有
laŭntenis,ローンテニス
leguminoz,マメ科
lemniskat,レムニスケート
leningrad,レニングラード
leontodon,タンポポモドキ属
leptospir,レプトスピラ
leŭkomain,ロイコマイン
lisamfibi,現生両生類
literator,文学者
litosperm,ムラサキ属
litotrici,砕石術
lizistrat,リュシストラタ
longobard,ランゴバルド
magdaleni,マドレーヌ期
magdeburg,マグデブルク
magistrat,市当局
magnetron,マグネトロン
mahabarat,マハーバーラタ
maharaŝtr,マハラシュトラ
majoritat,多数派
makulatur,損紙
maltusian,マルサス
malusoide,リンゴ亜科
mandragor,マンドラゴラ
mangostan,マンゴスチン
marseljez,ラ・マルセイエーズ
marsupial,有袋類
martingal,マーチンゲール
masaĉusec,マサチューセッツ
masaŝusec,マサチューセッツ
mastodont,マストドン
materkorn,マッターホルン
matrikari,カミツレ属
maŭritani,モーリタニア
mediastin,縦隔
meleagren,真珠貝属
mendelevi,メンデレビウム
menestrel,吟遊楽人
menisperm,メニスペルム属
merbromin,メルブロミン
merkantil,重商
merkaptan,メルカプタン
merkurial,ヤマアイ
meromorfi,有理型写像
mesoenter,腸間膜
metakarpe,中手
metroksil,サゴヤシ属
metuŝelaĥ,メトシェラ
mezalianc,不釣合婚
mickjeviĉ,ミツキェヴィチ
midŝipman,英国海軍候補生
minestron,ミネストローネ
minoritat,少数派
minutator,タイムスイッチ
miokastor,ヌートリア
mirmeleon,ウスバカゲロウ
mirobolan,ミロバラン
mizantrop,人間嫌い
moderator,減速材
monofizit,単性論
monoftong,単母音
monsinjor,モンシニョール
monstranc,聖体顕示台
montekarl,モンテカルロ
montenegr,モンテネグロ
montevide,モンテビデオ
montmartr,モンマルトル
montserat,モントセラート
multiplet,多重線
muskarden,ヨーロッパヤマネ
muskardin,硬化病
natalitat,出生率
navikular,舟状骨
nederland,オランダ
nevropter,脈翅類
neŭrolept,神経遮断薬
niktereŭt,タヌキ
nitrozoil,ニトロシル
nomogenez,ノモゲネシス
nukleosom,ヌクレオソーム
nukleotid,ヌクレオチド
nukleozid,ヌクレオシド
numerator,分子
nurenberg,ニュルンベルク
obstetrik,産科
obturator,シャッター
oestrogen,エストロゲン
ohioriver,オハイオ川
okcipital,後頭骨
oligoklaz,オリゴクレース
onomastik,固有名詞学
onomatope,擬音語
orangutan,オランウータン
orikterop,ツチブタ
ornitiski,鳥盤類
ornitogal,オオアマナ属
oscilator,発振器
osteopati,オステオパシー
oŝviencim,オシビエンチム
palatinat,プファルツ
paleozoik,古生代
palindrom,回文
palpitaci,動悸
pampelmus,ザボン
pandemoni,パンデモニウム
panmunĵom,板門店
panmunĵon,板門店
pantaleon,パンタローネ
papaverin,パパベリン
papiament,パピアメント語
paramarib,パラマリボ
parantrop,パラントロプス
paregorik,鎮痛
parietari,パリエタリア属
parkinson,パーキンソン
pasteŭriz,低温殺菌
patristik,教父学
pederasti,少年愛
pedikular,シオガマギク属
pejorativ,軽蔑的
pelargoni,ゼラニウム
peloponez,ペロポネソス
pendentiv,ペンデンティブ
penicilin,ペニシリン
pensionat,寄宿学校
pentateŭk,モーセ五書
pentatlon,五種競技
pentezile,ペンテシレイア
peridotit,かんらん岩
peristalt,蠕動
permanent,恒久
pernambuk,ペルナンブコ
pernicioz,悪性
perpinjan,ペルピニャン
persikari,イヌタデ属
peterburg,ペテルブルグ
petrograd,ペトログラード
pigmalion,ピグマリオン
piktogram,アイコン
pinakolon,ピナコロン
pinakotek,絵画館
pingvikul,ムシトリスミレ属
pipistrel,アブラコウモリ属
piramidal,三角骨
piramidon,アミノピリン
pirimidin,ピリミジン
pirokorak,ベニハシガラス属
piroluzit,軟マンガン鉱
pituitari,下垂体
pizistrat,ペイシストラトス
pjongjang,ピョンヤン
planetari,プラネタリウム
planuloid,中生動物
plasmopar,プラスモパラ属
platiceri,ビカクシダ属
plebiscit,国民投票
plejnkant,単旋聖歌
plektrant,プレクトランサス属
pneŭmokok,肺炎球菌
poliandri,一妻多夫
poligonat,アマドコロ属
polikromi,多色
pontederi,ポンテデリア属
portospen,ポートオブスペイン
postament,台座
postiljon,騎乗御者
potencial,潜在
praksitel,プラクシテレス
pratikabl,舞台平台
prazeodim,プラセオジム
precedenc,先例
precedent,先例
prenantes,フクオウソウ属
presbiter,長老
preskript,時効
preterici,不言及法
prezident,大統領
primorski,沿海州
prioritat,優先権
probablik,確率論
procelari,ミズナギドリ
produktor,映画制作者
profilakt,予防
prognozik,予測術
prohibici,禁止
prokariot,原核生物
proklitik,前接語
prokonsul,前執政官
prolaktin,プロラクチン
prominenc,隆起
prominent,隆起した
prosektor,解剖助手
prostraci,衰弱
prototrof,原栄養性
prozerpin,プロセルピナ
prozopope,擬人法
psikiatri,精神医学
pteraspid,プテラスピス
pterokarp,シタン属
pterosaŭr,翼竜
pulmonari,プルモナリア属
rabotator,電気鉋
radiolari,放散虫
rafanistr,ノハラダイコン
ramapitek,ラマピテクス
ramforink,ランフォリンクス
rastrumer,ピクセル
receptakl,花托
redemptor,贖い主
redundanc,冗長性
refektori,食堂
refleksiv,再帰代名詞
reflektor,ヘッドライト
refraktar,耐火
refraktor,屈折望遠鏡
reglament,規則
regulator,調整器
rehabilit,リハビリ
rejkjavik,レイキャビク
reklamaci,苦情
rekognosk,偵察
rekvizici,徴発
reluktanc,磁気抵抗
rendiment,効率
repetitor,家庭教師
reprezali,報復
reprograf,複写
resonator,共振器
rododendr,ツツジ
romantism,ロマン主義
sakrilegi,冒涜
saksifrag,ユキノシタ
salicilat,サリチル酸塩
salikilat,サリチル酸塩
salikorni,アッケシソウ属
salikozid,サリシン
salvarsan,サルバルサン
samarkand,サマルカンド
sandoming,サントドミンゴ
sansevier,サンスベリア
sarkopsil,スナノミ
sarusofon,サリュソフォン
saturnali,サトゥルナリア
saŭrkraŭt,ザワークラウト
sebastian,セバスチャン
segregaci,隔離
sekreciin,セクレチン
sekulariz,世俗化
selaginel,イワヒバ属
semiramis,セミラミス
semperviv,センペルビブム
senegambi,セネガンビア
sentiment,感情
serpenten,蛇紋石
sesdeknaŭ,69
sfenodont,ムカシトカゲ
sfingozin,スフィンゴシン
siderurgi,鉄鋼業
sieraleon,シエラレオネ
sigismond,ジギスムント
simfalang,フクロテナガザル
sinantrop,北京原人
sinklinal,向斜
sisirinki,ニワゼキショウ
skandinav,スカンジナビア
skapulari,肩布
skistosom,住血吸虫
skorzoner,フタナミソウ
skrapator,スクレーパー
skutelari,タツナミソウ属
smilodont,スミロドン
solicitor,事務弁護士
solipsism,唯我論
sparadrap,絆創膏
spektator,観客
spekulari,レグジア属
spermacet,鯨蝋
spermatid,精子細胞
spermidin,スペルミジン
spirantes,ネジバナ属
spiritual,精神
splanknik,内臓神経
spondiloz,脊椎強直
sporogoni,蘚苔胞子体
sporotrik,スポロトリクス
staplourb,集散都市
stegosaŭr,ステゴサウルス
steradian,ステラジアン
stereotip,ステレオタイプ
stilistik,文体論
stokastik,確率論
stranguri,排尿痛
strasburg,ストラスブール
subaltern,下位
subjunkci,従属接続詞
subsidenc,沈降
surealist,シュルレアリスト
tabernakl,幕屋
taksonomi,分類学
tanganjik,タンガニーカ
tardigrad,緩歩動物
teknokrat,テクノクラート
teknologi,工業技術
teknopati,職業病
telematik,情報通信
temistokl,テミストクレス
teobromin,テオブロミン
terminali,モモタマナ属
termistor,サーミスタ
terpineol,テルピネオール
terpsikor,テルプシコレ
tertulian,テルトゥリアヌス
tesalonik,テッサロニキ
tetragoni,ツルナ属
tetraklin,テトラクリニス属
tetralogi,四部作
tetrastil,四柱式
timpanost,鼓室部
tiptologi,叩音交霊
tiristron,サイリスタ
tokantinz,トカンティンス川
tokoferol,トコフェロール
tormentil,タチキジムシロ
trakeofit,維管束植物
tramontan,トラモンタナ
trampolin,トランポリン
transakci,取引
transcend,超越
transgres,海進
translaci,並進
transmisi,伝送
transvers,横断
trapezost,大菱形骨
travertin,トラバーチン
trebizond,トラブゾン
tribadism,女性同性愛
tridentin,トリデントゥム
trikosant,カラスウリ
triplikat,三通目
triptofan,トリプトファン
triptolem,トリプトレモス
triĥopter,トビケラ目
troglodit,穴居人
trokanter,転子
tropopaŭz,対流圏界面
troposfer,対流圏
turbelari,渦虫綱
turkestan,トルキスタン
ulanbator,ウランバートル
umbelifer,セリ科
urotropin,ウロトロピン
ustilagal,クロボキン目
uzurpator,簒奪者
valencien,バランシェンヌ
valparais,バルパライソ
vandegraf,バンデグラーフ
varingjen,ヴァランギャン
vegetalin,植物性バター
velington,ウェリントン
vendemier,ヴァンデミエール
vermiljon,朱色
verticili,バーティシリウム
vespazian,ウェスパシアヌス
vikstremi,ガンピ属
vinilkosm,ヴィニルコスモ
vintertur,ヴィンタートゥール
viskonsin,ウィスコンシン州
volgograd,ボルゴグラード
voltametr,電量計
volvariel,フクロタケ属
zantoksil,サンショウ
zaratuŝtr,ツァラトゥストラ
zidovudin,ジドブジン
zigomicet,接合菌綱
zigomikot,接合菌門
ĉampinjon,マッシュルーム
ĉarleston,チャールストン
ĉjiĉjihar,チチハル
ĉomolungm,チョモランマ
ĝeneralif,ヘネラリフェ
ĝentleman,紳士
ĝibraltar,ジブラルタル
ĥabarovsk,ハバロフスク
ĥondroste,軟質魚類
ĵiĵicikad,ニイニイゼミ
ŝakjamuni,釈迦牟尼
ŝampinjon,マッシュルーム
ŝimonosek,下関
ŝvarcvald,シュバルツバルト
abduktor,外転筋
aborigen,原住民
abrogaci,廃止
abutment,橋台
acetabul,寛骨臼
acetilen,アセチレン
adenozil,アデノシル
adenozin,アデノシン
adjudant,准尉
admiralt,アドミラルティ
admitanc,アドミタンス
adriatik,アドリア海
adstring,収斂
adventic,外膜
adventiv,不定
aerodrom,飛行場
aerofagi,空気嚥下
aerofram,機体
aeronaŭt,気球操縦士
afidavit,宣誓供述書
afrikans,アフリカーンス
afrodizi,性欲
agaragar,寒天
agnostik,不可知
agregaci,アグレガシオン
agrigent,アグリジェント
agrimoni,キンミズヒキ
agrostem,ムギセンノウ
agrostid,ヌカボ
akantias,アブラツノザメ
akcidenc,偶有性
akeronti,メンガタスズメ
akonitin,アコニチン
akonkagv,アコンカグア
akordion,アコーディオン
akrolein,アクロレイン
akrostik,折句
akroĥord,ヤスリヘビ
aksolotl,アホロートル
aktinidi,マタタビ属
aktinist,シーラカンス類
akvaltir,吸湿性
akvatint,アクアチント
akvedukt,水道橋
akvifoli,セイヨウヒイラギ
alantoid,尿膜
albatros,アホウドリ
albigens,アルビ派
albugine,白膜
alcestis,アルケスティス
alcibiad,アルキビアデス
aldernej,オルダニー
alfonsin,アルフォンシーヌ
algoritm,アルゴリズム
algvazil,警吏
alizarin,アリザリン
alkadien,アルカジエン
alkekeng,ホオズキ
almagest,アルマゲスト
almandin,アルマンディン
alopekur,スズメノテッポウ
aloritmi,異常脈
alteraci,変質
alveolar,歯茎音
alveolin,アルベオリナ
amalekid,アマレク人
amanitin,アマニチン
amarilid,アマリリス
amateras,天照大神
ambistom,アンビストマ
ambulakr,歩帯
amfiartr,半可動関節
amfibrak,短長短格
amfibraĥ,短長短格
amfineŭr,双神経類
amfitrit,アンフィトリテ
ampelops,ノブドウ
amplifik,増幅
amplitud,振幅
anakardi,カシューナット
anakolut,破格構文
anakoret,隠修士
anakreon,アナクレオン
analgezi,無痛覚症
analitik,解析
anastazi,アナスタシア
anastrof,倒置
andersen,アンデルセン
androgen,アンドロゲン
androgin,雌雄両性
andromaĥ,アンドロマケ
andromed,アンドロメダ
androzac,トチナイソウ
aneŭrism,動脈瘤
anglikan,聖公会
angostur,アンゴスツラ
angstrom,オングストローム
anhidrid,無水物
anhidrit,硬石膏
anizidin,アニシジン
ankrizit,錨形
anoreksi,拒食症
antefiks,軒飾り
antenari,アンテナリア
anteridi,造精器
antidork,スプリングボック
antocian,アントシアニン
antracen,アントラセン
antracit,無煙炭
antrakoz,炭肺
apercept,統覚
aperitiv,食前酒
apoĝatur,前打音
aproksim,近似
aragonit,霰石
araknoid,クモ膜
araŭkari,ナンヨウスギ
arbitraĝ,さや取り
argentan,洋銀
argentin,アルゼンチン
argoland,アルゴリス
argonaŭt,タコブネ
aristark,アリスタルコス
arkansas,アーカンソー
arkegoni,造卵器
arkipter,原翅類
arkiteŭt,ダイオウイカ
arkitrav,アーキトレーブ
arkivolt,迫縁
arkosaŭr,主竜類
armilari,ナラタケ属
armistic,休戦
armoraci,ワサビダイコン
arsonval,ダルソンバル
artefakt,人工物
artemizi,ヨモギ属
artokarp,パンノキ属
arĝentan,洋銀
arĥitrav,アーキトレーブ
asafetid,阿魏
asimptot,漸近線
asistoli,心収縮不全
aspergil,アスペルギルス
aspiraci,帯気
asterisk,アステリスク
asteroid,小惑星
asterozo,星形動物
astigmat,乱視
astragal,ゲンゲ
astrakan,アストラカン
astraĥan,アストラハン
astrolab,アストロラーベ
asuncion,アスンシオン
ataraksi,平静心
atlantid,アトランティス
azeotrop,共沸
aĥeronti,メンガタスズメ
aŭbrieti,ムラサキナズナ
aŭgsburg,アウクスブルク
aŭgusten,アウグスティヌス
aŭrelian,アウレリアヌス
aŭtodafe,異端火刑
aŭtoklav,オートクレーブ
aŭtokton,原住民
aŭtomaci,自動化
aŭtonomi,自治
aŭtotrof,独立栄養
bakalaŭr,学士
balalajk,バラライカ
balancel,バランチェル
baltazar,バルタザール
baltimor,ボルティモア
balzamit,コストマリー
banderil,バンデリリャ
barateri,海上詐欺
barbaden,オオミノトケイ
barbados,バルバドス
barbakan,甕城
barbaros,赤ひげ
barbiton,バルビトン
barbitur,バルビツール
barcelon,バルセロナ
barkarol,バルカロール
barnabas,バルナバ
batisfer,バチスフェア
batiskaf,バチスカーフ
batokrom,長波長化
bazament,基壇
bekabung,カワヂシャ
bekverel,ベクレル
belemnit,ベレムナイト
belmopan,ベルモパン
belmupan,ベルモパン
belveder,展望台
belzebut,ベルゼブブ
belŝacar,ベルシャザル
benedikt,ベネディクト
beneluks,ベネルクス
bengalur,ベンガルール
benjamen,ベニヤミン
benzidin,ベンジジン
berberis,メギ
bergamot,ベルガモット
bertrand,ベルトラン
besarabi,ベッサラビア
betatron,ベータトロン
betelĝuz,ベテルギウス
bikonkav,両凹
bilabial,両唇音
bilharzi,住血吸虫
biocenoz,生物群集
biskutel,ビスクテラ属
biĵuteri,模造宝飾
blokhaŭs,小要塞
bobolink,ボボリンク
bodisatv,菩薩
bohemian,ボヘミアン
bombicil,レンジャク属
bonapart,ボナパルト
bradiped,ナマケモノ科
brankard,担架
bravisim,最高
brazavil,ブラザビル
brindizi,ブリンディジ
briĝtaŭn,ブリッジタウン
brodkast,放送
brokatel,ブロカテル
brunsvik,ブラウンシュバイク
budapest,ブダペスト
budapeŝt,ブダペスト
bugenvil,ブーゲンビリア
bukareŝt,ブカレスト
bumerang,ブーメラン
burgundi,ブルゴーニュ
burokrat,官僚
butadien,ブタジエン
buĵumbur,ブジュンブラ
cecidomi,タマバエ
cefaloni,ケファリニア
celakant,シーラカンス
celenter,腔腸
celesten,ケレスティヌス
celestit,天青石
celobioz,セロビオース
celoidin,セロイジン
celuloid,セルロイド
cementit,セメンタイト
centaŭre,ヤグルマギク属
centaŭri,ベニバナセンブリ属
centrant,ベニカノコソウ属
centriol,中心小体
cerambik,カミキリムシ属
ceratoni,イナゴマメ属
cerbatan,吹き矢筒
cerefoli,チャービル
cervelas,セルヴラ
cianofit,藍藻類
cianorat,金シアン塩
cianorit,金シアン塩
cicindel,ハンミョウ属
ciklamen,シクラメン
ciklogir,ヘリコプター
cinerari,シネラリア
cinodont,ギョウギシバ属
cinoglos,オオルリソウ属
cisterci,シトー
cistocel,膀胱瘤
citokrom,シトクロム
citrolin,シトルリン
citronel,シトロネラ
civetikt,アフリカシベット
dagestan,ダゲスタン
dagobert,ダゴベルト
daktilis,カモガヤ属
dalbergi,ツルサイカチ属
dalmatik,ダルマチカ
damasken,象眼
danaidin,ダナオス娘
dardanel,ダーダネルス
darkemon,ダリック金貨
daŭlagir,ダウラギリ
decemvir,十人官
defensiv,守勢
dekatlon,十種競技
dekstrin,デキストリン
delavari,デラウェア州
demimond,半社交界
demodeks,ニキビダニ
demokrit,デモクリトス
demonstr,実証
demosten,デモステネス
denotaci,外延
densteti,コバノイシカグマ
depozici,証言する
depresor,下降性
desapont,失望させる
desdemon,デズデモーナ
desmosom,接着斑
detektor,検波器
detonaci,爆轟
deŭteron,重陽子
diapedez,血球遊出
diatomit,珪藻土
digitari,メヒシバ属
dikarion,二核体
diktatur,独裁
diletant,好事家
diliĝenc,乗合馬車
dinornit,ディノルニス
dinosaŭr,恐竜
dinoteri,ディノテリウム
dioptrik,屈折光学
dioskore,ヤマノイモ属
diplodok,ディプロドクス
dipterik,トンカマメ属
direktal,垂直尾翼
dirigent,指揮者
disident,反体制
diskreci,裁量
disleksi,読字障害
disonanc,不協和
disprozi,ジスプロシウム
docetism,仮現説
dolĉamar,ズルカマラ
domician,ドミティアヌス
dongting,洞庭湖
donkiĥot,ドンキホーテ
dortmund,ドルトムント
dragoman,通訳官
drednaŭt,弩級艦
drenilar,排水網
drozofil,ショウジョウバエ属
duplikat,副本
duramatr,硬膜
edelvejs,エーデルワイス
edinburg,エディンバラ
efemerid,天体暦
efervesk,発泡
efloresk,風解
ejnŝtejn,アインシュタイン
ejŝhorni,ホテイアオイ属
ekinokok,エキノコックス
eklampsi,子癇
eklektik,折衷
ekliptik,黄道
ekonomik,経済学
ekscentr,偏心
ekscepci,抗弁
eksciton,励起子
ekskreci,排泄
ekspansi,膨張
ekvinoks,昼夜平分
ekzantem,発疹
ekzekuci,執行
ekzokrin,外分泌
ekzorciz,悪魔払い
elektret,エレクトレット
elektrod,電極
elektrum,エレクトラム
elevator,貨物リフト
elitrigi,カモジグサ属
embrazur,壁開口
embrifit,有胚植物
emeritur,退職年金
emigraci,亡命移住
empedokl,エンペドクレス
emulsiaz,エムルシン
emulsiin,エムルシン
enantioz,撞着語法
enciklik,回勅
endimion,エンデュミオン
endokarp,内果皮
endokrin,内分泌
endorfin,エンドルフィン
endosmoz,内方浸透
endoteli,内皮
enharmon,異名同音
enklitik,後接語
ensintez,エン合成
enteleki,目的実現力
envergur,翼幅
epidendr,エピデンドラム属
epididim,精巣上体
epifonem,警句的結語
epiornit,エピオルニス
epistaks,鼻出血
epistrof,軸椎
epitaksi,エピタキシー
epitalam,祝婚歌
epizooti,獣疫
eraripov,不可謬
erigeron,ムカシヨモギ属
eritroni,カタクリ属
erizifal,ウドンコカビ目
eskadron,騎兵中隊
eskvilin,エスクイリーノ
eskvizit,精妙
esplanad,広場遊歩道
estivaci,花芽内配列
estragon,タラゴン
etlinger,エトリンゲラ属
evaporit,蒸発岩
evolvent,伸開線
eĥinokok,エキノコックス
eŭfrozin,エウフロシュネ
eŭkalipt,ユーカリ
eŭkariot,真核
eŭmetrop,正視
eŭpatori,ヒヨドリバナ属
eŭtanazi,安楽死
faktitiv,使役形
falanger,クスクス属
falenops,コチョウラン属
falkland,フォークランド
falĉator,刈取機
fanariot,ファナリオット
farandol,ファランドール
farnezol,ファルネソール
farnient,無為
fazeolus,インゲンマメ属
felandri,毒セリ
feldspat,長石
fenugrek,フェヌグリーク
feofitin,フェオフィチン
ferician,フェリシアン
ferotipi,フェロタイプ
festival,祭
filadelf,バイカウツギ
filament,フィラメント
filateli,切手収集
filigran,線条細工
filokser,ネアブラムシ
filoktet,ピロクテテス
filoskop,メボソムシクイ
filostom,葉鼻蝙蝠属
finister,フィニステレ
fistulin,カンゾウタケ属
fitoftor,エキビョウキン属
fitokrom,フィトクロム
flakurti,ルカム
flamberg,フランベルジュ
flaĝolet,フラジョレット
flebotom,サシチョウバエ属
flegeton,フレゲトン
flegmazi,炎症
flibustr,海賊
flikilar,補修道具
flugipov,飛行可能
fluoresk,蛍光
fokstrot,フォックストロット
foliklin,エストロン
fomalhot,フォマルハウト
fontanel,泉門
forfikul,ハサミムシ
formalin,ホルマリン
fortalez,フォルタレザ
fortunat,フォルトゥナトゥス
fortunel,キンカン属
fosfatid,リン脂質
fosforit,リン鉱
frambezi,フランベジア
francisk,フランキスカ
francium,フランシウム
frankoni,フランケン
frederik,フレデリック
frekvenc,周波数
frekvent,頻繁
frenolog,骨相学
frikativ,摩擦音
fumigaci,燻蒸療法
funafuti,フナフティ
funkcial,関数方程式
furnitur,服飾付属品
fuzilier,小銃手
gabardin,ギャバジン
gadolini,ガドリニウム
galaktoz,ガラクトース
galimati,ちんぷんかん
galvaniz,電気めっき
gangster,ギャング
gargantu,ガルガンチュア
gaŭlteri,シラタマノキ属
geomanci,土占い
geraniol,ゲラニオール
geriatri,老年医学
germanik,ゲルマニクス
gernezej,ガーンジー
getseman,ゲツセマネ
gingival,歯茎硬口蓋
ginostem,ずい柱
giromitr,シャグマアミガサタケ
glagolic,グラゴル文字
glicerid,グリセリド
gliceril,グリセリル
glicerol,グリセロール
glikogen,グリコーゲン
glioksal,グリオキサール
globulin,グロブリン
glomerul,糸球体
glukagon,グルカゴン
glukozid,グルコシド
glutamin,グルタミン
glutenin,グルテニン
gradient,勾配
gramenac,イネ科
granulom,肉芽腫
gratifik,与える
graviton,重力子
graŭbind,グラウビュンデン
gregarin,グレガリナ類
grejhund,グレイハウンド
grenadil,グレナディラ
grenadin,グレナディーン
grenadir,擲弾兵
grenland,グリーンランド
grezijon,グレジヨン
grindeli,グリンデリア属
gronland,グリーンランド
grumiŝam,グルミシャマ
gustavin,グスタヴィーネ
guĝarati,グジャラート
gvadelup,グアドループ
gvandung,広東
gvatemal,グアテマラ
gŭangŝji,広西
habsburg,ハプスブルク
haleluja,ハレルヤ
hamilkar,ハミルカル
hanafism,ハナフィー学派
handikap,ハンデ
handspek,てこ棒
haŭstori,吸器
heksagon,六角形
heksanon,ヘキサノン
helikoni,ヘリコニア属
helikriz,ムギワラギク
heliodor,ヘリオドロス
heliopol,ヘリオポリス
hematozo,プラスモジウム
hemistik,半行
hemofili,血友病
hemoptiz,喀血
hemoragi,出血
hemoroid,痔核
henegovi,エノー
heptagon,七角形
heraklit,ヘラクレイトス
heraldik,紋章学
herkulan,ヘルクラネウム
herkules,ヘラクレス
hermetik,密封
herniari,ヘルニアリア属
herodias,ヘロディア
hesperid,ヘスペリス属
hidrange,アジサイ
hidrazin,ヒドラジン
hidrazon,ヒドラゾン
hidroker,カピバラ属
hidroĥer,カピバラ属
hierarĥi,階級制
hieratik,神官文字
hierodul,神殿奴隷
hieronim,ヒエロニムス
higrocib,アカヤマタケ属
higrofor,ヌメリガサ属
himantop,セイタカシギ
hindoĉin,インドシナ
hindukuŝ,ヒンドゥークシュ
hingiang,新疆
hiosciam,ヒヨス
hipeastr,ヒッペアストルム属
hiperbat,倒置法
hiperbol,双曲
hipofagi,馬肉食
hipogrif,ヒポグリフ
hipokamp,海馬
hipokrat,ヒポクラテス
hipokren,ヒポクレネ
hipostat,下位性
hipostil,多柱室
hipotaks,従属構文
hipsipet,ヒヨドリ
histamin,ヒスタミン
histerez,ヒステリシス
histidin,ヒスチジン
histrion,道化役者
holandez,オランデーズ
holofern,ホロフェルネス
holoturi,ナマコ
holstini,ホルシュタイン
homoteti,相似変換
homotopi,ホモトピー
homunkul,ホムンクルス
honduras,ホンジュラス
hongkong,香港
honolulu,ホノルル
hordelim,ホルデリムス属
hotentot,ホッテントット
humoresk,ユーモレスク
idiopati,特発病
ikneŭmon,ヒメバチ属
imaginar,虚
imidazol,イミダゾール
impedanc,インピーダンス
imperium,インペリウム
impotent,不能
incident,事件
indonezi,インドネシア
induktor,誘導器
inferenc,推論
infleksi,内的屈折
influenc,誘導
infuzori,繊毛虫類
inhibici,抑制
injektor,インジェクター
inkubaci,潜伏期
inkunabl,初期刊本
insolaci,日射病
insolent,無礼
integral,積分
interfer,干渉
interior,室内画
interkom,インターホン
intermez,間奏曲
internet,インターネット
interpol,補間
interval,間隔
intonaci,イントネーション
intrados,迫裏
intumesk,腫脹
inventar,目録
involuci,対合
involukr,総苞
irigator,灌腸器
iskariot,イスカリオテ
iskiatik,坐骨神経痛
istanbul,イスタンブール
izengrin,イザングラン
izentrop,等エントロピー
izolepid,イソレピス属
jaborand,ヤボランジ
jadeitit,ヒスイ岩
jakarand,ジャカランダ属
jamusukr,ヤムスクロ
jerobeam,ヤロブアム
jeĥezkel,エゼキエル
johimbin,ヨヒンビン
jugoslav,ユーゴスラビア
jukatani,ユカタン
jungfraŭ,ユングフラウ
kadavrin,カダベリン
kafeteri,カフェテリア
kakofoni,不協和音
kalamint,カラミント属
kalandra,コクゾウムシ
kalcedon,カルケドン
kalcidik,カルキディキ
kaledoni,カレドニア
kalembur,駄洒落
kaligraf,書道
kalistef,エゾギク
kalitrik,ミズハコベ属
kalitris,カリトリス属
kalkulus,結石
kamasutr,カーマスートラ
kameleon,カメレオン
kamerops,チャボトウジュロ属
kamizard,カミザール
kampanet,鉄琴
kampanil,鐘塔
kampanul,ホタルブクロ
kanonier,砲兵
kantalup,カンタロープ
kantarel,アンズタケ
kantilen,カンティレーナ
kaolinit,カオリナイト
kapadoci,カッパドキア
kaponier,カポニエール
kapotast,カポタスト
kapsikin,カプサイシン
karbamid,尿素
karbazid,カルバジド
karbazol,カルバゾール
karbazon,カルバゾン
karbinol,カルビノール
karbonad,カルボナード
karbonar,カルボナリ
karbunkl,癰
karcinom,癌腫
kardamin,タネツケバナ
kardamom,カルダモン
kariatid,カリアティード
kariljon,カリヨン
kariotip,核型
karkonoŝ,クルコノシェ
karmezin,深紅
karnalit,カーナライト
karnatak,カルナタカ
karoseri,車体
karpoide,カルポイド類
kartagen,カルタヘーナ
kaskaril,カスカリラ
katakrez,死喩
katalaŭn,カタラウヌム
katalekt,欠脚
katapult,カタパルト
katarant,ニチニチソウ属
katatoni,緊張病
katekism,教理問答
katenari,架線
katmandu,カトマンズ
katoblep,カトブレパス
kavalier,高砲台
kavalkad,騎馬行列
kazuaren,モクマオウ属
kaŭkalid,カウカリス属
kelidoni,クサノオウ
kenopodi,アカザ
kenotron,整流管
kenozoik,新生代
kergelen,ケルゲレン
kerkedul,シマアジ
ketognat,毛顎動物
ketogrup,ケト基
kinestez,運動感覚
kingston,キングストン
kinkonin,シンコニン
kirmesit,紅安鉱
kironekt,ミズオポッサム
kiropter,コウモリ目
kiselgur,珪藻土
klavicen,チェンバロ
klaŭdian,クラウディアヌス
klematid,クレマチス
klematit,クレマチス属
kleopatr,クレオパトラ
klepsidr,水時計
klerikal,教権主義
klevland,クリーブランド
klinilar,俯仰装置
klistron,クライストロン
klitandr,クリタンドル
klitocib,カヤタケ属
klorhidr,塩酸
klorofic,緑藻綱
klorofil,葉緑素
klorofit,緑藻植物
koferdam,仮締切
kokakola,コカコーラ
kokleari,トモシリソウ
kolargol,コラルゴール
kolazion,軽食
koldkrem,コールドクリーム
koleagog,利胆
kolektor,集電器
kolembol,トビムシ目
kolenkim,厚角組織
koleoriz,幼根鞘
kolkotar,弁柄
kolocint,コロシント
kolokasi,サトイモ
kolokazi,サトイモ属
kolokint,コロシントウリ
koloradi,コロラド州
kolutori,口腔塗布薬
kolĉikin,コルヒチン
komandor,騎士団長
komasaci,耕地整理
kombinat,コンビナート
komparti,共産党
kompendi,概要
kompiler,コンパイラ
kompleks,複合した
kompozit,複合
kompulsi,強迫衝動
komputor,コンピュータ
komsomol,コムソモール
kondilom,コンジローマ
konfeder,連合
konfront,対質
kongoruĝ,コンゴーレッド
konkreci,凝結体
konotaci,含意
konsolid,ヒエンソウ属
konsorci,コンソーシアム
konstabl,巡査
konstanc,コンスタンツ
konstitu,構成
kontempl,観想
kontener,コンテナ
kontrici,痛悔
kontumac,欠席審理
konulari,コヌラリア
konvekci,対流
kopaifer,コパイバ属
kopenhag,コペンハーゲン
kopernik,コペルニクス
koprolit,糞石
kopulaci,交尾
korbikul,シジミ
kordiler,コルディエラ
korduroj,コーデュロイ
koregraf,振付師
korektur,校正刷
korelaci,相関
koriandr,コリアンダー
koribant,コリュバント
korintik,コリント式
koriolan,コリオラヌス
kormofit,有胚植物
kormoran,ウ
kornemuz,バグパイプ
korolari,系
koronari,冠状
korporal,聖体布
korpuskl,粒子
kortizol,コルチゾール
kortizon,コルチゾン
kortrejk,コルトライク
kostarik,コスタリカ
kotiljon,コティヨン
koĉinĉin,コーチシナ
kraterel,クロラッパタケ属
kreodont,肉歯目
krescent,三日月形
kresĉend,クレッシェンド
krimhild,クリームヒルト
krinolin,クリノリン
kristian,クリスチャン
krizalid,さなぎ
krizokal,模造金
krizolit,クリソライト
krizomel,ハムシ属
krizotil,温石綿
kromatid,染色分体
kromatin,クロマチン
kromofor,発色団
kromosom,染色体
kronaksi,クロナキシー
kronŝtad,クロンシュタット
krotonal,クロトンアルデヒド
krozofor,クロゾフォラ属
krucifer,アブラナ科
ksenartr,異節類
ksenofon,クセノポン
ksestobi,キセストビウム属
ksifozur,カブトガニ類
ksilitol,キシリトール
ksiloste,欧州ヒョウタンボク
ktenofor,有櫛動物
kultivar,栽培品種
kurkumin,クルクミン
kvadrant,象限
kvalifik,規定する
kvirinal,クイリナーレ
laberdan,塩ダラ
labrador,ラブラドール犬
lafonten,ラ・フォンテーヌ
lagenari,ユウガオ
lagostom,ビスカーチャ
lagotrik,ウーリーモンキー属
lakrimal,涙骨
lambrusk,野ブドウ
laminari,コンブ
lancelot,ランスロット
lankastr,ランカスター
laroŝfuk,ラロシュフコー
latimeri,シーラカンス
lavandul,ラベンダー
laŭrenci,ローレンシウム
laŭrenti,ローレンシア紀
leceburg,ルクセンブルク語
legionel,レジオネラ
leiŝmani,リーシュマニア
lejŝmani,リーシュマニア
lenticel,皮目
levanten,レバント人
levistik,ラベージ
levitaci,空中浮揚
levjatan,リバイアサン
liaŭning,遼寧
libertin,自由思想家
liberurb,リーブルビル
librevil,リーブルビル
lienteri,不消化下痢
ligament,靭帯
likoperd,ホコリタケ属
likopodi,ヒカゲノカズラ
liniment,リニメント
liofiliz,凍結乾燥
lipotimi,前失神
litargir,リサージ
liverpol,リバプール
ljaŭning,遼寧
ljubljan,リュブリャナ
loganber,ローガンベリー
lokustel,センニュウ属
longeron,縦通材
longisim,最長筋
lotaring,ロタリンギア
loĝistik,兵站
luminesk,冷光
luzitani,ルシタニア
madrepor,マドレポラ属
madrigal,マドリガル
magdalen,マグダレーヌ
magnezit,マグネサイト
magnitud,マグニチュード
majmonid,マイモニデス
majordom,家令
makiavel,マキアベリ
makinlej,マッキンリー
makrolid,マクロライド
malstrom,大渦
mancinel,マンチニール
mandarin,マンダリン
mangifer,マンゴー属
manilkar,マニルカラ属
manĉestr,マンチェスター
marakaib,マラカイボ
maraskin,マラスキーノ
margaret,マーガレット
mariland,メリーランド
mariĥuan,マリファナ
markgraf,辺境伯
martagon,マルタゴンユリ
martinik,マルティニーク
maskaren,マスカリン諸島
maskaret,潮津波
maskerad,仮装会
mastriĥt,マーストリヒト
matogros,マットグロッソ
matriark,母権制
matrikul,登録簿
maĥinaci,陰謀
megateri,メガテリウム
melaleŭk,メラレウカ属
melampir,ママコナ
melanezi,メラネシア
melolont,コフキコガネ
melomani,音楽愛好
melongen,ナス
melpomen,メルポメネ
memorand,覚書
menaĝeri,小動物園
mendelev,メンデレーエフ
menopaŭz,閉経
merceriz,シルケット加工
meretric,娼婦
meretrik,ハマグリ
meringel,メレンゲ
meristem,分裂組織
merkatik,マーケティング
meromorf,有理型
merostom,節口類
mesenter,腸間膜
meskalin,メスカリン
metafoni,変母音
metakarp,中手
metaleps,メタレプシス
meteorit,隕石
metionin,メチオニン
metoksil,メトキシ
metonimi,換喩
mezenkim,間葉
mezenter,腸間膜
mezokarp,中果皮
mezosaŭr,メソサウルス類
mezostik,中 acrostic
mezotint,メゾチント
mezozoik,中生代
migdalin,アミグダリン
migmatit,ミグマタイト
mikropil,珠孔
miksedem,粘液水腫
mimetism,擬態
mincikad,ミンミンゼミ
minstrel,吟遊楽人
miristik,ニクズク属
mirliton,ミルリトン
mirmidon,ミュルミドン
miroksil,ミロキシロン属
misisipi,ミシシッピ州
mitridat,ミトリダテス
mnemonik,記憶術
mnemozin,ムネモシュネ
moktezum,モクテスマ
moldavik,ニオイリュウノウギク
molibden,モリブデン
momordik,ツルレイシ属
monodelf,モノデルフィス属
monotrem,単孔類
montreal,モントリオール
moratori,モラトリアム
mordeĥaj,モルデカイ
morfemik,形態論
morganat,貴賤結婚
mortadel,モルタデッラ
mortidev,死すべき
moskatel,マスカテル酒
motocikl,オートバイ
moviment,楽章
mozambik,モザンビーク
mozasaŭr,モササウルス
mozelvin,モーゼルワイン
muscikap,ヒタキ
musketer,銃士
muskovit,白雲母
muzulman,イスラム教徒
nacional,民族
naftalen,ナフタレン
nagaland,ナガランド
napoleon,ナポレオン
narkotin,ナルコチン
naskipov,出産可能
nasturci,オランダガラシ
nasturti,オランダガラシ属
nekrofor,シデムシ属
nekropol,ネクロポリス
nekropsi,検死
nektarin,ネクタリン
nemakejl,ネマケイルス属
nereidin,ネレイス
neŭropat,神経症者
nibelung,ニーベルング
nikaragv,ニカラグア
nikolait,ニコライ派
nikotian,タバコ
nominaci,命名同格
noskapin,ノスカピン
notakant,ノタカント
notonekt,マツモムシ属
novokain,ノボカイン
nucifrag,ホシガラス属
nukualof,ヌクアロファ
obsidian,黒曜石
ocitocin,オキシトシン
odontoid,歯突起
ofertori,奉献
oficinal,薬用
ofiklejd,オフィクレイド
oligocen,漸新世
oligoket,貧毛類
oligopol,寡占
oligoĥet,貧毛類
olimpiad,オリンピアード
olivenit,オリーブ銅鉱
olivinit,オリビナイト
onagrole,月見草油
onkocerk,オンコセルカ
ontogeni,個体発生
operator,演算子
oranĝeri,オレンジ温室
ordinaci,叙階
ordovici,オルドビス紀
oriental,東洋
ortognat,直顎
ortoklaz,正長石
ortopedi,整形外科
osteopat,整骨療法士
ostrakod,貝形虫
ostrogot,東ゴート
ozokerit,オゾケライト
pakiderm,厚皮動物
pakistan,パキスタン
palefren,儀礼乗用馬
paleocen,暁新世
paleogen,古第三紀
palestin,パレスチナ
paliativ,緩和
palinodi,撤回詩
palmiped,游禽類
paludism,マラリア
panarici,ひょう疽
pankraci,パンクラチオン
pankrati,パンクラチウム属
pankreas,すい臓
pankreat,膵臓
panoptik,パノプティコン
pantoten,パントテン
papilion,アゲハチョウ
paradize,フウチョウ
paragvaj,パラグアイ
paraklet,聖霊
paralaks,視差
parameci,ゾウリムシ属
parataks,並列法
parenkim,実質
parietal,頭頂骨
parmenid,パルメニデス
parmezan,パルメザン
paroniki,パロニキア属
paroniĥi,爪囲炎
partenon,パルテノン
partikul,助辞
partitiv,部分格
partizan,パルチザン
pasiflor,トケイソウ属
paspartu,パスパルトゥー
pastoral,牧歌
patriark,族長
paĥiderm,厚皮動物
paŭlovni,キリ属
pederast,小児性愛者
pediatri,小児医学
pedipalp,触肢
pegmatit,ペグマタイト
pektoral,胸筋
peneplan,準平原
penicili,ペニシリウム
pentagon,五角形
pentatom,カメムシ
pentotal,ペントタール
perceval,パーシヴァル
periferi,周辺
perigord,ペリゴール
perigozi,ペリゴール
perikard,心膜
perikarp,果皮
peripeti,急転
perisore,カケス属
periteci,子嚢殻
permaloj,パーマロイ
permeabl,透過性
permeanc,パーミアンス
permitiv,誘電率
perpleks,当惑
persefon,ペルセフォネ
persepol,ペルセポリス
persimon,カキ
personal,人称
perversi,異常
pikaresk,ピカレスク
pilokarp,ピロカルプス属
pimpinel,ミツバグサ属
pirakant,トキワサンザシ属
piretrin,ピレトリン
piridoks,ピリドキシ
piroksen,輝石
pitiriaz,粃糠疹
pitoresk,絵になる
pitsburg,ピッツバーグ
plankton,プランクトン
plasmodi,マラリア原虫属
platband,縁花壇
platform,プラットフォーム
plezuram,快楽好き
podgoric,ポドゴリツァ
podokarp,マキ属
polaroid,ポラロイド
polemoni,ハナシノブ属
polieŭkt,ポリュークト
poligini,一夫多妻
poliklit,ポリュクレイトス
polikrat,ポリュクラテス
poliksen,ポリュクセネ
polinezi,ポリネシア
poliptik,多翼画
polistik,イノデ属
pondiĉer,ポンディシェリ
pontifik,高位聖職者
populaci,個体群
porfirin,ポルフィリン
portolan,海図帳
portovin,ポートワイン
portugal,ポルトガル
portulak,スベリヒユ属
potentil,キジムシロ属
pozidoni,ポシドニア属
pozitron,陽電子
precipit,沈殿
premolar,小臼歯
prenipov,把握性
presbiop,老眼
presuriz,加圧
primadon,プリマドンナ
primaver,春
primordi,原基
principe,プリンシペ
procesor,プロセッサ
progresi,進歩する
prokrust,プロクルステス
prokuror,検察官
prolamin,プロラミン
prolifer,増殖
promotor,プロモーター
propolis,プロポリス
propriet,所有
prosceni,前舞台
proskrib,追放
protagon,主役
protagor,プロタゴラス
protamin,プロタミン
protonem,原糸体
proviant,食糧
psalteri,プサルテリウム
psikedel,サイケ
psikiatr,精神科医
psilofit,プシロフィトン属
psoralen,ソラレン
pulsatil,オキナグサ属
ragnarok,ラグナロク
rambutan,ランブータン
rangifer,トナカイ
rapunkol,ラプンツェル
rasdaŝan,ラスダシャン山
ratisbon,ラティスボナ
raĝastan,ラージャスターン
raĵastan,ラジャスタン
raŭvolfi,ラウウォルフィア属
reaktanc,リアクタンス
redingot,フロックコート
regurgit,逆流
rektifik,整流
rekvizit,小道具
relegaci,流刑
remanenc,残留磁気
rembrant,レンブラント
reparaci,賠償
reporter,レポーター
reskript,勅答
resoluci,消散
resolviv,分解能
resonanc,共鳴
restrikt,制限
resurekt,復活
retinakl,支帯
reverend,牧師敬称
rezerpin,レセルピン
rezident,駐在官
rezoluci,決議
rikecial,リケッチア目
riogrand,リオグランデ
ripidist,扇鰭類
ritornel,リトルネロ
rivulari,リブラリア属
rizokarp,リゾカルポン属
robinson,ロビンソン
rodopsin,ロドプシン
rokenrol,ロックンロール
romancer,ロマンス集
roterdam,ロッテルダム
rudiment,初歩
runcinat,逆向裂片
rusiljon,ルシヨン
saarbruk,ザールブリュッケン
saarland,ザールラント
sagitari,いて座
saksikol,ノビタキ属
saksofon,サクソフォン
salangan,アナツバメ
salcburg,ザルツブルク
salicil…,サリチル…
salikari,エゾミソハギ
salmonel,サルモネラ
salvador,サルバドル
salvelen,イワナ属
samizdat,サミズダート
samotrac,サモトラキ
sanatori,サナトリウム
sandarak,サンダラック
sanmarin,サンマリノ
sanpaŭli,セントポーリア
sansimon,サンシモン
sanskrit,サンスクリット
santalin,サンタリン
santalol,サンタロール
santolin,サントリナ
sanĥerib,センナケリブ
saponari,サボンソウ属
saprofit,腐生植物
sapropel,腐泥
saraband,サラバンド
saraceni,サラセニア属
sasafras,サッサフラス
satiriaz,男性色情症
saŭriski,竜盤類
sediment,沈殿
sekretin,セクレチン
sekstant,六分儀
sekundar,第二
sekvestr,供託
semantem,意義素
semantik,意味論
semekarp,セメカルプス属
seneskal,家令
sensitiv,オジギソウ
sentinel,歩哨
sepiolit,海泡石
serasalm,ピラニア属
serpigin,蛇行性
servitud,地役権
sesterci,千セステルティウス
sfalerit,閃亜鉛鉱
sigilari,シギラリア属
signatur,署名
signifik,有意
siliciid,ケイ化物
silvestr,シルベステル
simbiont,共生体
simbolik,象徴学
simbrank,タウナギ
simpatin,交感素
simpleks,単体
simultan,同時
sinapsid,単弓類
sinekdok,提喩
singapur,シンガポール
singulet,一重項
sisteron,シストロン
sizimbri,キバナハタザオ属
skafandr,潜水服
skamandr,スカマンドロス川
skarifik,乱切
skizofit,分裂植物
sklerant,スクレランサス属
skorpiur,サソリマメ属
skrutini,票検査
skulptur,彫刻
slivovic,スリヴォヴィツ
smiconit,菱亜鉛鉱
sofistik,詭弁術
soldanel,ソルダネラ
solenoid,ソレノイド
solfatar,硫気孔
somateri,ケワタガモ属
spargani,ミクリ属
specifik,明示
spermati,精子
spermore,精液漏
spicberg,スピッツベルゲン
spirator,吸入器
spirogir,アオミドロ
spiroket,スピロヘータ
spirulin,スピルリナ
sporofit,胞子体
stafilom,葡萄腫
stanisla,スタニスワフ
staĥanov,スタハノフ
steatore,脂肪便
sterkuli,ステルクリア属
sterling,英ポンド
stilobat,柱礎台
stimulin,刺激素
stokholm,ストックホルム
stramoni,チョウセンアサガオ
strangol,絞殺
stratiot,ミズアロエ
strelici,ストレリチア
striknin,ストリキニーネ
striptiz,ストリップ
strofant,ストロファントゥス
strofari,モエギタケ属
strombol,ストロンボリ
strongil,円虫
stutgart,シュトゥットガルト
subdukci,沈み込み
substitu,代用
substrat,基盤
sufragan,属司教
sufraget,女性参政権者
sukulent,多肉質
sulaŭesi,スラウェシ
sulfamid,スルホンアミド
sulfimid,スルフイミド
sulfinil,スルフィニル
sulfonil,スルホニル
sulfuril,スルフリル
supremat,至上
surmulet,ヒメジ
suspensi,懸濁
taksonom,分類学者
tamarind,タマリンド
tamarisk,ギョリュウ
tamaziĥt,アマジグ人
tapiseri,タペストリー
taraksak,タンポポ属
tarkvini,タルクィニウス
taĥingan,大興安嶺
taŭtomer,互変異性体
tegenari,タナグモ属
tegument,外被
tektonik,地質構造
telemark,テレマーク
teleoste,硬骨魚類
telestik,末字詩
televizi,テレビ放送
temporal,側頭骨
teodolit,経緯儀
teofilin,テオフィリン
terapeŭt,療法士
teraplan,エアクッション車
terapsid,獣弓類
termidor,テルミドール
terminal,端末
termopil,テルモピュライ
teromorf,単弓類
testacel,テスタケラ属
tetragon,正方形
tetralen,テトラリン
tetrarki,四帝統治
tiberiad,ティベリアス
tilandsi,チランジア属
timbuktu,トンブクトゥ
timianol,チモール
timpanon,ツィンバロン
tintilar,鈴楽器
tinunkol,チョウゲンボウ
tiraljor,狙撃兵
tiratron,サイラトロン
tirogene,甲状腺性
tiroksin,チロキシン
tirotrop,甲状腺刺激
togoland,トーゴ
toluidin,トルイジン
tomahaŭk,トマホーク
toponimi,地名学
torkemad,トルケマダ
tortikol,斜頸
tragelaf,ブッシュバック属
tragopog,バラモンジン属
transfuz,輸血
transpir,蒸散
transpon,転置
transval,トランスバール
travesti,もじり
trazimen,トラジメーノ湖
trematod,吸虫綱
tremolit,透閃石
treponem,トレポネーマ
tribunus,護民官
triftong,三重母音
trigonel,コロハ属
trikofit,白癬菌
trikolom,キシメジ属
trikonus,三錐
trikromi,三色写真法
triktrak,バックギャモン
trikvetr,三角骨
trilobit,三葉虫
trimaran,トリマラン
trimestr,四半期
trinidad,トリニダード
trinitat,三位一体
tripitak,三蔵
triumvir,三頭官
triĥofit,白癬菌
trobador,吟遊詩人
trokiter,上腕骨結節
trombidi,タカラダニ
trubadur,吟遊詩人
tularemi,野兎病
tungsten,タングステン
turmalin,電気石
turnedos,トゥルヌド
turniket,止血帯
upaniŝad,ウパニシャッド
uraninit,閃ウラン鉱
urtikari,じんましん
vagabond,放浪者
vagadugu,ワガドゥーグー
vajoming,ワイオミング州
valdemar,ヴァルデマール
valenten,バレンタイン
valerian,カノコソウ
vankuver,バンクーバー
varanasi,バラナシ
vaserman,ワッセルマン
vazistas,換気小窓
vencesla,ヴァーツラフ
venezuel,ベネズエラ
ventrikl,室
verakruc,ベラクルス
verbesin,ベルベシナ属
verbezen,ベルベシナ属
vermifug,駆虫剤
vernaliz,春化
verticil,輪生
vestfali,ウェストファリア
vibrator,振動機
vikipedi,ウィキペディア
viktuali,食糧
vilemurb,ウィレムスタード
vinkamin,ビンカミン
vinĉestr,ハードディスク
virulent,病原性
virĝinal,ヴァージナル
visegrad,ヴィシェグラード
vjentjan,ビエンチャン
vladimir,ウラジミール
vojevodi,県区
vojvodin,ヴォイヴォディナ
volejbal,バレーボール
volfgang,ヴォルフガング
vorcestr,ウスター
vorticel,ツリガネムシ
zanzibar,ザンジバル島
zigospor,接合胞子
zimbalon,ツィンバロン
zoroastr,ゾロアスター
ĉaŭdefon,ラショードフォン
ĉerimoli,チェリモヤ
ĉernobil,チェルノブイリ
ĉimboraz,チンボラソ山
ĉongking,重慶
ĉongĉing,重慶
ĉornobil,チョルノービリ
ĝarkutan,ジャルクタン
ĝerminal,芽月
ĝjangŝji,江西
ĥameleon,カメレオン
ĥetognat,毛顎動物
ĥironekt,ミズオポッサム
ĥiropter,コウモリ目
ĥorsabad,ホルサバード
ŝaptaliz,補糖する
ŝarĝator,ショベル機
ŝenopraz,チャイブ
ŝinĝjang,新疆
ŝlesvigi,シュレスヴィヒ
abandon,委付
abdomen,腹部
abdukci,外転
abelard,アベラール
aberaci,収差
abevili,アブビル
abolici,廃止
abraham,アブラハム
abrotan,キダチヨモギ
abstemi,節制
abudabi,アブダビ
abŝalom,アブサロム
adekvat,適切
adelaid,アデレード
adelajd,アデレード
adiabat,断熱
adjudik,入札付す
adjunkt,随伴
adolesk,思春期
aduktor,内転筋
adulari,氷長石
adulter,混入
advekci,移流
aerobik,エアロビクス
aerodin,エアロダイン
aerofor,呼吸器
aerosol,エーロゾル
afinaci,精錬
afrikat,破擦音
afrodit,アフロディテ
agapant,アガパンサス
agentur,代理権
aglomer,集塊
aglutin,膠着
agregat,集合体
agrikol,アグリコラ
agropir,カモジグサ
ahasver,アハスエルス
akirant,イノコズチ
akredit,信任
akropol,アクロポリス
akroter,アクロテリオン
aktuari,保険数理士
akustik,音響
akvilon,北風
akvitan,アキテーヌ
alambik,蒸留器
alatern,クロウメモドキ
albumen,胚乳
albumin,アルブミン
albumoz,アルブモース
alcelaf,ハーテビースト
alcioni,ウミトサカ
aldehid,アルデヒド
aleator,偶然
aleksin,アレキシン
alektor,イワシャコ
alenson,アランソン
aleŭrit,アブラギリ
aleŭrod,コナジラミ
alfenid,アルフェニド
algonki,原生代
alhambr,アルハンブラ
alicikl,脂環式
aliment,扶養料
alkanon,アルカノン
alkaraz,素焼水壺
alkazab,アルカサバ
alkazar,アルカサル
alkemil,ハゴロモグサ
alokazi,クワズイモ属
alokton,異地性体
alopati,逆症療法
alopeci,脱毛症
aloster,アロステリック
alotrop,同素
altitud,標高
alĉemil,ハゴロモグサ
amalgam,アマルガム
amarant,アマランサス
amazoni,アマゾニア
amaŭroz,黒内障
ambliop,弱視
ambrosi,アンブロシア
amelanĉ,ザイフリボク
amenore,無月経
americi,アメリシウム
ametrop,屈折異常
amfibol,角閃石
amfioks,ナメクジウオ
amfoter,両性
amianti,アミアンチウム
amoniak,アンモニア
amunzen,アムンゼン
anaglif,浮彫
anakond,アナコンダ
anakron,時代錯誤
anakruz,弱起
anamirt,コックルス
anapurn,アンナプルナ
anasark,全身浮腫
anateks,再溶融
anatoli,アナトリア
andaluz,アンダルシア
androce,雄蕊群
aneroid,アネロイド
anfrakt,くぼみ
angelin,アンジェリーヌ
ankiloz,関節強直
anodont,ドブガイ
anoplur,シラミ目
anormal,異常
anortit,灰長石
anstrom,オングストローム
antagon,敵対
antares,アンタレス
antarkt,南極の
antedon,ウミシダ
antemid,カミツレモドキ
antheli,対日照
antidot,解毒剤
antigon,アンティゴネ
antilid,アンティリス
antioĥi,アンティオキア
antirin,キンギョソウ
antonen,アントニヌス
antraks,炭疽
antrisk,チャービル
anuitat,年賦金
anĝelus,お告げの祈り
apendic,虫垂
apetenc,欲求
aplanat,無収差
apologi,弁明
apoloni,アポロニオス
apomiks,無融合生殖
apostat,背教者
apoteci,子嚢盤
apretur,仕上げ剤
apterig,キウイ属
arahant,阿羅漢
arenari,ノミノツヅリ
areopag,アレオパゴス
argemon,アザミゲシ
arginin,アルギニン
aristid,アリスティデス
arkebuz,火縄銃
arkiduk,大公
arkilok,アルキロコス
arkimed,アルキメデス
armadel,アルマジロ
armatur,鉄筋
armorik,アルモリカ
arsenal,兵器庫
artemis,アルテミス
arvikol,ミズハタネズミ
arĝirol,アルジロール
arĥiloĥ,アルキロコス
ascensi,天体上昇
asfiksi,窒息
asfodel,ツルボラン
asignat,アッシニャ
asindet,接続詞省略
askalon,シャロット
askarid,回虫
asklepi,アスクレピオス
asperul,クルマバソウ
aspirin,アスピリン
aspleni,チャセンシダ
astaten,アスタチン
atalant,アタランテ
atanazi,アタナシウス
atelier,アトリエ
atletik,陸上競技
atrabil,黒胆汁
atrakci,呼び物
atrepsi,無栄養症
atropin,アトロピン
atropos,アトロポス
aventin,アウェンティヌス
averoes,アヴェロエス
aviceni,ヒルギダマシ属
avinjon,アビニョン
avogadr,アボガドロ
azoturi,窒素尿
aŝkenaz,アシュケナジム
aŝtarot,アシュタロト
aŝĥabad,アシガバード
aŭditor,法務官
aŭgment,加音
aŭkland,オークランド
aŭrikul,アツバサクラソウ
aŭspici,後援
aŭstral,オーストラリア
aŭtarci,自給経済
aŭtarki,政治自立
aŭtigen,自生
aŭtosom,常染色体
aŭvernj,オーベルニュ
babilon,バビロン
babirus,バビルサ
bairiki,バイリキ
bajader,舞姫
bakanal,バッカス祭
bakarat,バカラ
bakelit,ベークライト
balafon,バラフォン
balaton,バラトン湖
balduen,ボードゥアン
balkani,バルカン諸国
balustr,手すり子
banaras,ベナレス
bandoni,バンドネオン
bandung,バンドン
bangkok,バンコク
barabas,バラバ
barbare,ヤマガラシ属
basedov,バセドウ
baseter,バセテール
bastian,バスティアン
batolit,底盤
bazedov,バセドウ
baŝkiri,バシコルトスタン
baŭdruĉ,薄膜
baŭhini,ハカマカズラ属
baŭksit,ボーキサイト
bearnez,ベアルネーズ
beatric,ベアトリーチェ
behemot,ベヘモト
bekerel,ベクレル
belfast,ベルファスト
belfrid,塔
belgrad,ベオグラード
belizar,ベリサリウス
belorus,ベラルーシ
benares,ベナレス
benefic,慈善興行
bengali,ベンガル
beograd,ベオグラード
berenic,ベレニケ
bergson,ベルグソン
beriber,脚気
berkeli,バークリウム
bernard,ベルナール
bernikl,コクガン
berserk,ベルセルク
betonik,カッコウチョロギ
betoven,ベートーベン
beŝamel,ベシャメル
bifaden,二線式
bifenil,ビフェニル
bifilar,二線式
bigarad,ダイダイ
bigarel,サクランボ
bignoni,ツリガネカズラ属
bismark,ビスマーク
bistort,イブキトラノオ
bizanci,ビザンツ
bizanti,ビザンツ
blabla!,べらべら話す!
blakbas,ブラックバス
blamanĝ,ブランマンジェ
blanket,白紙委任状
blastem,芽細胞質
blastul,胞胚
blenore,膿漏
blizard,吹雪
bofront,ボーフロン
bogomil,ボゴミル
boksart,ボクシング
bomarŝe,ボーマルシェ
bombiks,カイコガ
bonifac,ボニファティウス
bonifik,特別加算
bordozi,ボルドー地方
borneol,ボルネオール
bosanov,ボサノヴァ
boselaf,ニルガイ
bostrik,キクイムシ属
bosveli,ボスウェリア
botulin,ボツリヌス毒素
boviste,ホコリタケ属
boĵolez,ボージョレー
brabant,ブラバント
brajton,ブライトン
brazili,ブラジリア
brazilj,ブラジリア
braĥiur,短尾類
brevier,聖務日課書
briofit,コケ植物
brisban,ブリスベン
bristol,ブリストル
brizeis,ブリセイス
briĝurb,ブリッジタウン
broclav,ブロツワフ
bromeli,ブロメリア属
brunjon,ネクタリン類
bucefal,ブケパロス
buftalm,ブフタルムム属
bujabes,ブイヤベース
bukmekr,ブックメーカー
bukolik,牧歌
bukorak,サイチョウ
bupleŭr,ミシマサイコ属
buprest,タマムシ
burgonj,ブルゴーニュ
burgund,ブルグント
burjati,ブリヤート
burundi,ブルンジ
busprit,バウスプリット
butanon,ブタノン
cekrops,ケクロプス
celadon,セラドン
celastr,ツルウメモドキ属
celebes,セレベス
celofan,セロハン
celsius,セルシウス
cenobit,共住修道士
cenocit,多核細胞
cenotaf,慰霊碑
centaŭr,ケンタウロス
centiar,平方メートル
centuri,百人隊
cerasti,ミミナグサ属
ceratin,ケラチン
cerebel,小脳
cerezin,セレシン
cerkari,セルカリア
cerumen,耳垢
ceruzit,白鉛鉱
cervant,セルバンテス
ceterak,チャセンシダ
cetrari,セトラリア属
cianfit,藍藻類
ciceron,キケロ
cimbidi,シンビジウム属
cimitar,三日月刀
cinamom,ニッケイ属
cinozur,オオカニツリ属
ciprian,キプリアヌス
ciriped,蔓脚類
cirkaet,ヘビワシ属
cistein,システイン
cistron,シストロン
citozin,シトシン
dafodil,ラッパズイセン
darling,ダーリング
datenop,レコード
daziped,アルマジロ科
dazipod,アルマジロ属
daŭfeni,ドーフィネ
debitor,債務者
decibel,デシベル
defaŭlt,デフォルト
deflaci,デフレ
dejanir,デイアネイラ
dekalin,デカリン
dekapol,デカポリス
dekubit,臥位
delavar,デラウェア川
delfini,ヒエンソウ
delonik,ホウオウボク属
demeter,デメテル
demetri,デメトリオス
demiurg,デミウルゴス
demotik,民衆文字
dendrit,樹状突起
depresi,抑うつ
dermest,カツオブシムシ属
descend,下降
desmodi,ヌスビトハギ
detempr,テンペラ画
detrojt,デトロイト
devalut,切下げ
deviaci,逸脱
dezider,デジデリウス
deŭteri,重水素
diaklaz,節理
diakrit,弁別
diapaŭz,休眠
diapsid,双弓類
diaspor,ディアスポラ
diastaz,ジアスターゼ
diastol,拡張期
diatome,珪藻
diazoni,ジアゾニウム
diderot,ディドロ
difrakt,回折
digital,ジギタリス
diglosi,ダイグロシア
digresi,脱線
dikotom,二分
diktamn,ディタニー
diodont,ハリセンボン属
diofant,ディオファントス
dioksan,ジオキサン
dioksin,ダイオキシン
diomede,アホウドリ
dionizi,ディオニュシオス
dioptri,ジオプトリー
dioskur,ディオスクロイ
diospir,カキ属
dipleks,二重通信
diplopi,複視
direkci,理事会
disdegn,軽蔑
diskant,ソプラノ
diskord,不一致
diskurs,弁論
dispers,分散
divizor,約数
dolikot,マーラ属
doliĥot,マーラ
dolomit,ドロマイト
domicil,住所
dominik,ドミニコ
donjuan,ドンファン
donĵuan,ドンファン
dresden,ドレスデン
dromice,エミュー属
dukdalb,係船杭群
dulcine,ドルシネア
dumping,ダンピング
dunkirk,ダンケルク
dupleks,二重通信
durativ,継続相
duumvir,二人官
ecispor,銹胞子
edentat,貧歯類
efedrin,エフェドリン
eglefin,ハドック
egopodi,イワミツバ
ejektiv,放出音
ekaŭdat,無尾類
ekdison,エクジソン
ekinokl,ヒエ
ekinops,ヒゴタイ属
ekinozo,ウニ亜門
eksklud,排他的な
ekskori,擦過
ekspekt,期待値
ekspert,熟練者
eksplic,明示
eksplik,説明
ekstens,伸展
eksterm,絶滅
ektropi,眼瞼外反
ekvador,エクアドル
ekvaliz,音量補正
ekvizet,スギナ
ekzegez,釈義
ekzocet,トビウオ属
ekzoter,公開教義
ekzotik,異国風
elaidat,エレア派
elastin,エラスチン
elateri,テッポウウリ
eldorad,エルドラド
eleonor,エレオノーラ
eletari,ショウズク属
eleŭzis,エレウシス
eliezer,エリエゼル
elokuci,修辞表現
elsinor,エルシノア
elzevir,エルゼビル
emanuel,インマヌエル
emberiz,ホオジロ
emetrop,正視
emfizem,気腫
emilian,エミリアヌス
empenal,水平尾翼
emulsin,エムルシン
enantem,粘膜疹
enantio,鏡像
encefal,脳
encelad,エンケラドス
engadin,エンガディン
engraŭl,カタクチイワシ
ensembl,ひと揃い
ensifer,キリギリス亜目
entalpi,エンタルピー
entimem,省略三段論法
entolom,イッポンシメジ属
entropi,エントロピー
envelop,包絡線
eonotem,累界
epakrid,エパクリス属
ependim,上衣
epentez,音挿入
eperlan,キュウリウオ
epidaŭr,エピダウロス
epikant,蒙古ひだ
epikarp,外果皮
epiktet,エピクテトス
epilobi,アカバナ
epistat,上位性
epistem,認識
epistol,使徒書簡
epiteli,上皮
epsilon,エプシロン
erantid,セツブンソウ
erepsin,エレプシン
eretism,興奮亢進
ergativ,能格
ergotin,エルゴチン
eriofor,ワタスゲ
eritren,デイゴ属
eritroz,エリトロース
eskalon,梯隊
eskalop,エスカロープ
eskulap,アスクレピオス
eskulin,エスクリン
etologi,動物行動学
everest,エベレスト
ezekiel,エゼキエル
eĥolali,反響言語
eŭfaŭzi,オキアミ
eŭforbi,トウダイグサ
eŭfrazi,コゴメグサ属
eŭgenik,優生学
eŭmenid,エウメニデス
eŭpepsi,良消化
eŭridic,エウリュディケ
eŭripid,エウリピデス
eŭstaki,エウスタキオ
fabrici,ファブリキウス
fagopir,ソバ
fakoĉer,イボイノシシ
faktori,商館
falangi,ザトウムシ属
falarid,クサヨシ属
falarop,ヒレアシシギ
fandang,ファンダンゴ
fantasi,騎馬祭
fantasm,空想場面
fantast,幻想文学
faradiz,感応通電
fasciol,肝蛭
federal,連邦
femural,大腿骨
fenetol,フェネトール
fenikur,ジョウビタキ属
fenilen,フェニレン
fermion,フェルミオン
fernand,フェルナンド
ferolag,フェルラゴ属
feromon,フェロモン
fibroin,フィブロイン
filandr,遊糸
filatel,切手収集
filemon,ピレモン
filipik,弾劾演説
filipin,フィリピン
filistr,俗物
filomel,ピロメラ
filtrum,人中
fimbril,房状縁
finitiv,定動詞形
finland,フィンランド
finmark,フィンマルク
firmian,フィルミアン
fitolak,ヨウシュヤマゴボウ属
fizalid,ホオズキ属
flamand,フランドル人
flameng,フラミンゴ
flameri,フラマリ
flamini,フラミニウス
flegmon,蜂巣炎
fleksor,屈筋
flikten,水疱
floreal,花月
florenc,フィレンツェ
florian,フロリアン
fluorit,蛍石
foliant,フォリオ判
folklor,民俗
fonemik,音素論
fonofor,補聴器
fonolit,響岩
forceps,鉗子
formaci,層
forming,フォルミンクス
forniks,円蓋
forsiti,レンギョウ
fortran,フォートラン
fortres,要塞
fosfoni,ホスホニウム
fragari,オランダイチゴ属
fragmit,ヨシ
fraktur,骨折
franĉiz,免責額
fridunu,冷量単位
frigori,フリゴリー
frikand,フリカンドー
fritaŭn,フリータウン
frontal,前額
fruntal,前頭骨
ftalein,フタレイン
fuleren,フラーレン
fuligul,キンクロハジロ
fumarol,噴気孔
fuzelaĝ,胴体
fuzulin,フズリナ属
gaberon,ハボローネ
gaboron,ハボローネ
gabriel,ガブリエル
galaksi,銀河
galalit,ガラリス
galapag,ガラパゴス
galeops,ガレオプシス属
galikan,ガリカン
galilej,ガリレイ
galinag,タシギ属
galinol,バン
galinul,バン
gambrin,ガンブリヌス
gamelan,ガムラン
ganimed,ガニュメデス
garapan,ガラパン
garcini,フクギ属
gargojl,ガーゴイル
gastrin,ガストリン
gastrul,原腸胚
gaŭtama,ゴータマ
genetik,遺伝学
genocid,ジェノサイド
geofagi,土食症
georgik,農事詩
georgin,ダリア
geotrup,センチコガネ
geriatr,老年科医
germani,ゲルマニウム
gertrud,ゲルトルート
gesneri,ゲスネリア属
gibelin,ギベリン党
gilbert,ギルバート
ginseng,ニンジン
gladiol,グラジオラス
glareol,ツバメチドリ
glasgov,グラスゴー
glaŭkom,緑内障
glediĉi,サイカチ属
gliceri,ドジョウツナギ
glicine,ダイズ属
gliptik,宝石彫刻
glorioz,グロリオサ属
glucini,グルシニウム
glukuri,糖尿
gnafali,ハハコグサ属
gnostik,グノーシス
gobelin,ゴブラン織
godfred,ゴドフレッド
goliard,ゴリアール
gomenol,ゴメノール
gondvan,ゴンドワナ
gonokok,淋菌
gontran,ゴントラン
gradaci,漸層法
gradual,ミサ聖歌集
grafiti,落書き
gramine,イネ科
granĉak,グランチャコ
gratiol,グラティオラ属
graveti,グラヴェット文化
graviol,グラビオラ
graŭvak,硬砂岩
gregori,グレゴリオ
grenobl,グルノーブル
grenviĉ,グリニッジ
grizajl,グリザイユ
grizeld,グリゼルダ
guanghi,広西
gujjang,貴陽
gumigut,ガンボージ
gurnard,ホウボウ
gutifer,フクギ科
gutural,喉音
guĝarat,グジャラート
guĵarat,グジャラート
gvajani,ギアナ
gvarani,グアラニー
habitat,生息地
habutaj,羽二重
hadrian,ハドリアヌス
hajfong,ハイフォン
haliaet,ウミワシ属
haliker,ハイイロアザラシ
haliĥer,ハイイロアザラシ
halofit,塩生植物
halogen,ハロゲン
haltron,ホール素子
halucin,幻覚
hamburg,ハンブルク
hamurab,ハンムラビ
handbal,ハンドボール
hangĝoŭ,杭州
hanibal,ハンニバル
hanifit,ハナフィー派
hanovri,ハノーファー
hanuman,ハヌマーン
haploid,一倍体
harakir,切腹
hardvar,ハードウェア
haŭsier,強気筋
hedisar,イワオウギ
hedizar,イワオウギ属
helebor,ヘレボルス
heliant,ヒマワリ
helikon,ヘリコン
helmint,蠕虫
helsink,ヘルシンキ
hematin,ヘマチン
hematit,赤鉄鉱
hematop,ミヤコドリ属
hematoz,血液酸素化
hendiad,二詞一意
heparin,ヘパリン
hepatik,スハマソウ
herakle,ハナウド
herbari,植物標本集
herbert,ハーバート
hercini,ヘルシニア
hermini,アツバガ
hermion,ヘルミオネ
herodot,ヘロドトス
herpest,マングース属
hesperi,ヘスペリア
hevisid,ヘヴィサイド
hiberni,ヒベルニア
hidatid,包虫
hidrant,消火栓
hidrast,ヒドラスチス
hidroni,ヒドロニウム
hidrops,水腫
hidrore,漿液漏
hieraci,ヤナギタンポポ属
hifolom,クリタケ属
hilbert,ヒルベルト
himalaj,ヒマラヤ
himaĉal,ヒマチャール
hinajan,小乗
hioglos,舌骨舌筋
hipalag,転移修飾
hiperik,オトギリソウ
hiperon,ハイペロン
hipofiz,下垂体
hipogin,子房上位
hipolit,ヒッポリュトス
hipoman,マンチニール属
hipomen,ヒッポメネス
hipotal,下菌糸層
hipurid,スギナモ属
hirkani,ヒルカニア
hiroŝim,広島
hirudin,ヒルジン
holding,持株会社
holivud,ハリウッド
holocen,完新世
holoste,全骨魚
homoide,ヒト上科
homotet,相似拡大
homotop,ホモトープ
honkong,香港
honolul,ホノルル
honorat,ホノラトゥス
hordeol,ものもらい
hosana!,ホサナ!
hotujni,ドクダミ
houston,ヒューストン
hoĉimin,ホーチミン
hugenot,ユグノー
huligan,フーリガン
idomene,イドメネウス
ifigeni,イフィゲネイア
ilinojs,イリノイ
ilmenit,イルメナイト
imanent,内在
imbecil,痴愚
imortel,永久花
impetig,膿痂疹
impregn,含浸
inanici,栄養欠乏
incendi,火災
inciziv,切歯
incizur,切痕
indiani,インディアナ
indoĉin,インドシナ
indukci,誘導
infarkt,梗塞
infiltr,浸潤
infinit,無限
inflaci,インフレ
inicial,頭文字
inkrust,象眼
inkvart,四折判
inocent,無罪
insulin,インスリン
interez,利子
intuici,直感
invenci,発想法
inversi,倒置
ipsilon,ワイ
iredent,失地回復
irigaci,灌漑
irkutsk,イルクーツク
israfil,イスラーフィール
iteraci,反復
izohips,等高線
izokrat,イソクラテス
izopren,イソプレン
izraeli,イスラエル
jadvinj,ヤドヴィニャ
jagelon,ヤギェウォ朝
jakelin,ジャクリーヌ
jakoben,ジャコバン
janiĉar,イェニチェリ
jaroviz,春化
jatagan,ヤタガン
jehojad,エホヤダ
jenisej,エニセイ
jokoham,横浜
jonatan,ヨナタン
jonkvil,キズイセン
jugular,頸静脈
jukatan,ユカタン
jupiter,ユピテル
jutland,ユトランド
juvenal,ユウェナリス
kabared,キャバレー
kabaret,キャバレー
kadastr,地籍
kaguang,ヒヨケザル
kajafas,カイアファ
kajeput,カユプテ
kakeksi,悪液質
kakemon,掛け軸
kakinok,カキ
kakosmi,悪臭症
kalabar,カラバル
kalabas,ヒョウタン
kalabri,カラブリア
kalahar,カラハリ
kalamin,カラミン
kalandr,カレンダー加工
kalcitr,後蹴り
kaleval,カレワラ
kaliban,キャリバン
kaliceb,ティティ属
kaligul,カリグラ
kalikat,カルカッタ
kalimaĥ,カリマコス
kalkane,踵骨
kalmuki,カルムイク
kalosom,カロソマ属
kaloĉaj,カロチャイ
kalumet,平和パイプ
kalvari,カルバリ
kamabok,かまぼこ
kamadev,カーマデーヴァ
kamaril,側近団
kambium,形成層
kamemel,カモミール属
kamemor,ホロムイイチゴ
kamerun,カメルーン
kamikaz,神風
kamoens,カモンイス
kampani,カンパニア
kampanj,運動
kampuĉe,カンプチア
kampuĉi,カンプチア
kamĉatk,カムチャツカ
kanazav,金沢
kanefor,カネフォロス
kanelon,カネロニ
kanguru,カンガルー
kanistr,缶
kanoniz,聖列化
kapacit,容量
kapetid,カペー朝
kapibar,カピバラ
kapilar,毛細
kapitat,有頭骨
kapitol,議事堂
kapitul,頭状花序
kapriol,跳ね回る
kapstad,ケープタウン
kapstan,キャプスタン
kapuĉin,カプチーノ
karadri,チドリ
karafic,シャジクモ綱
karafit,シャジクモ類
karagan,ムレスズメ属
karakal,カラカル
karakas,カラカス
karakol,旋回
karaktr,文字
karakul,カラクール
karaoke,カラオケ
karapac,甲羅
karavaĝ,カラバッジョ
karavel,カラベル船
karduel,ヒワ属
karinti,ケルンテン
kariops,穎果
karitat,愛徳
karneol,紅玉髄
karolin,カロリン
karoten,カロテン
karotid,頸動脈
kartezi,デカルト
kartuzi,カルトジオ会
kartvel,ジョージア
karunkl,肉阜
kasandr,カサンドラ
kasiope,カシオペヤ座
kastane,クリ属
kastili,カスティーリャ
kastore,海狸香
kastriz,カストリーズ
kastrum,ローマ軍営
kasulet,カスレ
katabol,異化
katafor,後方照応
kataliz,触媒
katalun,カタルーニャ
katastr,地籍簿
kategat,カテガット
katekol,カテコール
katerin,カトリーヌ
kateter,カテーテル
katilin,カティリナ
katokal,シタバガ属
kavatin,カヴァティーナ
kavator,掘削機
kazimir,カシミア織
kaĉalot,マッコウクジラ
kaĥeksi,悪液質
kaŭkazi,コーカサス
kaŭlerp,イワヅタ属
kaŭpoks,牛痘
kaŭstik,腐食性
keirant,ニオイアラセイトウ
kelicer,鋏角
kelifer,バッタ亜目
kembriĝ,ケンブリッジ
kenomel,ボケ属
kentuki,ケンタッキー
keratin,ケラチン
kerosen,灯油
kerulen,ケルレン川
kestrel,チョウゲンボウ
kikerik,コケコッコー
kikihar,チチハル
kiliasm,千年王国説
kinemat,映画
kinetik,動力学
kingdaŭ,青島
kinghai,青海
kinolin,キノリン
kiribat,キリバス
kirkhof,キルヒホフ
kiŝinev,キシニョフ
kjongĵu,慶州
kladodi,葉状茎
kladoni,ハナゴケ
klamidi,クラミジア
klangul,コオリガモ
klarion,クラリオン
klavari,ホウキタケ属
klavikl,鎖骨
klaŭdin,クローディーヌ
klaŭstr,回廊
klement,クレメンス
klimaks,頂点
klinker,クリンカー煉瓦
klitori,チョウマメ属
klodvig,クローヴィス
klotild,クロティルド
klozone,有線七宝
knedlik,団子
knokaŭt,ノックアウト
koalici,連合
kobitid,ドジョウ
kodicil,遺言補足
kohinur,コイヌール
kokcidi,コクシジウム
kokerik,コケコッコー
kokolit,円石
kokolob,ハマベブドウ属
kolagen,コラーゲン
koledok,総胆管
kolerik,胆汁質
kolimat,視準
kolobom,コロボーマ
koloman,コロマン
kolorad,コロラド川
kolostr,初乳
kolumbi,コロンビア
kolumel,中軸
komatul,ウミシダ
kombajn,コンバイン
kombine,つなぎ服
kombret,コンブレツム属
komedon,面皰
komelin,ツユクサ属
komifor,ミルラノキ属
komisur,交連
komodor,代将
kompakt,密集
komplic,共犯
kompoŝt,堆肥
kompton,コンプトン
kompuls,強制
kompund,複式
komtang,コムタン
komunon,通約
konakri,コナクリ
koncili,公会議
kondens,凝縮
kondrom,軟骨腫
kondukt,伝導
konferv,アオミドロ
konfesi,告白する
konfuce,孔子
kongest,鬱血
konifer,針葉樹
konklav,コンクラーベ
konsign,委託販売
konsili,助言する
konsome,コンソメ
konstip,便秘
kontoid,子音的音
kontrah,収縮
konveks,凸
konvekt,対流
konvent,修道院
konvers,会話する
konverĝ,収束
konvikt,有罪認定
konzern,コンツェルン
konĉert,協奏曲
kopepod,カイアシ類
koralin,サンゴモ属
kordial,強心酒
koregon,コクチマス
koreops,ハルシャギク属
koridal,キケマン属
korifen,かじき座
korneli,コルネイユ
kornval,コーンウォール
koronel,コロネラ属
koronil,コロニラ属
koronul,副花冠
korteks,皮質
kortici,コウヤクタケ属
kortiko,皮質
koĉoide,カイガラムシ上科
krangon,クロザコエビ属
kreatin,クレアチン
kredenc,食器棚
krejcer,クロイツァー
kremaci,火葬
krement,増減
kretace,白亜紀
krikoid,輪状軟骨
krinoid,ウミユリ綱
krinozo,ウミユリ亜門
kriofor,低温伝達器
kriolit,氷晶石
kripton,クリプトン
kristin,クリスティーヌ
krizeis,クリュセイス
krokant,クロカント
kromist,クロミスタ
kromleĥ,環状列石
kromvel,クロムウェル
krupier,クルピエ
kruzejr,クルゼイロ
ksantin,キサンチン
ksantip,クサンティッポス
ksantom,黄色腫
ksifoid,剣状突起
kukland,クック諸島
kukumis,キュウリ属
kulinar,料理
kulvert,暗渠
kumarin,クマリン
kumulus,積雲
kunaŝir,国後
kunming,昆明
kuperoz,赤ら顔
kupidon,キューピッド
kuratel,後見
kurkuli,ゾウムシ
kurland,クルランド
kusinet,軸受筒
kustard,カスタード
kvadrig,四頭戦車
kvangĵu,光州
kvantum,量子
kvarcit,珪岩
kvartan,四日熱
kvartet,四重奏
kvartir,宿営
kvasiin,クアシン
kvestur,財務官職
kvintal,100kg
kvintet,五重奏
kvivit!,チッチッ!
labrusk,ラブルスカ
ladisla,ラディスラオ
lagopod,ライチョウ属
lagranĝ,ラグランジュ
lakolit,ラコリス
laktari,チチタケ属
lambert,ランベルト
laminat,圧延
lampetr,カワヤツメ属
lampion,豆ランタン
lamprid,アカマンボウ
langust,イセエビ
langvor,無気力
laniari,大型牧畜犬
lanolin,ラノリン
laodike,ラオディケア
laokoon,ラオコーン
lapidar,碑文風
lasteks,ラステックス
lateral,側音
lateran,ラテラノ
laterit,ラテライト
latisim,広背筋
lavsoni,ヘナノキ
lazaret,検疫所
lazaron,浮浪者
lazurit,ラピスラズリ
laŭrazi,ローラシア
laŭrenc,ローレンス
lebanon,レバノン
lecitid,レキティス属
lecitin,レシチン
legaliz,合法化
legumen,さや
legumin,レグミン
lejbnic,ライプニッツ
lejpcig,ライプチヒ
lekanor,チャシブゴケ属
lemnisk,毛帯
lentisk,マスティックノキ
leonard,レオナルド
leopold,レオポルド
levator,挙筋
levirat,レビラト婚
levuloz,果糖
leŭcisk,ウグイ属
leŭkant,フランスギク属
leŭkore,帯下
licenci,学士
ligatur,結紮
ligustr,イボタノキ
likorid,ヒガンバナ
likvesk,潮解
liliput,小人
lilongv,リロングウェ
limburg,リンブルク
limerik,リメリック
limonen,リモネン
limonit,褐鉄鉱
limuzin,リムジン
linalol,リナロール
lingvik,言語学
linolen,リノレン
linotip,ライノタイプ
lipoliz,脂肪分解
listeri,リステリア
litopon,リトポン
litorin,タマキビガイ
lizosom,リソソーム
lizozim,リゾチーム
logatom,ロガトム
lokaliz,位置特定
lokativ,処格
lombard,質入れ
lorelej,ローレライ
luarval,ロワール渓谷
lucifer,ルシファー
luizian,ルイジアナ
lukreci,ルクレティウス
luksaci,脱臼
luminal,ルミナール
lutreol,欧州ミンク
luzitan,ルシタニア人
macedon,マケドニア人
macutak,マツタケ
magazin,雑誌
magelan,マゼラン
magistr,修士
magnezi,マグネシウム
magnoli,モクレン
mahajan,大乗
maharaĝ,マハラジャ
mahavir,マハーヴィーラ
mahomet,ムハンマド
majonez,マヨネーズ
majoran,マージョラム
majorat,長子相続
majtrej,弥勒
majuskl,大文字
makedon,マケドニア
makenzi,マッケンジー
maksvel,マクスウェル
malabar,マラバル
malagas,マラガシ
malajal,マラヤーラム
malajzi,マレーシア
malonil,マロニル
malvazi,マルヴァジア
manaĝer,マネージャー
mandibl,下顎骨
mandorl,マンドルラ
mandren,心棒
mandril,マンドリル
maneken,マネキン
mangrov,マングローブ
manhejm,マンハイム
manihot,キャッサバ属
manikur,マニキュア
manitob,マニトバ
manĉuri,満州
marabut,聖者隠者
marasmi,ホウライタケ属
maraton,マラソン
maraved,マラベディ
marcial,マルティアリス
margraf,辺境伯
marketr,寄木細工
markist,マルクス主義者
maronit,マロン派
marsejl,マルセイユ
marsupi,育児嚢
martini,マティーニ
maseter,咬筋
mastoid,乳様突起
masturb,手淫
matutin,朝課
maŭrici,モーリシャス
mecenas,メケナス
mecenat,メセナ
mediaci,調停
mediant,中音
medikag,ウマゴヤシ
melanin,メラニン
melanom,黒色腫
melburn,メルボルン
melilot,シナガワハギ
melinit,メリニット
melkior,メルキオール
meloman,音楽愛好
melopep,ペポカボチャ
meluzin,メリュジーヌ
menandr,メナンドロス
meniant,ミツガシワ属
menonit,メノナイト
menstru,月経
menuver,リス毛皮
merkuri,メルクリウス
merovid,メロヴィング
mesalin,メッサリナ
mesidor,メシドール
metabol,代謝
metadon,メタドン
metatez,音位転換
metilen,メチレン
metodik,方法論
metoksi,メトキシ
midriaz,散瞳
mikoriz,菌根
mikstur,混合薬
militar,軍事
miltiad,ミルティアデス
milvoki,ミルウォーキー
mindana,ミンダナオ島
minesot,ミネソタ
minijup,ミニスカート
minuskl,小文字
mirabil,オシロイバナ属
misgurn,ドジョウ
misisip,ミシシッピ川
miskant,ススキ
misteri,宗教劇
mistral,ミストラル
misĥant,ススキ属
mitilen,ミティリーニ
mitrajl,散弾片
mizogin,女嫌い
miĉigan,ミシガン
mocarel,モッツァレラ
modilon,持送り
mogadiŝ,モガディシュ
mohamed,ムハンマド
mokasen,モカシン
monazit,モナズ石
monitor,モニター
monodor,モノドラ属
monosom,単染色体性
monrovi,モンロビア
monster,モンステラ属
montajn,モンテーニュ
montanj,モンテーニュ
motacil,セキレイ
mozarab,モサラベ
mucilag,粘液
mudeĥar,ムデハル
mukoral,ケカビ目
mulhaŭz,ミュルーズ
municip,自治体
mustang,ムスタング
musteri,ムスティエ文化
muzikal,ミュージカル
naftali,ナフタリ
nagasak,長崎
najrobi,ナイロビ
nanling,南嶺
nanĉang,南昌
narajan,ナーラーヤナ
nargile,水煙管
narteks,ナルテックス
natural,自然
nazaret,ナザレ
naŭkrat,ブリモドキ
naŭsika,ナウシカア
nebrask,ネブラスカ
nebuloz,星雲
nefridi,腎管
negaton,陰電子
nektari,蜜腺
nematod,線虫
neofron,エジプトハゲワシ
neopren,ネオプレン
neornit,新鳥類
neptuni,ネプツニウム
neritik,浅海
nestori,ネストリオス
neŭtrin,ニュートリノ
nikelin,洋銀
nistagm,眼振
nokturn,夜想曲
nomarki,ノモス
normand,ノルマン
notofag,ナンキョクブナ属
novisad,ノヴィサド
nuakŝot,ヌアクショット
nukleol,仁
numeral,数詞
numulit,貨幣石
nunatak,ヌナタク
odalisk,オダリスク
oestron,エストロン
ofensiv,攻勢
okcipit,後頭
okcitan,オクシタン
oklahom,オクラホマ
oksalat,シュウ酸塩
oksalid,カタバミ
oksazol,オキサゾール
oksford,オックスフォード
okshoft,ホッグズヘッド
oksimor,撞着語法
oksiton,語末アクセント
okulari,接眼レンズ
okupaci,占領
okzalil,オキサリル
oldovaj,オルドワン
oleastr,ホソバグミ
olekran,肘頭
oleosom,油滴
olimpik,五輪
omatidi,個眼
onopord,オオヒレアザミ属
oomikot,卵菌類
operkul,蓋
opilion,ザトウムシ
opiniam,自説固執
optimum,最適
oratori,オラトリオ
orbikul,輪筋
ordinat,縦座標
ordovic,オルドビス紀
oregoni,オレゴン
organdi,オーガンジー
organik,有機
oriflam,軍旗
orleani,オルレアネ
ornitop,鳥脚類
orobank,ハマウツボ属
ortikon,オルシコン
ovogoni,卵原細胞
pagipov,支払能力
paladin,パラディン
palafit,湖上家屋
palakvi,パラクイウム属
palatal,硬口蓋音
palatin,宮中伯
palemon,テナガエビ属
paleont,古生物
palestr,古代体育場
palikir,パリキール
pamplon,パンプローナ
pamplun,パンプロナ
panaris,ひょう疽
pandion,ミサゴ
panegir,賛辞
pankrac,パンクラチオン
panopli,武具一式
panteon,万神殿
panĝabi,パンジャーブ
papajin,パパイン
papaver,ケシ属
papavin,パパベリン
papilom,乳頭腫
papilot,巻き髪紙
parados,背側防壁
parafiz,側糸
parakor,パラコール
paranoj,パラノイア
parapet,胸壁
parcial,部分的
parmeli,パルメリア
parotid,耳下腺
parteni,ナツシロギク
partikl,粒子
partner,仲間
parvenu,成上り
pastern,繋
pasteŭr,パスツール
patagon,パタゴニア
patienc,パティエンスギシギシ
patrini,オミナエシ
patrokl,パトロクロス
patrone,織物図案
pavilon,パビリオン
paŭlini,パウリニア属
paŭzani,パウサニアス
pediatr,小児科医
pedicel,小柄
pedikur,足治療
pedunkl,花柄
pektine,恥骨筋
pemikan,ペミカン
penelop,ペネロペ
penicil,アオカビ属
peponed,ウリ状果
periant,花被
peridot,ペリドット
perigin,周位
perigoz,ペリグー
perikop,聖書朗読箇所
perpetu,ペルペトゥア
persien,よろい戸
persvad,説得
perturb,混乱させる
pervers,倒錯
pestiĉi,点状出血
petazit,フキ
petrark,ペトラルカ
petroni,ペトロニウス
peŝavar,ペシャワール
piamatr,軟膜
piemont,ピエモンテ
pigment,色素
pikador,ピカドール
pikardi,ピカルディ
piknidi,分生子殻
pikolin,ピコリン
piksidi,蓋果
pilozel,ピロセラ
pilĉard,ニシイワシ
pinakol,ピナコール
pinastr,カイガンショウ
pingven,ペンギン
pingvin,ペンギン
pinikol,ギンザンマシコ属
pinktad,アコヤガイ属
pinofit,裸子植物門
pipelin,パイプライン
piridil,ピリジル
piridin,ピリジン
pirofor,自然発火性
pistaci,カイノキ属
pitagor,ピタゴラス
placent,胎盤
plasmid,プラスミド
plasmod,変形体
plastid,色素体
platale,ヘラサギ属
platdiĉ,低地ドイツ語者
platism,広頸筋
plaĉenz,ピアチェンツァ
pleokro,多色性
pleŭrot,ヒラタケ属
pliocen,鮮新世
plumbag,ルリマツリ属
plutark,プルタルコス
plutarĥ,プルタルコス
plutoni,プルトニウム
pluvioz,雨月
pneŭmat,空気圧
pneŭmon,肺
pnompen,プノンペン
podicip,カイツブリ
podkast,ポッドキャスト
polaron,ポーラロン
poliant,チューベローズ属
polifem,ポリュペモス
poligal,ヒメハギ属
poliket,多毛類
polikro,多色性
polimni,ポリュムニア
polinik,ポリュネイケス
polinom,多項式
polipor,多孔菌
politur,シェラック塗装
poliĥet,多毛類
polonez,ポロネーズ
poltron,臆病者
pomoide,リンゴ亜科
porfiri,セイケイ属
portepe,剣帯
posesiv,所有格
posthum,死後
potenci,電位
potiron,西洋カボチャ
potsdam,ポツダム
pozidon,ポセイドン
poziton,陽電子
pozolan,ポゾラン
pragmat,実用
prakrit,プラークリット
prebend,聖職給
precept,戒律
precesi,歳差
precioz,気取り
predikt,将然
prefaci,叙唱
premier,初演
premium,保険料
prepost,主任司祭
prepuci,包皮
prerial,牧草月
presbit,ラングール属
prestiĝ,威信
pretori,プレトリア
prevent,予防
prezenc,現在
prezerv,保存
prezidi,議長を務める
priŝtin,プリシュティナ
procion,プロキオン
prodrom,前駆症状
prognat,顎突出
prokavi,ハイラックス
prokliz,前接
proklor,プロクロロン属
prokust,プロクルステス
prolaps,脱垂
proleps,先取り反論
promete,プロメテウス
prometi,プロメチウム
promoci,昇進
promulg,公布
propile,記念門
propion,プロピオニル
propuls,推進
prostat,前立腺
prostet,補欠分子族
prostez,語頭添加
proteid,タンパク質
protein,タンパク
protozo,原生動物
protrud,突出
provenc,プロバンス
provizi,供給する
provost,憲兵長
psalter,プサルテリウム
psoriaz,乾癬
ptarmik,クシャミ草
pteridi,ワラビ
pterokl,サケイ属
ptialaz,唾液アミラーゼ
ptialin,プチアリン
ptoleme,プトレマイオス
ptomain,プトマイン
puatier,ポアティエ
puerper,産褥
pukcini,サビキン属
pulover,プルオーバー
pultace,粥状
punktur,穿刺
puntili,面子
purkinj,プルキンエ
purpura,紫斑
rabelez,ラブレー
radiaci,放射路
raflezi,ラフレシア属
rajmond,レイモンド
ramadan,ラマダン
ramajan,ラーマーヤナ
ramfast,オオハシ
rapsodi,狂詩曲
rastral,五線ペン
ratifik,批准
ravenal,タビビトノキ属
reaktor,反応装置
realgar,鶏冠石
reaŭmur,レオミュール
recesiv,劣性
recidiv,再発
recital,リサイタル
redempt,贖罪
refleks,反射
refrakt,屈折
regolit,レゴリス
regulus,レグルス
rejnald,レイナルド
rekuper,回収
rekursi,再帰
rekviem,レクイエム
remburs,代金引換
remolad,レムラード
renegat,背教者
renklod,レーヌクロード
rentgen,レントゲン
reptili,爬虫類
respons,責任
restaŭr,修復
restitu,返還
retikul,網状
retinal,レチナール
reversi,復帰変異
revulsi,誘導充血
rezolut,断固
reĝisor,演出家
ribosom,リボソーム
ricinin,リシニン
rionegr,ネグロ川
risling,リースリング
ristorn,払戻し
rizofor,ヒルギ
robotik,ロボット工学
rodofit,紅藻植物
rokfort,ロックフォール
romandi,ロマンディ
romanik,ロマネスク
romanĉi,ロマンシュ地
ronsard,ロンサール
rorkval,ナガスクジラ
rostbef,ローストビーフ
rotator,回転体
rotenon,ロテノン
rubekol,ヨーロッパコマドリ
rubikon,ルビコン川
rudbeki,ルドベキア属
ruditap,アサリ
rumstek,ランプステーキ
rutozid,ルチン
sabelik,チリメンキャベツ
sagital,矢状
sajmiri,リスザル属
sakarin,サッカリン
saladin,サラディン
salamis,サラミス
salicin,サリシン
salikin,サリシン
salikok,エビ
salomon,ソロモン
salonik,テッサロニキ
salping,卵管
saltier,首飾り
samojed,サモエード
samuraj,侍
sangvin,陽気な
sanitar,衛生
santiag,サンチアゴ
santome,サントメ
saponin,サポニン
saprozo,腐生動物
saracen,サラセン人
sarafan,サラファン
sarajev,サラエボ
sardini,サルジニア
sarkopt,ヒゼンダニ属
sarment,つる茎
sartori,縫工筋
satelit,衛星
satirus,サテュロス
satrapi,属州
saturni,ヤママユガ属
savarin,サヴァラン
saĥalen,サハリン
scifozo,鉢虫類
scintil,閃光
scipion,スキピオ
sedativ,鎮静
sekestr,供託
sekular,世俗
sekvenc,連鎖
semestr,学期
senegal,セネガル
senjori,領主領
sensori,感覚中枢
sensual,感覚
separat,分離
seratul,タムラソウ属
sericin,セリシン
sericit,絹雲母
sesleri,セスレリア属
sesterc,セステルティウス
sfenisk,ケープペンギン
sfenoid,蝶形骨
sfingol,スフィンゴール
sialore,流涎
sibarit,享楽家
siderit,菱鉄鉱
sigfrid,ジークフリート
sigmoid,S状結腸
sikomor,エジプトイチジク
silikon,シリコーン
simarub,シマルバ属
simbioz,共生
simonid,シモニデス
simplon,シンプロン峠
simpozi,シンポジウム
simpson,シンプソン
sinalef,母音融合
sinartr,不動関節
sinciti,合胞体
sindrom,症候群
sinekur,閑職
sinerez,母音融合
sinergi,相乗作用
sinistr,災害損害
sinkret,習合
sinodik,会合
sintagm,連辞
sinviĵu,新義州
sirakuz,シラクザ
sirinks,シリンクス
skabioz,マツムシソウ
skadron,騎兵中隊
skafald,足場
skafark,アカガイ
skafoid,舟状骨
skalpel,メス
skandik,スカンディクス
skizoid,分裂病質
sklerot,強膜菌核
skoleks,頭節
skolioz,側弯症
skorpen,カサゴ
skvalen,スクアレン
skvaten,カスザメ属
smoking,タキシード
snajper,狙撃手
softbal,ソフトボール
softvar,ソフトウェア
solidag,アキノキリンソウ
soliman,スレイマン
soliter,ソリテア
soliton,ソリトン
solstic,至点
solutre,ソリュートレ期
soroban,そろばん
spacial,宇宙
spalier,肋木
spaniel,スパニエル
spartak,スパルタクス
spatang,ブンブク属
spergul,オオツメクサ属
spermat,精子
spermin,スペルミン
spindel,スピンドル
spionit,スパイ妄想
spirant,摩擦音
splankn,内臓
sponsor,スポンサー
spontan,自発的な
sponton,短槍
sporozo,胞子虫
sputnik,人工衛星
srilank,スリランカ
stadium,スタジアム
stamped,群れ暴走
staniol,スズ箔
stapeli,スタペリア属
starost,地方長官
statist,端役
steatit,凍石
stelari,ハコベ属
stelion,ステリオン
stencil,ステンシル
stentor,ステントル
sternum,胸骨
steroid,ステロイド
stevard,乗客係
stigmat,傷跡
stimfal,ステュムパロス
stokast,確率的
stornel,ストルネッロ
stotink,ストティンカ
strabon,ストラボン
stratum,層
stratus,層雲
strobil,球果
stronci,ストロンチウム
strudel,シュトルーデル
stuphar,亜麻色髪
suberin,スベリン
suberit,コルク材
suetoni,スエトニウス
sukavat,極楽
sukcesi,成功する
sukijak,すき焼き
sulpici,スルピキウス
sungari,スンガリー川
surabaj,スラバヤ
surinam,スリナム
surogat,代用
surplis,サープリス
suspend,停止
suspens,サスペンス
suveren,主権
suzeren,宗主
svastik,卍
sviteni,マホガニー属
tablojd,錠剤
tagalog,タガログ
tajhang,太行山脈
tajjuan,太原
tajjŭan,太原
takipne,頻呼吸
taksodi,ラクウショウ属
taktism,走性
taliktr,カラマツソウ属
talofit,葉状植物
tamandu,タマンドゥア属
tamarik,ギョリュウ
tampere,タンペレ
tanacet,ヨモギギク
tangŝan,唐山
tantiem,印税
tanzani,タンザニア
tasmani,タスマニア
tatagat,如来
taŝkent,タシケント
teheran,テヘラン
tekneci,テクネチウム
tekstil,繊維
tekstur,組織
tekvond,テコンドー
telemaĥ,テレマコス
telofaz,終期
temerar,無鉄砲
tenebri,ゴミムシダマシ属
tenerif,テネリフェ
tentakl,触手
tenuran,保有農
teobrom,カカオノキ属
teodice,神義論
teodozi,テオドシウス
teognis,テオグニス
teogoni,神統記
teokrit,テオクリトス
teozofi,神智学
terafoz,ゴライアスグモ属
terakot,テラコッタ
teratom,奇形腫
teravad,上座部
teravat,テラワット
tercian,三日熱
terciar,第三紀
terenci,テレンティウス
tetanos,破傷風
tetraon,ライチョウ
tetrark,四分領主
tianĝin,天津
tianŝan,天山
tibesti,ティベスティ
tibuŝen,シコンノボタン属
tiravir,引き綱
tireoid,甲状軟骨
tirozin,チロシン
titikak,チチカカ
titular,名目上
tizanur,シミ目
tjanĝin,天津
tjanŝan,天山
tobogan,トボガン
tokonom,床の間
tolstoj,トルストイ
tomahok,トマホーク
torinok,鳥の子紙
toriĉel,トリチェリ
tortilj,トルティーヤ
tortrik,ハマキガ
trabant,衛星
trabekl,小梁
tragant,トラガント
trakeli,イラクサギキョウ
traktus,神経路
transit,通過輸送
traŭmat,外傷
treonin,スレオニン
tribord,右舷
tribrak,三短格
triceps,三頭筋
tridakn,シャコガイ属
trifori,トリフォリウム
triglif,トリグリフ
triketr,三角骨
trilion,一兆
trilogi,三部作
trinitr,トリニトロ
triolet,トリオレ
tripang,ナマコ
tripoli,トリポリ地方
tripsin,トリプシン
triptik,三連祭壇画
tristan,トリスタン
trombin,トロンビン
tropeol,キンレンカ
trusken,罫引き
tuberos,チューベロース
tucidid,トゥキュディデス
tuileri,チュイルリー
turgesk,膨満
turingi,チューリンゲン
turkmen,トルクメン
tusilag,フキタンポポ
udmurti,ウドムルト共和国
ulamban,盂蘭盆
ulrungd,鬱陵島
ungvent,軟膏
unikorn,一角獣
unitari,ユニテリアン
uperkut,アッパー
uranism,男性同性愛
urinore,多尿
urugvaj,ウルグアイ
ustilag,クロボキン属
vadjang,底なし鍋
vaginal,鞘膜
vajdblu,タイセイ青
vakajam,和歌山
vakcini,スノキ
valenci,バレンシア
valkiri,ワルキューレ
valmiki,バールミーキ
valpurg,ワルプルガ
vanilin,バニリン
vanuatu,バヌアツ
variabl,変数
variaci,変奏曲
varicel,水痘
variete,バラエティ
vaterlo,ワーテルロー
vatikan,バチカン
verbask,モウズイカ属
vergili,ウェルギリウス
vermont,バーモント州
vernaci,芽中葉序
vernier,副尺
veronal,ベロナール
veronez,ヴェロネーゼ
veronik,クワガタソウ
versajl,ベルサイユ
versikl,節
vertrag,グレイハウンド
vibraci,振動
viktori,ヴィクトリア
vincent,ビンセント
vindhuk,ウィントフック
violent,暴力
virgini,バージニア
virtual,仮想
visigot,西ゴート
vistari,フジ
visteri,フジ
vitamin,ビタミン
vitilig,白斑
vitruvi,ウィトルウィウス
vjetnam,ベトナム
voandze,バンバラ豆
vodevil,ボードビル
vojevod,ヴォイヴォダ
volapuk,ヴォラピュク
volatil,揮発性
volfram,タングステン
volitiv,意志法
volovan,ボロバン
vormian,ウォルム骨
zabajon,ザバイオーネ
zaporog,ザポロージャ
zaragoz,サラゴサ
zepelin,ツェッペリン
zeŭksis,ゼウクシス
zigofil,ハマビシ属
zigurat,ジッグラト
zimbabv,ジンバブエ
zirkoni,ジルコニウム
ĉampanj,シャンパーニュ
ĉampion,チャンピオン
ĉangpaj,長白山
ĉangĉun,長春
ĉapelil,チャペリーロ
ĉastuŝk,チャストゥーシカ
ĉerburg,シェルブール
ĉernozi,黒土
ĉervonc,チェルヴォネツ
ĉimaron,無糖マテ茶
ĉimozin,キモシン
ĉimpanz,チンパンジー
ĉingdaŭ,青島
ĉinghaj,青海
ĉirimen,縮緬
ĉiĉeron,観光ガイド
ĉogoliz,チョゴリザ
ĉongĵin,清津
ĝaganat,ジャガンナート
ĝazband,ジャズバンド
ĝengĝoŭ,鄭州
ĝenovev,ジュヌビエーブ
ĝermani,ゲルマニア
ĝeĝjang,浙江
ĝirondi,ジロンド
ĝjangsu,江蘇
ĥabakuk,ハバクク
ĥaradri,チドリ属
ĥelicer,鋏角
ĥorasan,ホラーサーン
ĵambore,ジャンボリー
ĵinrikŝ,人力車
ŝakuhaĉ,尺八
ŝamisen,三味線
ŝandong,山東
ŝandung,山東
ŝarazad,シェヘラザード
ŝekspir,シェークスピア
ŝenjang,瀋陽
ŝetland,シェトランド
ŝibolet,合言葉
ŝinĝang,新疆
ŝjining,西寧
ŝlesvig,シュレスヴィヒ
ŝrapnel,榴散弾
ŝulamit,シュラム女
abadon,アバドン
abatis,逆茂木
abisen,アビシニア
abiŝag,アビシャグ
ablaci,消融
abnorm,異常
abomas,第四胃
abrazi,擦過
abscis,横座標
absolv,赦免
abutil,アブチロン
acetil,アセチル
aceton,アセトン
adenin,アデニン
adenom,腺腫
adiant,ホウライシダ
adison,アジソン
adjekt,状況補語
adonid,フクジュソウ
adonis,アドニス
adrian,アドリアン
adsorb,吸着
adukci,内転
advers,敵対
afekci,作用
aferez,語頭音脱落
agarik,ハラタケ
agatid,アガチス
agerat,アゲラタム
agnosk,承認
agnozi,失認
agvara,タテガミオオカミ
ailant,ニワウルシ
ajapan,アヤパナ
ajatol,アヤトラ
akeron,アケロン
akolit,侍者
akomod,適応
akonit,トリカブト
akonti,アコンティアス
akromi,肩峰
aksung,豚脂
akteon,アクタイオン
aktini,イソギンチャク
aktuar,書記
akumul,蓄積
akĉent,訛り
alabam,アラバマ
alanin,アラニン
alarik,アラリック
albert,アルバータ
albion,アルビオン
albizi,ネムノキ属
alburn,ブリーク
alcino,アルキノオス
alegan,アレゲーニー
aleksi,失読
aleman,アレマン
alergi,アレルギー
aleron,補助翼
alfons,アルフォンス
alfred,アルフレード
alianc,同盟
aliari,ニンニクガラシ
alidad,アリダード
alifat,脂肪族
alkali,アルカリ
alkmen,アルクメネ
almati,アルマトゥイ
alopat,対症医
alpini,ハナミョウガ
altair,アルタイル
alumin,アルミニウム
alunit,明礬石
alveol,小孔
alĝebr,代数系
alĝeri,アルジェリア
amalek,アマレク
amanit,テングタケ
amazon,アマゾン
ambigu,曖昧
amiant,石綿
amilaz,アミラーゼ
amirid,アミリス
amitab,阿弥陀
amitoz,無糸分裂
amnezi,健忘
amofil,ハマニンニク
amonit,アンモナイト
amorid,アモリ人
amplif,増幅
anabol,同化
anafaz,後期
anafor,照応
anagir,アナギリス
anarik,オオカミウオ
anarĥi,無政府
anatem,破門
anatol,アナトール
andant,アンダンテ
anelid,環形動物
angiom,血管腫
anglez,アングレーズ
angrek,アングレカム
angvis,アシナシトカゲ
anhalt,アンハルト
anilid,アニリド
ankone,肘筋
anofel,ハマダラカ
anopsi,失明
anorak,アノラック
anosmi,嗅覚脱失
anselm,アンセルム
antiar,ウパス
antigv,アンティグア
antino,アンティノオス
antiop,アンティオペ
antioĥ,アンティオコス
antoni,アントニオ
antozo,花虫類
antrop,人間
anturi,アンスリウム
aorist,アオリスト
apalaĉ,アパラチア
apanaĝ,采邑
apatit,燐灰石
apenin,アペニン
apepsi,胃消化不全
apocin,バシクルモン
apofiz,骨突起
apokop,語尾音消失
apolon,アポロン
aprior,先天的
arabin,アラビン
arabis,ハタザオ属
arafur,アラフラ海
aragon,アラゴン
arakid,ラッカセイ
ararat,アララット山
ardizi,マンリョウ
argani,アルガン
argiop,コガネグモ属
ariadn,アリアドネ
ariman,アーリマン
ariost,アリオスト
arizon,アリゾナ
arkadi,アルカディア
arkean,太古代
arkont,アルコン
arktur,アークトゥルス
armand,アルマン
armeri,ハマカンザシ
armori,紋章
aromat,芳香族
arorut,アロールート
arpent,アルパン
artikl,品物
aruman,アルーマニア人
asbest,石綿
ascend,登る
ascidi,ホヤ類
asembl,アセンブル
askorb,抗壊血
aspart,アスパラギン酸
aspazi,アスパシア
astart,アスタルテ
asteni,衰弱
asteri,ヒトデ
astilb,アスチルベ
asturi,アストゥーリアス
atakam,アタカマ
ataksi,運動失調
ataman,アタマン
aterom,アテローム
atlant,男像柱
atreid,アトレウス家
atrezi,閉鎖症
atrici,不完全痛悔
avatar,化身
averaĝ,平均
avicen,アヴィケンナ
avocet,ソリハシセイタカシギ
avokad,アボカド
azarol,アザロール
azimen,ポーポー属
azimut,方位角
azoksi,アゾキシ
azuleĥ,アズレージョ
aĉeŭle,アシュール
aĥemen,アケメネス
aĥeron,アケロン
aŝmode,アスモデウス
aŭksin,オーキシン
aŭkume,オクメ
aŭreli,ミズクラゲ
aŭrikl,耳介
aŭster,厳格
aŭtent,真正
aŭŝvic,アウシュビッツ
babord,左舷
badeni,バーデン
bagdad,バグダッド
bajkal,バイカル湖
bajram,バイラム
bajron,バイロン
bakang,ンバカンガ
baklav,バクラヴァ
baktri,バクトリア
bakŝiŝ,袖の下
baldur,バルデル
balear,バレアレス
balist,弩砲
balkan,バルカン
balkaŝ,バルハシ湖
balote,ヤマガラシ属
bambuz,ホウライチク属
bangal,バンガロー
bangvi,バンギ
banjan,ガジュマル
banked,宴会
bankiz,氷原
bankok,バンコク
bantam,チャボ
banĝul,バンジュール
banĵul,バンジュール
baobab,バオバブ
barbad,バルバドス
barbed,砲座
barbud,バーブーダ
barejn,バーレーン
barenc,バレンツ
barion,バリオン
barjon,バリオン
barkan,バルハン
barnab,バルナバ
barzoj,ボルゾイ
basbal,野球
basier,弱気筋
baskul,傾動
bastil,バスチーユ
batrak,無尾類
bazidi,担子器
bazili,バジル
baŝkir,バシキール
baŝlik,頭巾
baŭcis,バウキス
bedeli,ブデリウム
beduen,ベドウィン
begoni,ベゴニア
bejrut,ベイルート
belial,ベリアル
bemeri,カラムシ属
bengal,ベンガル
benign,良性
benjet,ベニエ
benzen,ベンゼン
benzil,ベンジル
benzol,ベンゾール
berber,ベルベル人
bergen,ベルゲン
berili,ベリリウム
bering,ベーリング
bermud,バミューダ
bernik,ベレニケ
betani,ベタニア
bezoar,胃石
bharat,インド
biceps,二頭筋
bienal,ビエンナーレ
bilbok,けん玉
bileam,バラム
bilion,十億
biocid,生物殺剤
biopsi,生検
biotin,ビオチン
biotit,黒雲母
biplan,複葉機
bisekc,二等分
biskaj,ビスカヤ
biskot,ラスク
bitnik,ビート族
biuret,ビウレット
bizanc,ビザンツ
bizant,ビザント金貨
biŝkek,ビシュケク
blabla,べらべら話す
bluĝin,デニム
bocvan,ボツワナ
bodler,ボードレール
bodoni,ボドニ体
bofort,ビューフォート
bokser,ボクサー犬
bolard,ボラード
boldin,ボルジン
bolivi,ボリビア
bolonj,ボローニャ
bolŝev,ボリシェビキ
bombaj,ボンベイ
bombak,パンヤ属
bomben,スズガエル属
bonazi,エゾライチョウ
bonsaj,盆栽
bordoz,ボルドー
bordun,低音持続
boreal,北方
boreli,ボレリア
borome,ボッロメーオ
bospor,ボスポラス
boston,ボストンワルツ
botarg,ボッタルガ
botaŭr,サンカノゴイ
botrit,ボトリチス
botrop,ハララカ属
boŝman,ブッシュマン
bradip,ナマケモノ
brahma,ブラフマー
brahmo,ブラフモ
brakin,ホソクビゴミムシ属
brakte,苞
branki,鰓
bravur,名人芸
brazil,ブラジル
braĥin,ホソクビゴミムシ
brelok,小飾り
bremen,ブレーメン
breton,ブルターニュ
brevet,特許状
briare,ブリアレオス
brifit,コケ植物
brigit,ブリジット
brioni,ブリオニア属
briozo,コケムシ類
brisur,紋章差標
briton,ブリトン人
brokol,ブロッコリー
bromus,スズメノチャヒキ属
brucel,ブルセラ
brucin,ブルシン
brumer,ブリュメール
brunej,ブルネイ
brunel,ウツボグサ属
brusel,メキャベツ
brutal,粗暴
bukcen,ブッキーナ
bulbil,むかご
buldog,ブルドッグ
buldoz,ブルドーザー
bulgar,ブルガリア
bulimi,過食症
bungar,アマガサヘビ属
burask,スコール
burbon,ブルボン
burger,バーガー
burjat,ブリヤート人
burkin,ブルキナ
burser,ブルセラ属
burund,ブルンジ
buŝmen,ブッシュマン
cebaot,サバオト
cecili,セシリア
cedrat,シトロン
cedrel,セドレラ属
cefale,頭痛
cefanj,ゼファニヤ
cejlon,セイロン
celebr,執り行う
celest,チェレスタ
celtid,エノキ属
centav,センタボ
centil,百分位
cenzor,検閲官
cerami,ケラミウム属
cerast,ツノクサリヘビ属
cerber,ケルベロス
cercid,ハナズオウ属
cereal,穀物
cerebr,大脳
cervik,頸部
cestod,条虫綱
cetoni,ハナムグリ属
cezare,カエサレア
cianur,シアヌル
cibori,聖体器
ciklad,キクラデス
ciklan,シクロアルカン
ciliar,毛様体
cilici,キリキア
cimati,サイマ
cingul,帯状束
cintur,帯
ciprin,コイ
cipsel,アマツバメ
cireni,キレナイカ
cistin,シスチン
citral,シトラール
citrol,スイカ属
citrus,柑橘
dabing,大餅
dafnis,ダフニス
dahome,ダオメー
dajmon,ダイモン
dajren,大連
dalmat,ダルマティア
dalton,ダルトン
damian,ダミアン
damokl,ダモクレス
danaid,ダナオイ
dancig,ダンツィヒ
daniel,ダニエル
dariol,ダリオール
darvin,ダーウィン
davali,シノブ属
daŭfen,王太子
decidu,落葉性
defens,禁牧
dehisk,裂開
dekant,デカント
dekkan,デカン
dekokt,煎出
delekt,愉悦
delikt,違反
demarŝ,外交措置
demenc,認知症
dement,否認
demisi,辞職
dendro,樹木
dental,歯音
dentin,象牙質
deodar,ヒマラヤ杉
deploj,展開
deport,強制移送
deprec,減価
deprim,抑うつ
dermat,皮膚
derviŝ,デルビーシュ
desfil,遮蔽
desmod,チスイコウモリ属
desper,絶望
detekt,検出
deterg,洗浄
detrit,岩屑
devanc,追い越す
devoni,デボン紀
dezajn,デザイン
diabol,ディアボロ
diafiz,骨幹
diakil,鉛硬膏
dialef,母音離隔
dializ,透析
diartr,可動関節
diatez,素因
diaton,全音階
dierez,分音
dietik,栄養療法
dietil,ジエチル
diklin,雌雄異花
diktat,書取り
dileni,ディレニア属
diluvi,洪積層
diminu,縮小
diocez,司教区
diodor,ディオドロス
diogen,ディオゲネス
diomed,ディオメデス
dioniz,ディオニュソス
dioptr,屈折面
dioram,ジオラマ
diorit,閃緑岩
diport,繰延料
dipsak,ナベナ
diptik,二連画
disaĝi,逆ざや
disert,論文
disked,フロッピー
disoci,解離
dispne,呼吸困難
disten,藍晶石
distik,二行連句
distom,肝蛭
disuri,排尿困難
ditisk,ゲンゴロウ属
diurez,利尿
diverĝ,発散
divorc,離婚
dizert,脱走
diĝest,ダイジェスト
diĵoni,ディジョン地方
dnestr,ドニエストル
docent,講師
dodeka,十二
dodoic,都々逸
dodoma,ドドマ
dolman,ドルマン
dolmen,ドルメン
domani,ドメイン
doming,ドミニカ
domini,自治領
donaci,寄付金
donald,ドナルド
dopler,ドップラー
dorote,ドロテア
dosier,一件書類
dracen,ドラセナ
drakon,苛酷
dravid,ドラビダ
drelik,粗布
drezin,軌道車
drimis,ドリミス属
dromaj,エミュー
drozer,モウセンゴケ属
dublin,ダブリン
dugong,ジュゴン
duktil,延性
dumdum,ダムダム弾
duoden,十二指腸
duŝanb,ドゥシャンベ
ebonit,エボナイト
edinol,エジノール
editor,校訂者
edmond,エドモンド
edmund,エドマンド
eduard,エドワード
efelid,そばかす
efraim,エフライム
egilop,エギロプス属
ejakul,射精
ekbali,テッポウウリ属
ekimoz,斑状出血
ekonom,経済
eksciz,切除
ekskuz,弁明
ekspon,指数
ekspoz,展示
eksvot,奉納品
ektazi,拡張症
ektomi,切除
ektopi,異所性
ekumen,全教会
ekzalt,高揚
ekzark,総督
ekzekv,強制執行
ekzerg,刻銘部
ekzorc,悪魔祓い
elasto,弾性
elater,コメツキムシ
elatin,ミゾハコベ属
elbrus,エルブルース
eleagn,グミ
eledon,イチレツダコ属
elimin,除去する
elohim,エロヒム
embarg,禁輸
emboli,塞栓症
emerik,エメリック
emersi,出現
emetik,吐剤
emetin,エメチン
emitor,エミッタ
empetr,ガンコウラン属
empiem,膿胸
empire,最高天
empiri,経験
empori,貿易都市
enalag,破格構文
endemi,固有
enklav,飛地
enkliz,接語化
enoter,マツヨイグサ
entent,協商
entjer,整数
entozo,体内寄生虫
enukle,摘出
enurez,遺尿
envult,呪詛
eparki,主教管区
eparĥi,主教管区
epifiz,骨端
epifor,流涙
epigin,子房下位
epigon,亜流
epikur,エピクロス
epiplo,大網
episom,エピソーム
epitaf,墓碑銘
epitom,抜粋
epoksi,エポキシ
epulis,歯肉腫
eratem,界
eratik,迷子石
eratum,正誤表
erevan,エレバン
erfurt,エアフルト
eridan,エリダヌス
eringi,ヒゴタイサイコ
eritem,紅斑
eritre,エリトリア
erivan,エレバン
erizif,ウドンコカビ属
erizim,エリシマム
erlang,アーラン
erofil,エロフィラ属
erudit,博学者
esamen,蜂群
eskarp,内岸
eskvir,従騎士
esoter,秘教
espart,エスパルト
espres,エスプレッソ
estiel,として
estuar,河口湾
etalon,標準器
etanol,エタノール
etaĝer,飾り棚
eteokl,エテオクレス
etiked,ラベル
etilen,エチレン
etmoid,篩骨
etoksi,エトキシ
etruri,エトルリア
etrusk,エトルリア
evelin,エヴリン
evemer,エウヘメロス
evikci,法的回復
evipan,エヴィパン
evolut,縮閉線
evonim,ニシキギ
eŝolzi,ハナビシソウ属
eŭdoks,エウドクソス
eŭfoni,音調美
eŭfori,多幸感
eŭfrat,ユーフラテス
eŭgeni,フトモモ属
eŭglen,ミドリムシ属
eŭklid,ユークリッド
eŭrazi,ユーラシア
eŭropi,ユウロピウム
eŭtekt,共晶
eŭterp,エウテルペ
eŭtrof,富栄養
fabian,フェビアン
faeton,フェートン
faktis,ファクチス
faktot,何でも屋
fakult,心的能力
falern,ファレルノ
faloid,陰茎状
falset,ファルセット
faraon,ファラオ
farbit,アサガオ
farise,パリサイ
farmak,薬理
farnez,ファルネーゼ
farsal,ファルサロス
fascin,魅惑
fasĉin,粗朶
fatras,がらくた
fekund,繁殖力のある
feliks,フェリクス
feloid,ネコ科
feofit,褐藻類
fermat,フェルマータ
festuk,ウシノケグサ
fibrin,フィブリン
fikari,ヒメリュウキンカ
filant,コミカンソウ
filari,フィラリア
filipi,フィリピ
filiŝt,ペリシテ
filodi,葉状柄
fimbri,房状縁
finial,頂華
firenc,フィレンツェ
fiteŭm,タマシャジン属
fiting,管継手
fizali,カツオノエボシ
flagel,鞭毛
flakon,小瓶
flamin,フラーメン
flandr,フランドル
flavin,フラビン
flavon,フラボン
florid,フロリダ
fluter,心房粗動
foksen,ヒメハヤ属
folikl,濾胞
foliol,小葉
foliot,スギタケ属
foment,温湿布
fondus,基金
forint,フォリント
formol,ホルマリン
formos,台湾
formoz,台湾
fornel,レンジ
fortun,幸運
fortuz,努力
fosfen,眼内閃光
fosfin,ホスフィン
fosgen,ホスゲン
fosili,化石
fragil,脆性
frandz,外陰舐め
fratri,フラトリア
frenul,小帯
frigan,トビケラ属
frigid,性的冷感
frikas,フリカッセ
frimer,霜月
frustr,欲求不満
ftalil,フタリル
fugian,福建
fuksin,フクシン
fukuok,福岡
fulard,フーラード
fulgor,テングスケバ
fulmar,フルマカモメ属
fulmin,爆鳴
fumari,カラクサケマン
fungus,菌状腫
funikl,索
furgon,荷馬車
furier,補給係
futbal,サッカー
fuĝjan,福建
gadmes,張形
gajlol,ガロール
galang,ガランガル
galate,ガラテイア
galban,ガルバナム
galbul,キリハシ
galeas,ガレアス船
galici,ガリシア
galile,ガリラヤ
galion,ガレオン船
galiot,ガリオット
galium,ガリウム
galjon,ガロン
galvan,ガルバニ
gambit,ギャンビット
gaskon,ガスコーニュ
gasojl,軽油
gaspar,ガスパール
gaston,ガストン
gavial,ガビアル
gdansk,グダニスク
geastr,ツチグリ属
gefire,海産蠕虫
gejser,間欠泉
georgi,ジョージア州
gepard,チーター
gerard,ジェラール
gerbil,ジャービル
gerion,ゲリュオン
gerlen,もやい綱
geront,ゲロント
gervaz,ジェルヴェーズ
gestap,ゲシュタポ
giardi,ジアルジア
gibson,ギブソン
gideon,ギデオン
gilead,ギレアド
gimnot,ギムノートゥス
ginece,婦人部屋
ginevr,グィネヴィア
gingiv,歯肉
ginjol,ギニョール
gipaet,ヒゲワシ
glabel,眉間
glacis,斜堤
glatis,薄氷
glaĉer,氷河
glaŭci,ツノゲシ
glekom,カキドオシ
glicer,グリセリル
glicin,ダイズ属
globin,グロビン
globul,小球
globus,地球儀
glosin,ツェツェバエ属
glucid,糖質
glumel,小穎
glutam,グルタム
glutar,グルタル
gluten,グルテン
gnomik,箴言詩
gnomon,グノモン
gobang,五目並べ
gobius,ハゼ
goelet,スクーナー
goetit,針鉄鉱
golgot,ゴルゴタ
goliat,ゴリアテ
goljat,ゴリアテ
gongor,ゴンゴラ
gonidi,共生藻
gonore,淋病
gonzag,ゴンザーガ
gorgon,ゴルゴン
gosipi,ワタ属
gospel,ゴスペル
graben,地溝
gracil,きゃしゃ
gradus,グラード
grafem,書記素
grafen,グラフェン
grafik,図式
gramin,イネ科草
granad,グラナダ
granol,顆粒剤
granul,顆粒
grapol,房
graten,グラタン
gratif,報奨
gravit,重力
grenat,ガーネット
grifon,グリフォン犬
grizon,グラウビュンデン
grujer,グリュイエール
grumel,だま
guanin,グアニン
gujdak,ミル貝
gujĝoŭ,貴州
gustav,グスタフ
gvajak,ユソウボク
gvajan,ガイアナ
gvanak,グアナコ
gvanŝi,広西
gvaran,ガラナ
gvejĝo,貴州
gvemul,ウエムル属
gveril,ゲリラ
hadean,冥王代
hadron,ハドロン
hajduk,ハイドゥク
hajnan,海南
halanĝ,笑い混乱文
haloid,ハロゲン化物
halter,重量挙げ
haluks,母趾
hamlet,ハムレット
hangul,ハングル
hankoŭ,漢口
hanovr,ハノーバー
hapaks,ハパックス
harare,ハラレ
harbin,ハルビン
harian,ハリヤナ
harmon,調和
harnes,綜絖
harold,ハロルド
harpal,ゴモクムシ
haspel,糸枠
haŭbiz,榴弾砲
haŭser,係船索
hebrid,ヘブリディーズ
hedvig,ヘドヴィグ
hefest,ヘファイストス
hekate,ヘカタイオス
heksan,ヘキサン
hektik,消耗熱
hektor,ヘクトル
helenj,ヘレニョ
heliks,耳輪
helium,ヘリウム
helode,オオカナダモ
heloiz,エロイーズ
helvel,ノボリリュウ
helvet,ヘルベティア
hemant,ハエマンサス属
hemati,赤血球
hemion,アジアノロバ
henrik,ヘンリー
heptan,ヘプタン
herakl,ヘラクレス
herkul,ヘラクレス
herman,ヘルマン
hermes,ヘルメス
hermet,密封
hermit,エルミート
hermon,ヘルモン山
heroid,英雄書簡
heroin,ヘロイン
herpet,ヘルペス
hetajr,ヘタイラ
hetero,異
heziod,ヘシオドス
hibisk,ハイビスカス
hibrid,雑種
hidalg,イダルゴ
hidrat,水和物
hikori,ヒッコリー
hiksos,ヒクソス
hilari,ヒラリー
himati,ヒマティオン
himene,ヒメナエア属
himeni,子実層
hining,西寧
hiphop,ヒップホップ
hipnoz,催眠
hipofe,シーバックソーン属
hipoge,地下墓
hipola,ウタムシクイ属
hirkan,ヒルカノス
histon,ヒストン
hitler,ヒトラー
hiziki,ヒジキ
hokajd,北海道
holand,ホラント
holost,ホロステウム属
homeot,ホメオティック
homili,説教
hondur,ホンジュラス
honiar,ホニアラ
honori,ホノリウス
hoplit,重装歩兵
horaci,ホラティウス
hormin,ホルミヌム
hormon,ホルモン
hospic,宿坊
hoĝkin,ホジキン
hubert,ユベール
hudson,ハドソン
hulman,ラングール
hungar,ハンガリー
huntun,ワンタン
iberis,マガリバナ属
iksion,イクシオン
iktioz,魚鱗癬
imagin,成虫
imbrik,瓦重ね
imersi,潜入
imphal,インパール
implic,含意
implod,爆縮
impoŝt,拱脚石
incest,近親相姦
indent,字下げ
indian,インディオ
indien,インド更紗
indium,インジウム
indult,特免状
induzi,包膜
inerci,慣性
infami,悪評
infant,王族子女
infest,侵入
infiks,挿入辞
influk,静電誘導
ingest,摂取
inklud,含んだ
inocib,アセタケ属
inplan,全紙判
insert,挿入
insinu,ほのめかし
instep,足の甲
intajl,沈み彫り
integr,全部の
intron,イントロン
inulin,イヌリン
invert,転化
invest,投資
inĝeni,機知
iperit,イペリット
iravad,イラワジ
irland,アイルランド
irokez,イロコイ
isaĥar,イッサカル
iskemi,虚血
iskiat,坐骨神経
island,アイスランド
ismail,イスマーイール
isolep,イソレピス属
israel,イスラエル
iterbi,イッテルビウム
itiner,旅程
izabel,イサベル
izatid,タイセイ属
izatis,ホッキョクギツネ
izebel,イゼベル
izidor,イシドール
izobat,等深線
izocel,二等辺
izogon,等偏角線
izotio,イソチオ
izotop,同位体
iŝmael,イシュマエル
jabiru,ジャビルー
jacint,ヒヤシンス石
jadeit,ヒスイ輝石
jadvig,ヤドヴィガ
jahurt,ヨーグルト
jakuti,ヤクーチア
jamaik,ジャマイカ
jamajk,ジャマイカ
jambos,フトモモ
jangon,ヤンゴン
jangzi,長江
jansen,ジャンセン
jaspis,碧玉
jaunde,ヤウンデ
jazion,ジャシオネ属
jehoaŝ,ヨアシュ
jeremi,エレミヤ
jersin,イェルサン
jesaul,コサック隊長
jiftaĥ,エフタ
joakim,ヨアキム
jogurt,ヨーグルト
johimb,ヨヒンベ
jokast,イオカステ
jordan,ヨルダン
jovial,陽気
jueŝan,玉山
jugurt,ユグルタ
jukoni,ユーコン
julian,ユリアヌス
juliet,ジュリエット
junnan,雲南
justen,ユスティヌス
justic,正義
kabili,カビリア
kadaif,カダイフ
kadenz,カデンツァ
kadrat,クワタ
kaduce,カドゥケウス
kafein,カフェイン
kaftan,カフタン
kainit,カイナイト
kairin,バリケン属
kaistr,カイストロス
kajbar,カイバル
kajman,カイマン
kakatu,オウム
kaladi,カラジウム属
kalate,カラテア属
kalazi,霰粒腫
kalcid,カルキス
kalcin,か焼
kalcit,方解石
kalend,朔日
kalidr,オバシギ属
kalikl,副萼
kaliop,カリオペ
kalips,カリプソ
kalist,カリスト
kalkat,カルカッタ
kalkut,カルカッタ
kalmar,イカ
kalmuk,カルムイク人
kalori,カロリー
kalpak,カルパック
kalvil,カルヴィルリンゴ
kalĥas,カルカス
kambiz,カンビュセス
kamboĝ,カンボジア
kambri,カンブリア
kamera,カメラ
kampal,カンパラ
kampan,カンパニア人
kampeĉ,ロッグウッド
kamufl,偽装
kanaan,カナン
kanaki,カナキー
kanang,イランイラン属
kanber,キャンベラ
kancer,がん
kandid,カンジダ
kanjon,大峡谷
kankan,カンカン
kannad,カンナダ
kanope,樹冠層
kansaj,関西
kansas,カンザス
kantal,カンタル
kantik,聖歌
kantil,カンティーユ
kantin,売店
kaolin,カオリン
kapriĉ,カプリッチョ
kapsel,ナズナ
kapsid,カプシド
kapsik,トウガラシ
karaib,カリブ
karate,空手
karaĉi,カラチ
karbam,カルバモイル
karbaz,カルバジル
karben,カルベン
karbol,石炭酸
karbur,浸炭
karcin,イソガニ属
kardan,カルダン
kardif,カーディフ
kardin,蝶番
kardon,カルドン
kareks,スゲ
karenc,欠乏
karesm,四旬節
karibu,カリブー
karism,カリスマ
karite,シアの木
karlin,チャボアザミ
karmel,カルメル
karmen,カルメン
karnak,カルナク
karonj,カロンニャ
karpat,カルパチア
karpel,心皮
kartag,カルタゴ
kartam,ベニバナ属
kartel,カルテル
kartum,ハルツーム
kasaci,破棄
kaskad,滝
kasket,ひさし帽
kastri,カストリーズ
kasuar,ヒクイドリ
kataif,カタイフ
katalp,キササゲ属
katari,イヌハッカ
katart,コンドルモドキ属
kateĉu,カテキュー
katgut,ガット
katjon,陽イオン
katlej,カトレヤ属
kavier,キャビア
kazuar,ヒクイドリ
kazubl,祭服
kaĥekt,悪液質
kaŝmir,カシミール
kaŝubi,カシューブ
kaŭkaz,カフカス
kaŭter,焼灼
kebeki,ケベック州
kebraĉ,ケブラチョ
keloid,ケロイド
keloni,ウミガメ
kelvin,ケルビン
kepler,ケプラー
kerigm,宣教
kermes,ケルメス
kerone,カイロネイア
kesong,ケーソン
keĝeri,ケジャリー
kidnap,誘拐
kidron,キデロン
kigali,キガリ
kilson,内竜骨
kinkon,キナノキ
kinŝas,キンシャサ
kirgiz,キルギス
kirmes,ケルメス
kladik,分岐学
klamid,クラミュス
klaret,クラレット
klaŭdi,クラウディウス
kleant,クレアンテス
klemat,クレマチス
klepto,窃盗癖
klerik,聖職者
kliper,クリッパー
klitor,陰核
klonus,クローヌス
klorel,クロレラ
kloroz,萎黄病
klostr,修道院
klotar,クロタール
klozet,便所
kluniz,クリュニー
knaŭti,クナウティア属
koagul,凝固
kodein,コデイン
kodeks,古写本
koendu,キノボリヤマアラシ属
kofein,カフェイン
kognat,母系親族
kohort,歩兵隊
kokain,コカイン
kokcig,尾骨
koktel,カクテル
kolaps,虚脱
kolemi,胆血症
kolera,コレラ
kolibi,モリノカレバタケ属
kolier,ネックレス
kolikl,丘
koliri,目薬
kolkat,コルカタ
koloid,コロイド
kolokv,討論集会
kolonj,コロン
kolose,コロッセオ
kolumb,コロンブス
kolute,ボウコウマメ属
koluzi,結託
kolĉid,コルキス
kolĉik,コルチカム
kolĥid,コルキス
kolĥoz,コルホーズ
komeni,コメニウス
komiks,漫画
komoci,震盪
kompan,会社
kompot,コンポート
komput,計算する
koncip,構想
kondil,顆
kondom,コンドーム
koneks,関連
konekt,接続
konfet,紙吹雪
kongel,急凍
kongol,コンゴ
kongru,合致
konidi,分生子
koniin,コニイン
konioz,塵肺
konjug,共役
konkir,征服
konkub,内縁
konoid,コノイド
konrad,コンラート
kontaĝ,伝染
kontaŭ,向かい
kontra,低音
kontre,カントリー
konukl,糸巻き棒
konvoj,護送船団
konzol,コンソール
kooper,協同
kopaiv,コパイバ
kopren,ヒトヨタケ属
kopris,ダイコクコガネ属
koraci,ブッポウソウ
korakl,コラクル
korazi,風食
korbel,持送り
korcir,ケルキラ
kordon,ひも
kordov,コルドバ
koriks,コミズムシ属
korimb,散房花序
korint,コリント
korkor,ツナソ属
korned,角頭巾
kornus,ミズキ
koroid,脈絡膜
korsak,コサックギツネ
korsik,コルシカ
kortes,コルテス
kortez,宮廷風
kortik,皮質
korund,鋼玉
kosmos,コスモス
koteri,仲間
kotorn,厚底半長靴
kovard,卑怯
koŝmar,悪夢
krakov,クラクフ
krampf,けいれん
krasul,クラッスラ
kraton,クラトン
krenel,銃眼
krepid,クレピス
krepit,爆ぜる
kreten,クレチン
kreton,クレトン
krezol,クレゾール
kriket,クリケット
krinum,ハマオモト属
krisol,るつぼ
krizip,クリュシッポス
krizop,クサカゲロウ属
kroked,コロッケ
kroket,クロッケー
krokiz,スケッチする
krokus,クロッカス
kromat,色
kromit,クロム鉄鉱
krotal,ガラガラヘビ
kroton,ハズ属
kroĉet,編む
krupuk,クルプック
ksanti,オナモミ属
ksaver,ザビエル
ksenon,キセノン
kserks,クセルクセス
ksilem,木部
ksilen,キシレン
kulmin,頂点
kulomb,クーロン
kultiv,栽培
kungfu,カンフー
kunlun,崑崙
kupoks,牛痘
kupres,イトスギ属
kuprit,赤銅鉱
kuraca,キュラソー酒
kurkum,ウコン
kuroŝi,黒潮
kursor,カーソル
kurtaĝ,仲買料
kurtin,幕壁
kuskus,クスクス
kuskut,ネナシカズラ属
kuspid,尖頭
kutikl,クチクラ
kuvajt,クウェート
kvaker,クエーカー
kvalif,規定する
kvaril,四分位数
kvazar,クエーサー
kvecal,ケツァール
kvivit,チッチッ
kvorum,定足数
kŝatri,クシャトリヤ
kŭaks!,ゲロゲロ!
kŭanĵu,光州
labial,唇音
labiat,シソ科
labrak,欧州スズキ
laburn,キングサリ属
lakari,キツネタケ属
lakmus,リトマス
laknaŭ,ラクナウ
lakton,ラクトン
lakŝmi,ラクシュミー
lamark,ラマルク
lambad,ランバダ
lambel,レイブル
lambli,ジアルジア
lancin,刺痛
landaŭ,ランドー馬車
lantan,ランタン
lanĝoŭ,蘭州
lapiez,ラピエ
laplac,ラプラス
lapsan,ラプサナ属
larici,コルシカ松
lasanj,ラザニア
lasciv,好色
lateks,乳液
latent,潜在
latian,ラテン人
latrin,簡易便所
latron,強盗
laŭdan,アヘンチンキ
laŭzan,ローザンヌ
leandr,エビ属
lecide,レキデア属
legaci,公使館
leguzi,レグジア属
lejden,ライデン
leksem,語彙素
leksik,語彙
lektin,レクチン
lektor,講師
leming,レミング
lentan,ランタナ
lepidi,マメグンバイナズナ属
lepiot,キツネノカラカサ属
lepism,シミ
lepist,ムラサキシメジ属
lepsik,ライプチヒ
lepton,レプトン
levant,レバント
levier,てこ
leviid,レビ人
levrel,グレーハウンド
leŭcin,ロイシン
leŭkad,レフカダ
leŭkoj,スノーフレーク属
leŭkom,角膜白斑
leŭkoz,白血病
lignin,リグニン
lignit,亜炭
liguri,リグーリア
liknid,センノウ
liktor,リクトル
likurg,リュクルゴス
limand,マガレイ
limfat,リンパ質
limoni,イソマツ属
limoĝi,リムーザン
linari,ウンラン属
linear,線形
lingam,リンガ
lintel,まぐさ
linuks,Linux
lisbon,リスボン
listel,平縁
litiaz,結石症
litops,リトープス属
litorn,ノハラツグミ
litrum,ミソハギ属
livorn,リボルノ
lizerg,リゼルグ酸
ljuŝun,旅順
lobari,カブトゴケ属
lobeli,ロベリア
lodikl,鱗被
logani,ロガニア属
lokaŭt,ロックアウト
lokuci,成句
lokust,バッタ
longan,リュウガン
lontan,遠い
lorant,ヤドリギ属
lordoz,脊柱前弯
lotari,ロタール
luaret,ロワレ川
lucian,ルキアノス
lucili,ルキリウス
luciol,ホタル
luidor,ルイ金貨
lukani,ルカニア
luksor,ルクソール
lumbag,腰痛
lumbin,ルンビニ
lunari,ルナリア
luteci,ルテチウム
lutein,ルテイン
luzern,アルファルファ
luziad,ルジアード
madejr,マデイラ
madjar,マジャール人
madras,マドラス
madrid,マドリード
magnat,大物
magnez,マグネシア
magreb,マグレブ
mahatm,マハトマ
mahoni,ヒイラギナンテン
majenc,マインツ
majork,マヨルカ
majsur,マイソール
makabe,マカバイ
makabr,不気味
makaon,キアゲハ
makbet,マクベス
makeri,マカエリウム属
makoli,マッコリ
makram,マクラメ
makrop,カンガルー
maksil,上顎骨
makumb,マクンバ
malavi,マラウイ
maldiv,モルディブ
malgaŝ,マダガスカル人
malign,悪性
malpig,マルピーギ
maltus,マルサス
malvin,マルビナス
mamluk,マムルーク
managv,マナグア
manasl,マナスル
mandol,マンドラ
maniok,キャッサバ
manitu,マニトゥ
maniĥe,マニ
mantil,マンティーラ
mantis,仮数
manuel,マヌエル
manĉur,満州人
marabu,ハゲコウ
maranj,マラニョン川
marant,クズウコン属
marcel,マルセル
marduk,マルドゥク
marian,マリアナ
marimb,マリンバ
markez,ひさし
marmit,鍋
marmoz,ネズミオポッサム属
marten,マルティン
martes,テン属
marubi,ニガハッカ属
masakr,大虐殺
maseru,マセル
masili,マッシリア
maskat,マスカット
matine,マチネー
matiol,アラセイトウ属
matras,マトラス
matric,鋳型
matron,貴婦人
matros,水夫
mazovi,マゾビア
mazuri,マズリア
maĝang,マージャン
maĝori,マジョーレ湖
maŭric,モーリシャス
mbaban,ムババーネ
meandr,蛇行
medial,中動態
median,中線
mediat,メディア
mefist,メフィスト
megalo,巨大
mejbom,マイボーム
mekong,メコン川
mekoni,胎便
meksik,メキシコ
melope,朗吟歌
memfis,メンフィス
memuar,研究報告
mendel,メンデル
menefr,メンフィス
menela,メネラオス
menhir,メンヒル
mening,髄膜
menisk,メニスカス
mentan,メンタン
menuet,メヌエット
mercer,小間物
mergul,ウミガラス属
mering,メレンゲ
merkur,メルクリウス
merlen,マーリン
merluĉ,メルルーサ属
meruli,メルリウス属
mestiz,メスティーソ
metazo,後生動物
metret,メトレテス
metrit,子宮炎
mezant,中央値
mezere,オニシバリ
mezozo,中生動物
meĥlen,メヘレン
meĥlin,メケレン
miceli,菌糸体
midraŝ,ミドラーシュ
midvaj,ミッドウェイ
migren,偏頭痛
mihrab,ミフラーブ
mikael,ミカエル
mikron,ミクロン
mikrot,ハタネズミ属
miksin,ヌタウナギ
miksom,粘液腫
milani,ミラノ地方
mileni,千年
miliar,粟粒性
milici,民兵隊
milton,ミルトン
mindor,ミンドロ島
minera,鉱物
minerv,ミネルバ
minork,メノルカ島
miocen,中新世
miozin,ミオシン
miring,鼓膜
mirjam,ミリアム
mistif,煙にまく
misuri,ミズーリ州
miting,大衆集会
mitral,機関銃
mjanma,ミャンマー
mjelin,ミエリン
moabid,モアブ人
modjul,モジュール
modlur,モールディング
mohajr,モヘア
moldav,モルドバ
molest,いじめ
molier,モリエール
molini,モリニア属
momant,モーメント
monard,モナルダ属
mongol,モンゴル
monili,モニリア属
monoik,雌雄同株
monokl,片眼鏡
morbid,柔美
mordvi,モルドヴィア
morfem,形態素
morgan,モーガン
morkel,アミガサタケ
mormon,モルモン
moroni,モロニ
mortal,死すべき者
mortez,ほぞ穴
morĥel,アミガサタケ
mozart,モーツァルト
muestr,標本
muezin,ムアッジン
muflon,ムフロン
muleta,ムレータ
mumbaj,ムンバイ
mungot,マングース
munken,ミュンヘン
munĥen,ミュンヘン
mureks,ホネガイ属
musend,コンロンカ属
musked,マスケット
musket,マスケット銃
mutaci,突然変異
mutual,共済
naften,ナフテン
naftil,ナフチル
naftol,ナフトール
nagari,ナーガリー文字
nandin,ナンテン
nankin,南京
napalm,ナパーム
naplus,ナブルス
narbad,ナルバダ川
narkoz,麻酔
narmad,ナルマダ川
narval,イッカク
natrik,ナトリクス属
nazore,ナザレ人
naĥodk,ナホトカ
naŭpli,ノープリウス
naŭtik,航海術
naŭtil,オウムガイ
neapol,ナポリ
nefron,ネフロン
negaci,否定
negund,トネリコバノカエデ
nekton,遊泳生物
nelumb,ハス属
nemert,紐形動物
neodim,ネオジム
neofit,新改宗者
neogen,新第三紀
neoten,幼形成熟
nepent,ウツボカズラ属
neptun,ネプチューン
nereid,ゴカイ属
neroli,ネロリ
nervur,脈
nestor,ネストル
neĥemj,ネヘミヤ
neŭrom,神経腫
neŭron,ニューロン
neŭrul,神経胚
neŭton,ニュートン
niagar,ナイアガラ
niamej,ニアメ
nikosi,ニコシア
nikozi,ニコシア
nikrom,ニクロム
niktag,オシロイバナ属
niktit,瞬膜
nimbus,乱雲
nimrod,ニムロド
nirvan,涅槃
nitren,ナイトレン
nitril,ニトリル
nitriz,ニトロ化
niĝeri,ナイジェリア
njemen,ネマン川
nobeli,ノーベリウム
noetik,認識論
nokaŭt,ノックアウト
nomark,ノモス長
nomial,項式
norman,ノルマン人
norveg,ノルウェー
nostok,ネンジュモ属
notaci,表記法
noumen,物自体
nuklid,核種
numeni,ダイシャクシギ属
nutaci,章動
nĝamen,ンジャメナ
oarist,恋愛対話詩
obelus,オベロス
oberon,オベロン
oblong,横長
obscen,わいせつ
obskur,暗い
oceani,オセアニア
ocelot,オセロット
odonat,トンボ目
oficin,薬用
ofsajd,オフサイド
oftalm,眼
ojdemi,クロガモ属
okarin,オカリナ
okinav,沖縄
okluzi,閉塞
oksiur,蟯虫
oksoni,オキソニウム
oktant,八分儀
oktavi,オクタウィウス
olefin,オレフィン
olfakt,嗅覚
oliban,乳香
olimpi,オリンピア
oliver,オリバー
olivin,カンラン石
omajad,ウマイヤ朝
oncidi,オンシジウム属
ondatr,マスクラット
onezim,オネシモ
onglet,貼付け紙片
ononid,オノニス属
ontari,オンタリオ
oosfer,卵球
oospor,卵胞子
operac,手術
operon,オペロン
opidum,オッピドゥム
oposum,オポッサム
opresi,胸苦しさ
opunti,ウチワサボテン属
oranĝi,オレンジ州
oregon,オレゴン
organi,組織
orgasm,オーガズム
orgojl,傲慢
orific,開口部
origan,オレガノ
origen,オリゲネス
orinok,オリノコ川
orlean,オルレアン
ormazd,オルマズド
oronti,オロンティウム属
orsted,エルステッド
osmant,モクセイ
osmund,ゼンマイ
ostein,オセイン
ostiol,小孔
ostomi,造口術
ostrac,陶片
ostrak,陶片
osvald,オズワルド
otoman,オスマン
ovoneĝ,メレンゲ
ovotid,卵娘細胞
ozazon,オサゾン
oziris,オシリス
oĥotsk,オホーツク
paksil,ヒダハタケ属
paladi,パラジウム
palavr,長談義
palerm,パレルモ
palium,パリウム
palmat,掌状
palmit,パルミトイル
palumb,モリバト
pampar,パンパ
pampas,パンパ
panace,万能薬
pandal,タラバエビ属
pandan,タコノキ属
pandor,パンドラ
panhas,パンハス
panikl,皮下脂肪
panoni,パンノニア
panope,ナミガイ属
pantun,パントゥン
panurg,パニュルジュ
panĝab,パンジャブ
paprik,パプリカ
parazo,側生動物
parcel,区画
pariet,壁
parizi,パリ地方
parnas,パルナッソス
paroks,発作
parsek,パーセク
parten,単為
paruzi,再臨
pasion,受難
paskal,パスカル
pastis,パスティス
pastiĉ,模作
pastor,牧師
patric,極印を打つ
patrik,パトリック
pazifa,パシパエ
paĉini,パチーニ
paŭper,貧困
pedali,ペダリウム属
pedikl,茎
pejotl,ペヨーテ
pejpus,ペイプシ湖
pekari,ペッカリー
pekten,イタヤガイ
pektin,ペクチン
pelagi,ペラギウス
pelagr,ペラグラ
pelasg,ペラスゴイ人
peleid,ペーレウス子
pelion,ピリオン山
pelmel,無秩序
pelops,ペロプス
pemfig,天疱瘡
pentan,ペンタン
pentod,五極管
peplom,羽根掛布団
peptid,ペプチド
pepton,ペプトン
perfor,穿孔
perfuz,灌流
pergam,ペルガモン
pergol,パーゴラ
peridi,包被
perige,近地点
perikl,ペリクレス
perilj,シソ属
perine,会陰
peripl,周航記
perkal,パーケール
perkol,浸出
perkut,打診
perleĉ,口角炎
perlit,パーライト
perlon,ペルロン
permut,置換
pernis,ハチクマ
perone,腓骨
pesari,ペッサリー
petici,請願
petiol,葉柄
petrel,ウミツバメ類
petuni,ペチュニア属
pianol,自動ピアノ
pierid,モンシロチョウ属
pieris,モンシロチョウ属
pierot,ピエロ
pietat,敬愛
pikard,ピカルディ人
piknik,野外での食事
pikpik,ついばむ
pikril,ピクリル
piktur,絵画
pilier,橋脚
pilori,さらし台
piment,オールスパイス
pinakl,小尖塔
pindar,ピンダロス
pineal,松果体
pinjin,ピンイン
pinjon,小歯車
pinokj,ピノキオ
pioore,排膿
piranj,ピラニア
pireks,耐熱ガラス
pirene,ピレネー
piretr,除虫菊
pirito,ペイリトオス
piruet,ピルエット
pitang,ピタンガ
piteci,サキ属
pitiat,説得治療
pituit,粘液
pizang,バナナ類
piŝtol,ピストール
placeb,プラセボ
placid,プラシド
plagal,変格終止
planum,眼窩板
plasti,形成
plates,プレイス
platin,圧盤
platon,プラトン
plejad,プレアデス
plektr,ピック
pletor,多血症
plimut,プリマス
plosiv,破裂音
ploton,小隊
ploziv,破裂音
plumon,羽毛布団
pluril,分位数
pluton,深成岩体
podzol,ポドゾル
poefag,ヤク
poetik,詩学
poezin,造血因子
pogrom,ポグロム
polajr,極線
polder,干拓地
poleks,親指
polent,ポレンタ
polibi,ポリュビオス
polien,ポリエン
poloni,ポロニウム
poltav,ポルタバ
poluci,遺精
poluks,ポルックス
pompej,ポンペイ
pontin,ポンティノ
popart,ポップアート
poplin,ポプリン
poplit,膝窩
porfur,アマノリ属
postiĉ,模造品
potern,小門
pralin,プラリネ
pravaz,プラヴァズ
predel,プレデッラ
prefac,序文
pretor,法務官
primar,一次
primas,首座司教
primat,霊長類
primic,初物
primul,サクラソウ
primus,携帯こんろ
prizon,刑務所
procez,過程
prodig,気前よい
produt,積
prohib,禁止
prokur,代理権
prolan,プロラン
prolin,プロリン
promil,千分率
prompt,迅速
pronel,イワヒバリ属
propag,伝搬
propan,プロパン
propen,プロペン
propil,プロピル
propol,プロパノール
protal,前葉体
protaz,序幕部
protez,義装具
protid,タンパク質類
provos,看守
prunus,サクラ属
prurig,痒疹
prurit,掻痒
psamit,砂質岩
pseŭdo,偽;擬似
psilot,マツバラン属
psitak,オウム
pterid,イノモトソウ
pterig,翼
pterop,オオコウモリ属
public,時評
pudend,陰部
pulard,肥育雌鶏
pulman,プルマン車
pumili,ハイマツ
punkci,穿刺
putrin,プトレシン
puŝkin,プーシキン
radial,動径
radian,ラジアン
radikl,神経根
radium,ラジウム
radius,半径
rafael,ラファエロ
raglan,ラグラン
ragtim,ラグタイム
rakled,ラクレット
ramonĉ,インドスモモ
ramses,ラムセス
rangun,ラングーン
rankor,怨恨
rapsod,吟遊詩人
ratafi,ラタフィア
raviol,ラビオリ
recesi,不況
redoks,酸化還元
redund,冗長
refren,リフレイン
regatt,レガッタ
regres,後退
rektif,整流
rektum,直腸
relajs,リレー
relikv,遺物
remont,軍馬補充
remork,トレーラー
remter,食堂
renard,ルナール
renonc,辞退
reobaz,基電流
replik,反論
repudi,離縁
resurs,資源
retabl,祭壇背板
retrat,引き出し
retret,退却
revanĉ,再試合
revers,裏返し
rezidu,残留物
reŭmat,リウマチ
rigved,リグベーダ
rikard,リチャード
rikeci,リケッチア
rikord,レコード
rilaks,緩和
rimors,悔恨
rinald,リナルド
rinant,リナントゥス属
ringit,リンギット
riolit,流紋岩
riport,報道
ripost,応酬
rivalt,舞台前部
rivier,リビエラ
rizobi,根粒菌属
rizori,笑筋
robert,ロベルト
robini,ハリエンジュ属
rodezi,ローデシア
rodrig,ロドリゴ
rogaci,祈願祭
rohinj,ロヒンギャ
rokcel,ロッセラ属
roland,ローラン
romand,仏語スイス
romanĉ,ロマンシュ
rondaŭ,ロンドー
rondel,ロンデル
ronron,喉ゴロ
rotaci,回転
rotang,トウ
rotari,ロータリー
rovers,折返し
rozeol,ばら疹
rubeol,風疹
rubetr,マミジロノビタキ
rubidi,ルビジウム
rudolf,ルドルフ
rumeks,ギシギシ属
rustik,粗朴
ruteni,ルテニウム
saduke,サドカイ
sajgon,サイゴン
sajpan,サイパン
sakral,神聖
sallag,大塩湖
salmis,サルミ
salmon,サケ
salome,サロメ
salsol,オカヒジキ属
salubr,健康的
saluen,サルウィン川
salven,サルウィン川
salvin,サルウィン川
samari,サマリア
sampan,サンパン
samson,サムソン
samuel,サムエル
sandov,ゴム索
sangri,サングリア
sanikl,ウマノミツバ属
sapind,ムクロジ属
sarcin,八連球菌属
sardan,サルダーナ
sardes,サルディス
sardin,サーディン
sardon,痙笑
sargas,ホンダワラ
sarkom,肉腫
sarmat,サルマート
sature,キダチハッカ属
saturn,サトゥルヌス
savart,サバール
sazank,サザンカ
saŭdad,サウダージ
sebast,メバル属
secesi,分離
sefard,セファルディム
sejĉel,セーシェル
sejŝel,セーシェル
sekant,セカント
sekvan,セーヌ川
sekvoj,セコイア
selekt,選択
seneci,キオン属
senjor,封建領主
senrju,川柳
sensac,感覚
sensam,快楽好き
sensor,感覚性
separe,個室席
septim,七度
sepult,埋葬
seriol,ブリ
serpil,イブキジャコウソウ
serpul,セルプラ属
serval,サーバル
servil,卑屈
servir,サーブ
sestet,六重奏
sestin,六行六連詩
setari,アワ
sfacel,湿性壊疽
siberi,シベリア
sicili,シチリア
sidnej,シドニー
sidoni,シドニウス
sienit,閃長岩
sikari,刺客
sileps,兼用法
silezi,シレジア
silici,ケイ素
silikv,角果
siluri,シルル紀
silvin,シルビン
simens,ジーメンス
simeon,シメオン
simfit,ヒレハリソウ属
simfiz,結合
simoni,聖職売買
simpat,共感
simuli,ブユ属
sinaps,シナプス
sindik,管理人
sineti,語法
sinhal,シンハラ語
sinopl,緑色
sinost,骨癒合
sinovi,滑液
sirapt,サケイ属
sirfed,ハナアブ科
sirius,シリウス
sistol,心収縮
sivert,シーベルト
sizigi,朔望
siĉuan,四川
siĉŭan,四川
skabel,足台
skaben,助役
skalar,スカラー
skalen,斜角
skandi,スカンジウム
skarif,乱切
skarol,エスカロール
sklare,クラリセージ
skolim,スコリムス属
skombr,サバ
skoter,スクーター
skovel,筒ブラシ
skrabl,スクラブル
skutil,スクーター
slalom,スラローム
slavon,教会スラブ
slogan,スローガン
slovak,スロバキア
sloven,スロベニア
smilak,サルトリイバラ属
sodoku,鼠咬症
sodomi,肛門性交
sofokl,ソフォクレス
sokotr,ソコトラ
sokrat,ソクラテス
solfeĝ,ソルフェージュ
solvat,溶媒和
somier,マットレス台
somnol,眠気
sorabi,ソルブ地方
sorbon,ソルボンヌ
sorbus,ナナカマド属
sordid,汚れた
sordin,弱音器
sovĥoz,ソフホーズ
spadik,肉穂花序
spagat,開脚
spaget,スパゲッティ
sparti,レダマ属
spatel,へら
spatul,ハシビロガモ
spavin,飛節腫
specif,特定の
spekul,投機
spinak,スピンネーカー
spinel,スピネル
spinet,スピネット
spinor,スピノル
spinoz,スピノザ
spiril,らせん菌
splend,華麗
spleni,板状筋
splint,副木
sporad,散発
sprint,スプリント
stabil,安定した
stafet,リレー
stakat,スタッカート
stakis,スタキス
stalin,スターリン
stalon,種牡馬
stamin,エタミン
stampf,地団駄
staped,鐙骨
statik,静力
statin,スタチン
stativ,脚
stator,固定子
status,身分
statut,規約
stekio,化学量論
stenoz,狭窄
stereo,立体
sterid,ステリド
steril,無菌
sterol,ステロール
steven,船首材
stilet,短剣
stilit,柱上修行者
stilus,花柱
stipit,柄
stipul,托葉
stirak,エゴノキ
stiren,スチレン
stolon,匍匐茎
stomat,口
storak,蘇合香
strand,浜辺
striat,線条体
strikn,マチン属
strikt,厳格
string,締付け
strobo,ストロボ
strudl,シュトゥルーデル
stuart,ステュアート家
stukaĉ,密告者
stumbl,つまずき
stupor,昏迷
sublim,昇華
subret,侍女
subute,チゴハヤブサ
sugest,示唆する
suicid,自殺
sukced,継承
sukroz,スクロース
sulfam,スルファム
sulfin,スルフィニル
sulfon,スルホン
sumatr,スマトラ
superb,荘麗
suprem,上限
suspir,嘆息
svahil,スワヒリ
sveter,セーター
tabule,タブレ
tadorn,ツクシガモ属
tahiti,タヒチ
tajfun,台風
tajmir,タイミル
tajvan,台湾
taksis,徒手整復
takson,分類群
talant,タラント
talfit,葉状植物
talitr,ハマトビムシ属
talium,タリウム
talveg,谷線
tampon,タンポン
tamuli,タミルナードゥ
tanagr,タナグラ
tangar,フウキンチョウ属
tantal,タンタル
tanĝer,タンジール
tarent,ターラント
tarpej,タルペイア
tartan,タルタン船
tartar,タルタロス
tartuf,偽善者
tarŝiŝ,タルシシュ
tasman,タスマン
tatari,タタール
tavern,居酒屋
taŭrid,タウリス
taŭrus,トロス山脈
tbilis,トビリシ
tebaid,テーバイス地方
tebain,テバイン
tedeum,テ・デウム
teflon,テフロン
tehran,テヘラン
teksas,テキサス
tekton,チーク
teleks,テレックス
telfer,ロープウェー
telkel,現状渡し
telope,テロペア属
telugu,テルグ人
temper,テンペラ画
tempur,天ぷら
tenajl,ペンチ
tenebr,暗闇
tenesi,テネシー
tenesm,テネスムス
tensor,テンソル
teofil,テオフィル
teozof,神智学者
terari,テラリウム
tercin,三行韻
tergal,テルガル
teriak,万能解毒薬
termos,魔法びん
ternar,三成分
terpen,テルペン
terpin,テルピン
tesali,テッサリア
tespis,テスピス
tetani,テタニー
tetril,テトリル
teŭkri,ニガクサ属
teŭton,チュートン
tiamin,チアミン
tiazol,チアゾール
tiberi,ティベリウス
tibisk,ティビスカス川
tician,ティツィアーノ
tiflis,トビリシ
tigris,チグリス川
tiktak,チクタク
tilbur,ティルベリー
timbal,ティンパニ
timele,タイムレア属
timote,テモテ
timpan,鼓
tiofen,チオフェン
tionat,チオン酸塩
tionil,チオニル
tipuan,ティプアナ属
tirani,暴政
tirezi,テイレシアス
tiroid,甲状腺
titani,ティターニア
toksin,毒素
toluen,トルエン
toluil,トリル基
toluol,トルエン
tombol,福引
tomist,トマス派
tonkin,トンキン
tonsil,扁桃
toront,トロント
torpor,無気力
tortur,拷問
toskan,トスカナ
tragol,マメジカ属
trajan,トラヤヌス
trakci,牽引方式
trakin,トラキヌス属
trakit,粗面岩
trakom,トラコーマ
tramel,三枚網
tranĉe,塹壕
traĥin,トラキヌス属
traĥit,粗面岩
tremel,シロキクラゲ属
trenti,トレンティーノ
trepan,穿頭
trepid,細震する
trevir,トリーア
triest,トリエステ
trigon,三角
trikin,センモウチュウ
trinom,三項式
tripol,トリポリ
trirem,三段櫂船
trisom,トリソミー
tritet,三重奏
triton,トリトン
tritur,イモリ
triĥin,センモウチュウ
trocki,トロツキー
trogon,キヌバネドリ
trokar,トロカール
trokle,滑車
tromel,回転ふるい
tsetse,ツェツェバエ
tuareg,トゥアレグ
tujops,アスナロ属
tunguz,ツングース
turbid,タービダイト
turbot,ターボット
turbul,乱流
turing,チューリング
ubliet,地下牢
udmurt,ウドムルト
uesant,ウェサン
ukrain,ウクライナ
ukrajn,ウクライナ
ukulel,ウクレレ
ulmari,メドウスイート
umlaŭt,ウムラウト
uncial,アンシャル
undari,ワカメ属
ungost,涙骨
unikod,ユニコード
uracil,ウラシル
uranil,ウラニル
uranus,ウラノス
uredal,サビキン目
uretan,ウレタン
ureter,尿管
urinat,尿酸塩
urodel,有尾目
urumĉi,ウルムチ
utamar,歌麿
utrikl,小嚢
uzukap,時効取得
vagner,ワーグナー
vajmar,ワイマール
vakame,ワカメ
vakari,ドウカンソウ属
vakuol,液胞
valabi,ワラビー
valenc,バランス
valent,原子価
valeri,ヴァレリウス
valezi,バロア
valhal,ヴァルハラ
valter,ヴァルター
vandal,破壊
varang,肋板
vareng,ワリャーギ
varlet,小姓
vasabi,ワサビ
vaskul,脈管
vedant,ヴェーダーンタ
vehikl,媒介物
veksil,旗
vektor,ベクトル
velter,ウェルター級
vendet,血の復讐
veneci,ベネチア
venere,性病
venial,許され得る
ventoz,ヴァントーズ
veratr,シュロソウ
verben,クマツヅラ
verdun,ベルダン
verlen,ヴェルレーヌ
vermis,小脳虫部
vernis,ニス
versal,大文字
vertag,ダックスフント
vertig,昏睡病
vertiĝ,めまい
veruga,ペルー疣
vestal,ウェスタ巫女
vestiĝ,痕跡
vezani,精神病
vezuvi,ベスビオス山
viatik,臨終聖体
vibris,感覚毛
vigvam,ウィグワム
viking,バイキング
viktor,ビクトリア
vindas,ウインドラス
vindoz,ウィンドウズ
vinkul,括線
virgil,バージル
virial,ビリアル
virjon,ビリオン
viscer,内臓
viskoz,粘性
vistul,ビスワ川
vitral,ステンドグラス
vitrin,陳列ケース
vivari,飼育槽
vokoid,母音状音
volter,ボルテール
volvok,ボルボックス
volvul,腸捻転
vombat,ウォンバット
vonsan,ウォンサン
vortic,渦
vuajer,窃視
vukeri,ウケレリア属
vulgat,ウルガタ聖書
zagreb,ザグレブ
zagruz,ザグロス山脈
zakari,ザカリア
zakint,ザキントス島
zakusk,ザクースカ
zambez,ザンベジ川
zeland,ゼーラント
zelkov,ケヤキ属
zemstv,ゼムストヴォ
zeolit,ゼオライト
zeĥarj,ゼカリヤ
zirkon,ジルコン
zoofit,植虫
zoster,アマモ
ĉabrak,鞍敷
ĉalazi,霰粒腫
ĉangdu,チャムド
ĉantaĝ,恐喝
ĉardaŝ,チャルダーシュ
ĉarlot,シャーロット
ĉement,セメント質
ĉengdu,成都
ĉenton,寄せ集め詩
ĉerkes,チェルケス
ĉetnik,チェトニク
ĉeviot,チェビオット
ĉielen,天へ
ĉifĉaf,チフチャフ
ĉinĉil,チンチラ
ĉister,捕球籠
ĉurask,シュラスコ
ĝakart,ジャカルタ
ĝangal,ジャングル
ĝarter,ガーター
ĝenĝis,チンギス
ĝerald,ジェラルド
ĝerbos,トビネズミ類
ĝerman,ゲルマン
ĝermen,生殖細胞群
ĝeĝang,浙江
ĝibuti,ジブチ
ĝimkan,ジムカーナ
ĝinfiz,ジンフィズ
ĝirond,ジロンド
ĝjilin,吉林
ĝjinan,済南
ĝofred,ジョフレ
ĥajbar,カイバル
ĥalazi,霰粒腫
ĥamsin,ハムシン
ĥarbin,ハルビン
ĥaribd,カリュブディス
ĥarkiv,ハルキウ
ĥarkov,ハリコフ
ĥartum,ハルツーム
ĥeloni,カメ類
ĥizkij,ヒゼキヤ
ĵakard,ジャカード
ĵaluzi,ブラインド
ĵartel,ガーター
ĵerzej,ジャージー
ĵurasi,ジュラ紀
ĵuĵicu,柔術
ŝaanŝi,陝西
ŝablon,ひな型
ŝagrin,粒起革
ŝakŝuk,シャクシュカ
ŝanhaj,上海
ŝanŝji,山西
ŝaptal,補糖
ŝaŝlik,シャシリク
ŝefild,シェフィールド
ŝenŝji,陝西
ŝeviot,チェビオット
ŝikoku,四国
ŝiloaĥ,シロアム
ŝimŝon,サムソン
ŝiokar,塩辛
ŝlemil,不運者
ŝorbet,シャーベット
ŝpruc!,噴き出る!
ŝpruc',噴き出る'
ŝraman,沙門
ŝunjat,空性
ŝvanom,神経鞘腫
aaron,アロン
abazi,歩行不能
abner,アブネル
abrog,廃止
abruz,アブルッツィ
absid,後陣
abuli,意志欠如
abĥaz,アブハジア
abĵur,誓って捨てる
acerb,酸渋
adher,付着
adolf,アドルフ
adolt,成人
afazi,失語
afeli,遠日点
afgan,アフガン
agami,ラッパチョウ
aglaj,アグライア
agnat,父系親族
agreg,集める
agres,攻撃
agrip,アグリッピナ
aguti,アグーチ
ahims,非暴力
aides,エイズ
aidos,エイズ
ajaks,アイアス
akant,棘
akaĵu,カシュー
akebi,アケビ
akile,ノコギリソウ
akoli,無胆汁症
akori,白癬菌
akril,アクリル
aksis,軸椎
akson,軸索
aktin,放射
akvin,アクイーノ
aland,ウグイ
alask,アラスカ
alban,アルバニア
albed,アルベド
albit,曹長石
albug,角膜白斑
alced,カワセミ
aldol,アルドール
alegr,アレグロ
aleut,アリューシャン
aleĉj,アレチョ
aleŭt,アリューシャン
algid,低体温
algin,アルギン
algol,アルゴル
aliel,別様
alien,疎外
alies,他人の
alism,サジオモダカ
alium,ネギ属
alize,貿易風
alkad,アルカルデ
alkaj,アルカイオス
alkal,アルカリ
alkan,アルカン
alken,アルケン
alkil,アルキル
alkin,アルキン
allah,アッラー
alonĝ,補箋
alpak,アルパカ
alpar,平価
alsin,ハコベ
altaj,アルタイ
altan,展望台
altin,アルティン
altru,利他
aluat,ホエザル
aluvi,沖積
alvus,稚魚
alzac,アルザス
alzan,栗毛
alĝer,アルジェリア
amade,アマデウス
amali,アメリア
amand,種仁
ambon,説教台
amend,修正する
ament,尾状花序
amhar,アムハラ語
amikt,アミクト
amoni,アンモニウム
amper,アンペア
anark,無政府
andon,行灯
andor,アンドラ
andre,アンドレ
anduj,内臓ソーセージ
anemi,貧血
angel,アンヘル
angol,アンゴラ
angur,アンゴラ
anhej,安徽
anhel,あえぎ
anhuj,安徽
anjon,陰イオン
ankar,アンカラ
anksi,不安
ankuz,ウシノシタクサ
anobi,シバンムシ
antem,カミツレモドキ
anter,葯
antil,アンティル
antus,タヒバリ
anuri,無尿
anĥiz,アンキセス
anŝan,鞍山
apeks,頂点
apert,開く
apiol,アピオール
apios,ホドイモ
aplit,アプライト
aprec,評価
apret,仕上げ
aprez,評価
apsid,軌道極点
apuli,プーリア
apunt,つり銭
arali,タラノキ属
arame,アラム
arbed,低木
arbut,アルブツス
arden,アルデンヌ
areol,小区画
argan,油井やぐら
argon,アルゴン
argus,アルゴス
arier,後衛
aries,おひつじ座
arion,アリオン
arist,のぎ
arkan,秘儀
arkeo,古代
arkoz,アルコーズ
arkte,ゴボウ属
arkti,ヒトリガ属
arkus,弧
arlez,アルル
armen,アルメニア
arpeĝ,アルペジオ
arsen,ヒ素
arsin,アルシン
artez,掘抜き
artur,アーサー
arund,ダンチク属
arunk,ヤマブキショウマ
arĥaj,古風
arŝin,アルシン
asami,アッサム
ascit,腹水
asdik,ソナー
asidu,皆勤
asiri,アッシリア
asket,禁欲
asmer,アスマラ
aspik,アスピック
astak,ザリガニ
astan,アスタナ
astat,無定位
asten,軟流
aster,シオン
astre,ツチグリ属
asvan,アスワン
atalj,アタリヤ
ataŝe,アタッシェ
atene,アテナイオン
atenu,減衰
atero,粥状
atman,アートマン
atrop,アトロパ
avanc,前進
averi,海損
avern,アウェルヌス
avero,ゴレンシ属
avers,表面
avest,アベスタ
avinj,おばあちゃん
azale,アザレア
azoik,無生代
aztek,アステカ
azuki,アズキ
aĝiot,投機売買
aŝtar,アシュタル
aŭbad,朝歌
aŭgit,普通輝石
aŭkub,アオキ
aŭlid,アウリス
aŭrik,縦帆
aŭror,曙
aŭstr,オーストリア
babel,バベル
babuŝ,バブーシュ
baden,バーデン
bafin,バフィン
bagaĝ,手荷物
baham,バハマ
baktr,バクトラ
balan,フジツボ属
balat,バラタ
baled,バレエ
balte,肩帯
bamak,バマコ
banaĥ,バナッハ
bangi,バンギア属
bangl,ベンガル語
bantu,バントゥー
banus,総督
barat,インド
barbi,バーベル魚
barem,一覧表
bareĝ,バレージュ
barit,重晶石
barok,バロック
baruĥ,バルク
batat,サツマイモ
batav,バタウィ
batik,バティック
bavar,バイエルン
bavur,ばり
bazel,バーゼル
bazik,ベーシック
bazil,バシレイオス
bazoĉ,バゾッシュ
bazuk,バズーカ
bearn,ベアルヌ
begam,ベーガム
begin,ベギン会
bekdu,白頭山
bekeŝ,ベケシュ
belaŭ,ベラウ
belis,ヒナギク属
beliz,ベリーズ
belon,サヨリ属
belot,ベロット
bemol,フラット
benin,ベナン
benzo,ベンゾ
beret,ベレー帽
besti,野獣
betel,ベテル
beton,コンクリ
bevel,面取り
bifac,両面石器
bifid,二裂
bihar,ビハール
bikin,ビキニ島
bikŝu,比丘
bilba,ビルバオ
binar,二進
binom,二項式
bisak,二つ袋
bisaŭ,ビサウ
bisin,古代布
bistr,ビスタ色
biter,ビター酒
bizar,奇妙な
bizon,バイソン
blapt,ブラプス属
blast,芽
blazi,ブレーズ
blend,閃亜鉛鉱
bleni,ギンポ属
bleti,ブレティア属
blezi,ブロワ地方
blink,点滅
board,間切り
bobel,泡
bogot,ボゴタ
bohem,ボヘミア
bojar,ボヤール
bokal,広口瓶
bokaĉ,艶笑
boler,ボレロ
bolet,イグチ
bolid,火球
bolus,ボーラス
boned,補助帆
bonit,カツオ類
borag,ルリジサ
boran,ボラン
borne,ボルネオ
bosni,ボスニア
boson,ボソン
botni,ボスニア
botul,ボツリヌス菌
brahm,ブラフマン
brajl,点字
brajt,ブライト
braki,腕
bregm,ブレグマ
breĉi,角礫岩
brioĉ,ブリオッシュ
brosm,カスク
brusk,粗暴
brutt,総量
bubon,横痃
bucer,サイチョウ属
buden,血ソーセージ
budle,フジウツギ属
bufag,ウシツツキ属
bufon,道化
bukan,燻製
bulen,バウライン
bunkr,掩体壕
buret,ビュレット
busan,釜山
butan,ブタン
buten,ブテン
butin,ブチン
butom,ハナイ属
cedil,セディーユ
cefal,頭
cefiz,ケフィソス
cekum,盲腸
celom,体腔
celsi,摂氏
celul,セルロース
cembr,欧州ハイマツ
centi,センチ
cepol,リュウグウノヒメ属
ceres,ケレス
certi,キバシリ属
ceruz,鉛白
cestr,ケストルム属
cetac,鯨類
cetil,セチル
ceven,セベンヌ
cezar,カエサル
cezur,句切り
ciane,キアネア属
cibel,キュベレー
cibet,麝香
cicer,シセロ
cidar,キダリス
cidon,マルメロ
cifoz,後弯症
cikas,ソテツ属
cimbr,キンブリ
cinar,チョウセンアザミ
cinip,タマバチ属
cinkl,カワガラス属
cintr,支保工
ciper,カヤツリグサ
cipre,タカラガイ
circe,ミズタマソウ属
ciren,キレーネ
ciril,キリル
cirku,チュウヒ属
ciroz,硬変
cirsi,アザミ属
cirus,巻雲
citer,キティラ
citin,キティヌス属
citiz,エニシダ
civet,ジャコウネコ
cizel,打出し
cunam,津波
dafni,ミジンコ
daimi,大名
dakar,ダカール
dakot,ダコタ
dalas,ダラス
damar,ダマール樹
damaĝ,損害を与える
dank',感謝する'
danub,ドナウ
dartr,皮膚病
daten,データ
datum,データ
david,ダビデ
davit,ダビット
dazip,アルマジロ
debil,衰弱
debit,小売
debor,デボラ
debut,デビュー
dedal,ダイダロス
defet,敗北主義
defil,行進
deikt,直示語
dekad,旬
dekat,蒸絨
dekil,十分位
dekor,装飾
dekur,沿下性
delft,デルフト
delhi,デリー
delic,快楽
delil,デリラ
delos,デロス
deneb,デネブ
deniz,ドニ
deont,義務
depot,留守部隊
deven,起源
devon,デボン紀
devot,信心
deĵon,大田
diare,下痢
didim,ジジム
didon,ディド
difuz,拡散
digam,ディガンマ
dikro,二色性
dilat,拡張
dinam,力動
dinar,ディナール
dioik,雌雄異株
dione,ハエトリグサ属
diplo,双
dipol,双極子
dipso,飲酒衝動
dirak,ディラック
disel,ディーゼル
disip,浪費
disom,二体性
diurn,一昼夜
dizel,ディーゼル
diĝit,デジタル
diĵon,ディジョン
dnepr,ドニエプル
doger,中ジュラ紀
dojen,長老
dolin,ドリーネ
domin,支配
donak,ダンチク
donec,ドネツ
dorid,裸鰓類
dorik,ドリス式
doris,ドーリー船
dover,ドーバー
drajv,ドライブ
drast,激烈
draĝe,糖衣菓子
draĥm,ドラクマ
driad,ドリュアス
dribl,ドリブル
drimi,ドリミア属
dromi,カイカムリ属
drops,ドロップ
droŝk,ドロシキ
druid,ドルイド
dubaj,ドバイ
dubel,壁プラグ
duble,金張り品
duenj,付き添い女
dutet,二重奏
ebuli,沸騰
ecidi,銹子器
edgar,エドガー
efedr,マオウ属
efluv,放電
efrat,エフラタ
efrit,イフリート
egeri,エゲリア
egipt,エジプト
egist,アイギストス
egret,コサギ
ejfel,アイフェル
ejgen,固有値
ejger,アイガー
ekart,誤差
ekidn,ハリモグラ
eksud,滲出
ekvil,イカナゴ
ekzon,エキソン
ekzot,異国風
elafr,エラフルス属
elani,カタグロトビ属
elatr,コメツキムシ
elitr,翅鞘
elize,エリュシオン
elode,オオカナダモ属
eluvi,溶脱
elvir,エルビラ
elzac,アルザス
emaus,エマオ
embol,塞栓
emerĝ,出現
emigr,亡命
eminj,エミーニョ
emisi,発行
empen,尾翼
empir,アンピール
enant,セリ属
endos,裏書する
enead,アエネイス
enfil,縦射
engaĝ,雇う
enorm,巨大
entel,ハヌマンラングール
enter,腸
entom,昆虫
entre,前菜
enzim,酵素
eocen,始新世
eozin,エオシン
epakt,元日月齢
epeir,大陸
erasm,エラスムス
erbin,酸化エルビウム
erekt,勃起
ereti,エーレティア属
ergot,麦角
erini,エリニュス
erinj,解剖鉤
erodi,オランダフウロ属
eroto,性愛
erozi,浸食
erupt,噴火
escet,エスツェット
eskal,はしご
eskar,壊死痂皮
eskat,終末
eskim,エスキモー
eskud,エスクード
eskul,トチノキ属
espoz,展示
ester,エステル
estez,感覚
eston,エストニア
esĥil,アイスキュロス
etiol,白化
etiop,エチオピア
evaku,避難
eĥidn,ハリモグラ
eŭfem,婉曲
eŭgen,エウゲン
eŭpne,正常呼吸
eŭrot,エウロタス
falar,クサヨシ
falen,シャクガ
falun,貝殻砂
falus,男根
faner,表皮付属物
fanon,脚毛房
farad,ファラド
faros,ファロス
fasci,筋膜
fatsi,ヤツデ
faŭci,咽峡
faŭlt,断層
faŭst,ファウスト
felah,フェッラーハ
felis,ネコ属
feluk,フェラッカ
femal,雌
femin,女性
fendr,炉格子
fenic,フェニキア
fenik,ナツメヤシ属
fenil,フェニル
fenol,フェノール
ferar,フェラーラ
ferik,第二鉄
fermi,閉める
feroc,獰猛
feroi,フェロー諸島
ferol,オオウイキョウ
feroz,第一鉄
ferut,鉄道併送
fetor,悪臭
fiber,マスクラット
fibol,フィブラ
fibul,腓骨
figar,フィガロ
fikus,イチジク属
filip,フィリップ
filit,千枚岩
filon,フィロン
filum,門
fimoz,包茎
fines,滑空比
finiŝ,ラストスパート
firma,堅い
first,棟
fitin,フィチン
fitis,キタヤナギムシクイ
fitol,フィトール
flanĝ,フランジ
flask,フラスコ
flavi,フラウィウス
flaŭn,カスタードプリン
flaŭr,植物相
flint,フリントガラス
floem,師部
floks,フロックス属
fluks,束
fluor,フッ素
focen,ネズミイルカ属
focid,フォキス
fojer,ホワイエ
folad,ニオガイ
fondu,フォンデュ
fonem,音素
fonet,音声
formi,マオラン属
forst,育成林
fosfo,リン酸基
frajt,運賃
frakt,フラクタル
frame,フラメア
franj,姉妹呼称
franĉ,外陰舐め
fraĉj,兄弟
fraŭd,詐取
freon,フレオン
frezi,フリージア属
freŝe,フレシェ
freŭd,フロイト
frigi,フリギア
frisk,涼しい
friul,フリウリ
frond,葉状体
fuegi,ティエラデルフエゴ
fuksi,フクシア
fulik,オオバン
fumar,フマル酸
fuort,砦
fural,フルフラール
furan,フラン
fusil,小銃
futur,未来
fuzel,フーゼル油
fuĝen,福建
fuĝoŭ,福州
fuŝun,撫順
gabar,はしけ
gabon,ガボン
gagat,黒玉炭
gajak,ユソウボク
galag,ガラゴ
galat,ガラテヤ
galeg,ガリシア
galen,方鉛鉱
galic,仏語
galin,ニワトリ属
galoj,ガロア
galus,チューブラー
gamar,ヨコエビ属
gamel,飯盒
gamet,配偶子
ganeŝ,ガネーシャ
gansu,甘粛
gantr,ガントリー
garen,ウサギ穴場
garig,ガリッグ
garon,ガロンヌ
gastr,胃
gavot,ガボット
gazal,ガザル
gazon,芝生
gaŭlt,ゴールト階
gehen,地獄
gejin,レズビアン
gelat,ゼリー
geloz,ゲロース
gemut,居心地よい
genea,系譜
gener,生成
genez,発生
genom,ゲノム
geoid,ジオイド
geril,ゲリラ
geris,アメンボ属
ghett,ゲットー
gibon,テナガザル
giges,ギュゲス
giloŝ,ギローシュ
ginek,婦人科
gipur,ギピュール
giĉet,窓口
glace,光沢
glaŭk,青緑
glugl,ごぼごぼ
gluon,グルーオン
glute,臀部
gnejs,片麻岩
gnidi,グニディウム
gofer,ゴフェル材
gogol,ゴーゴリ
gomor,ゴモラ
gonad,生殖腺
gordi,ハリガネムシ
gorgi,ゴルギアス
gotam,ゴータマ
grafi,記述
grajl,あられ
grajp,湾曲材
grakk,グラックス兄弟
grapl,四爪錨
graŭl,唸る
greft,移植
grejs,砂岩
griot,サワーチェリー
grizu,坑内ガス
grond,座礁
grozn,グロズヌイ
grunt,ブーブー
gujan,ガイアナ
gujav,グアバ
gujen,ギュイエンヌ
gulag,強制収容所
gulaŝ,グヤーシュ
gvebr,ゲベル
gvine,ギニア
habel,アベル
hades,ハデス
hafiz,ハーフィズ
hafni,ハフニウム
hagad,ハガダー
hagar,ハガル
hagis,ハギス
haiti,ハイチ
hakam,袴
halej,ハレー
halep,アレッポ
halit,岩塩
halo!,ホール!
halt!,止まる!
halva,ハルヴァ
haman,ハマン
hanap,蓋付き杯
hanoj,ハノイ
hapal,マーモセット
haris,ハリッサ
havaj,ハワイ
havan,ハバナ
haĉek,ハーチェク
haŝiŝ,ハシシ
hebej,河北
hebet,鈍麻
hedon,快楽
hefej,合肥
hegel,ヘーゲル
hekat,ヘカテ
heksa,六
hekto,百
hekub,ヘカベ
helas,ヘラス
helen,ギリシア
heler,ヘラー
helio,太陽
helot,ヘロット
hemat,血
henan,河南
herod,ヘロデ
heter,異
heĝaz,ヘジャズ
heĝir,ヒジュラ
hibaĉ,火鉢
higie,ヒュギエイア
hilel,ヒレル
hilum,へそ
himen,処女膜
hindu,ヒンドゥー
hioid,舌骨
hiper,過度
hipon,ヒッポ
hipur,馬尿酸
hirak,ハイラックス
hitit,ヒッタイト
hiĝab,ヒジャブ
hoanh,黄河
hobal,没薬
hobit,ホビット
hola!,おい!
holmi,ホルミウム
homen,ヒト亜科
homeo,同質
homer,ホメロス
honŝu,本州
horor,恐怖
horst,地塁
horus,ホルス
hoto!,はいしっ!
hubej,湖北
huili,ウイラ
humin,フミン
humul,カラハナソウ属
humur,ユーモア
hunan,湖南
hungr,空腹
hura!,万歳!
huron,ヒューロン
husum,ふすま
ibeks,アイベックス
iblis,イブリース
ibsen,イプセン
idume,イドメア
ifrit,イフリート
ignac,イグナチオ
ignam,ヤムイモ
igvan,イグアナ
ikari,イカリア
ikosa,二十
iksod,マダニ
iksor,サンタンカ属
ikter,黄疸
iktio,魚
iliad,イリアス
iliak,腸骨
ilici,シキミ
ilion,大数
iliri,イリュリア
ilium,腸骨
impoz,組付け
imput,計上
incid,入射
inciz,切開
inden,インデン
indic,手がかり
indig,インジゴ
indol,インドール
indri,インドリ属
induk,誘導
indus,インダス
infim,下限
infra,下位
ingot,鋳塊
inhal,吸入
inhib,抑制
inkl.,含む.
inkub,夢魔
inkud,砧骨
insil,青貯
intra,内
inuit,イヌイット
invar,インバー
invok,援用
inĉon,仁川
ionik,イオニア式
ipome,サツマイモ属
irene,イレナエウス
irian,イリアン
iridi,イリジウム
isaak,イサク
islam,イスラム教
istri,イストラ
itrup,択捉
izmir,イズミール
izold,イゾルデ
iĥtio,魚
iŝtar,イシュタル
jafet,ヤペテ
jakob,ヤコブ
jakut,ヤクート
jamal,ヤマル
jance,揚子江
janki,ヤンキー
japan,日本
jaren,ヤレン
jaund,ヤウンデ
javan,ヤワン
jazon,イアソン
jaŝir,神社
jehov,エホバ
jehud,ユダ
jejun,空腸
jekci,写像
jemen,イエメン
jener,ジェンナー
jerik,エリコ
jeriĥ,エリコ
jesaj,イザヤ
jiŝaj,エッサイ
jodit,ヨウ素
jokan,羊羹
jorub,ヨルバ
joŝij,ヨシヤ
jubil,歓呼
judas,ユダ
judit,ユディト
jujub,ナツメ
jukon,ユーコン
julep,ジュレップ
junan,雲南
junkr,ユンカー
junon,ユノ
kabil,カビール
kabuk,歌舞伎
kabul,カブール
kacik,首長
kacur,カツラ
kadis,カディス布
kadiz,カディス
kadmi,カドミウム
kafri,カフラリア
kairn,ケルン
kajak,カヤック
kajen,カイエン
kalam,籐
kalaz,カラザ
kalci,カルシウム
kalde,カルデア
kalez,カレー
kalot,球冠
kalun,ギョリュウモドキ
kalus,仮骨
kamaj,単彩画
kamil,カミーユ
kanad,カナダ
kanak,カナカ人
kandi,カンディア
kanel,シナモン
kanin,犬歯
kanis,イヌ属
kanop,カノポス壺
kanos,カノッサ
kanot,ボート
kanti,歌う
kanul,カニューレ
kaper,私掠
kapok,カポック
kapol,カボション
kapre,カプリ
kapus,船首方位
kaput,壊れた
karab,オサムシ属
karak,キャラック
karar,カッラーラ
karbo,炭
kardi,心臓
kardj,噴門
kardu,ヒレアザミ属
karel,カレリア
karen,竜骨
karet,カレッタ
karib,カリブ
karik,パパイヤ
karin,竜骨
karis,カリッサ
karit,愛徳
karol,キャロル
karon,カロン
karpe,手根骨
karst,カルスト
karum,キャラウェイ属
karvi,キャラウェー
kasav,キャッサバ粉
kased,カセット
kasis,カシス酒
kason,ケーソン
kaspi,カスピ
kastr,去勢
katet,垂線
kateĥ,教理問答
katiz,つや出し
katod,陰極
katon,カトー
katul,カトゥルス
kavir,カビール砂漠
kazak,カザック服
kazan,カザン
kazaĥ,カザフ
kaĵol,おもねり
kaŝub,カシューブ
kaŭri,うずくまっている
kebab,ケバブ
kebek,ケベック
kecal,ケツァール
kediv,副王
kefir,ケフィア
kejns,ケインズ
kelat,キレート
kelti,ケルト
keops,クフ
keral,ケララ
kerat,角質
keten,ケテン
keton,ケトン
keĉup,ケチャップ
kiang,チベットノロバ
kiant,キアンティ
kiasm,交差
kibic,口出し客
kibuc,キブツ
kijiv,キーウ
kikar,タラント
kiker,ヒヨコマメ
kimon,着物
kimĉi,キムチ
kinaz,キナーゼ
kinet,運動
kinez,運動
kinon,キノン
kiosk,キオスク
kiral,キラル
kiril,キリル
kirlo,かき混ぜ
kiron,ケイロン
kitid,キティム
kitin,キチン
kiton,キトン
kiuŝu,九州
klak',カチ音'
klanj,クラーニャ
klark,クラーク数
klast,砕片
klatr,カゴタケ属
klaŭd,クロード
klaŭn,道化師
klaŭz,条項
kleom,フウチョウソウ属
kleon,クレオン
klink,掛金
klupe,ニシン
kluzi,クルシア属
kobol,COBOL
kocit,コキュトス
kodak,コダック
koder,符号語
kodon,コドン
kofer,ヘンナ
kohen,コーヘン
koher,凝集
kohob,再蒸留
kojon,睾丸
kojot,コヨーテ
kokle,蝸牛
kolin,コリン
kolit,大腸炎
kolob,コロブス属
koltr,鋤刃
kolur,分至経線
komat,昏睡
kombe,背斜谷
kombu,昆布
komor,コモロ
komut,切替
kondr,軟骨
kongr,アナゴ属
konik,円錐曲線
koniz,イズハハコ属
konur,インコ
koopt,補充選任
kopal,コーパル
kopul,交尾
korak,ワタリガラス
koraĥ,コラ
korfu,ケルキラ
koril,ハシバミ
koriz,鼻炎
korod,腐食
koron,コロナ
koror,コロール
koroz,植物象牙
kosov,コソボ
koĉer,御者
koŝer,コーシャ
koŝiĉ,コシツェ
krabl,這う
krajt,アマガサヘビ
kraks,ホウカンチョウ
krakt,ペリソレウス属
kramb,ハマナ
kramf,けいれん
krank,クランク
krass,クラッスス
krati,支配
kraŭl,クロール
kraŭn,クラウンガラス
krebs,クレブス
kreks,ウズラクイナ
kreml,クレムリン
kreon,クレオン
kresp,クレープ
kreuz,クレウサ
krime,クリミア
krism,聖香油
kritm,クリトムム属
kriŝn,クリシュナ
kroat,クロアチア
kromi,クロム
kruor,凝血塊
ksant,クサントス
ksifi,メカジキ
kubeb,クベバ
kulak,富農
kulan,クーラン
kulas,砲尾
kulot,キュロット
kumar,トンカマメ属
kumen,クメン
kumis,クミス
kumul,兼任
kupel,灰吹き
kupid,キューピッド
kupul,殻斗
kurar,クラーレ
kuret,キュレット
kuril,千島
kurti,クルティウス
kuruk,コノドジロムシクイ
kutin,クチン
kvadr,直方体
kvark,クォーク
kvasi,クアッシア属
kvest,募金
kvino,キヌア
labar,ラバルム
label,唇弁
labil,不安定
ladan,ラブダナム
ladin,ラディン語
ladog,ラドガ
laert,ラエルテス
lagop,ライチョウ属
lagos,ラゴス
lagri,ハムシダマシ
lahor,ラホール
lakon,簡潔
lakun,空隙
lala!,ララ!
lambd,ラムダ
lamel,ひだ
laoci,老子
lapar,腹
lapil,火山礫
lapit,ラピタイ
lapon,ラップランド
laser,レーザー
latin,ラテン語
latir,レンリソウ
latis,格子
laton,ラトナ
latre,ラトレア属
lavab,洗面台
lazar,ラザロ
laŭzi,老子
legac,遺贈
legum,莢
lejte,レイテ
leman,レマン湖
lemur,レムール
lenin,レーニン
leont,獅子
lepad,エボシガイ属
lepid,レピドゥス
lesot,レソト
lestr,トウゾクカモメ
letal,致死
leton,ラトビア
levid,レビ人
leĝer,軽い
leŭko,ロイコ
liban,レバノン
libid,リビドー
libra,てんびん座
licen,シジミチョウ属
lidar,ライダー
ligaz,リガーゼ
ligul,葉舌
ligur,リグリア人
lilak,ライラック
limed,スイートライム
limes,極限値
limet,スイートライム
limin,閾
limit,指値
limne,モノアラガイ属
limon,レモン
limoz,オグロシギ属
limoĝ,リモージュ
limul,カブトガニ
lipar,リパリ
lipaz,リパーゼ
lipid,脂質
lipom,脂肪腫
litin,水酸化リチウム
litot,緩叙法
litov,リトアニア
lived,青紫斑
livid,青紫
livon,リボニア
lizin,リシン
lizip,リュシッポス
liĥen,苔癬
logan,ローガン
lokal,施設
loksi,イスカ
lokus,軌跡
lolig,イカ
loren,ロレーヌ
loris,ロリス属
lotos,ロートス
loven,ルーベン
luand,ルアンダ
lubek,リューベック
lucid,明晰
lucin,ルキナ
lukan,クワガタ
lukul,ルクルス
lukum,ロクム
lumen,ルーメン
lumpi,春巻き
lunat,月状骨
lupen,ルピナス
lupin,ルピナス
lupus,狼瘡
lusak,ルサカ
luzid,ルシタニア人
luzon,ルソン
luzul,スズメノヤリ属
macer,浸漬
macis,メース
madan,マダナ
maduk,マドゥーカ属
magot,バーバリーマカク
mahut,象使い
majot,マヨット
majur,マジュロ
makak,マカク
maket,模型
makis,マキ
makro,巨大
malab,マラボ
malag,マラガ
malaj,マレー
malak,マラッカ
malaĥ,マラキ
malmi,マルム
malon,マロン酸
malus,リンゴ属
mamon,マンモン
manam,マナーマ
manas,マナセ
manat,マナティー
manes,マネス
maneĝ,調馬場
mangl,マングローブ
manil,マニラ
manis,センザンコウ
manks,マン島
mansi,メーヌ
mantr,マントラ
mantu,マントバ
manĝu,まんじゅう
manĵu,まんじゅう
maori,マオリ
maput,マプート
marel,石けり
marki,辺境領
marks,マルクス
marod,盗み
marok,モロッコ
maron,栗
marot,こだわり
marsk,海岸低地
marŝ!,行進する!
maser,メーザー
maskl,雄
masor,マソラ
masoĥ,マゾヒズム
mazam,マザマ属
mazda,マズダ
mazep,マゼーパ
mazut,重油
maĉet,マチェーテ
maĝor,過剰申込
maĵor,長調
maĵur,マジュロ
medin,メディナ
mediĉ,メディチ
mefit,スカンク
megal,肥大
meger,性悪女
megom,メガオーム
mehar,駿ラクダ
mejoz,減数分裂
mekan,機械
melan,メラニン
meldu,白カビ
melen,黒色便
melos,ミロス
menad,マイナス
menam,メナム川
menur,コトドリ
menzi,孟子
merin,メリノ
merop,ハチクイ
merov,メロヴィウス
mesaĝ,伝言
mesin,メッシーナ
metan,メタン
meten,メチレン
meteo,気象
metil,メチル
metop,メトープ
metri,測定
metro,メートル
meĥan,機械
micel,ミセル
micen,クヌギタケ
micet,菌
midas,ミダス
migal,オオツチグモ
mijoz,ハエ幼虫症
mikad,帝
miken,ミケーネ
mikot,菌門
mikoz,真菌症
mikro,微小
mikst,混合
milan,ミラノ
milic,民兵
mimik,身振り
mimul,ミムラス属
minor,短調
minos,ミノス
minsk,ミンスク
miraĝ,蜃気楼
miria,万
mirid,ミルリス
mirik,ヤマモモ属
misal,ミサ典書
misil,ミサイル
misur,ミズーリ川
mitoz,有糸分裂
mitra,ミトラ
miĉel,ミセル
mobil,移動
modal,様相
modem,モデム
mogol,ムガル
molar,臼歯
molas,モラッセ
moleĥ,モレク
molis,モリーゼ
molok,モロクトカゲ
moloĥ,モロク
moluk,マルク諸島
monad,モナド
monel,モネル合金
monem,形態素
moner,硬貨
monik,モニカ
monom,単項式
moped,モペッド
morav,モラヴィア
mordv,モルドヴィン人
morel,薪支え
moren,氷堆石
morfe,モルペウス
morfi,形態
moroz,不機嫌な
morul,桑実胚
moskv,モスクワ
mosul,モスル
motel,モーテル
motet,モテット
mozel,モーゼル川
mucid,かび臭い
mufti,ムフティー
muget,鵞口瘡
mugil,ボラ
mukor,ケカビ属
mulat,ムラート
mumps,おたふく風邪
muraj,マレー
muren,ウツボ
musak,ムサカ
musli,ミューズリー
muson,モンスーン
mutil,切断
nabab,ナワーブ
nabot,ナボト
nacel,ゴンドラ
nadir,天底
nagoj,名古屋
najad,ナーイアス
namib,ナミブ
namur,ナミュール
nandu,レア
napel,トリカブト
napol,ナポリ
narak,地獄
nasaŭ,ナッソー
naser,ナセル
natal,ナタール
natan,ナタン
navar,ナバラ
naved,シャトル
navet,杼
nazal,鼻音
naĥum,ナホム
nefud,ネフド砂漠
negeb,ネゲブ砂漠
negus,ネグス
neman,ネマン川
nemez,ネメシス
neoti,サカネラン
nepal,ネパール
neper,ネイピア
nepet,イヌハッカ属
nepot,縁故
nerol,ネロール
neron,ネロ
nevad,ネバダ
nevaj,万年雪
nevis,ネイビス
nevus,母斑
niame,ニアメ
nigel,クロタネソウ
nihil,虚無
nikab,ニカブ
nikol,ニコル
nikte,シロフクロウ
nimeg,ネイメーヘン
nimes,ニーム
ninev,ニネベ
ninŝa,寧夏
nipon,日本
nitel,フラスコモ属
niton,ニトン
nivoz,ニヴォーズ
niĝer,ニジェール
nomes,ノモス
nonan,ノナン
nopal,ノパル
nordi,北欧
noren,古ノルド
norit,祝詞
notic,短評
notos,ノトス
noval,休閑地
nudel,ヌードル
nufar,コウホネ
nugat,ヌガー
nukle,原子核
nukul,小堅果
numen,ヌーメン
numid,ヌミディア
nuton,ニュートン
obadj,オバデヤ
obsed,妄執
obten,獲得
obtur,ふさぐ
obĵet,異議
odens,オーデンセ
odise,オデュッセイア
oestr,発情
ofeli,オフェリア
ofiuk,へびつかい座
ofiur,クモヒトデ
ofset,オフセット印刷
ojstr,ヒツジバエ
okapi,オカピ
okrom,バルサ属
oksim,オキシム
oktan,オクタン
oktet,八重奏
olein,オレイン
oleum,発煙硫酸
oligo,少数
olimp,オリンポス
ologi,学
omega,オメガ
oment,大網
omfal,オンパレ
omikr,オミクロン
omlet,オムレツ
onagr,オナガー
onisk,ワラジムシ
oolit,魚卵石
oomot,大本
opres,抑圧
optim,楽観
oraci,弔辞
orcin,シャチ属
ordam,秩序愛
ordin,叙階
oread,山精
orest,オレステス
orhav,含金
oriel,出窓
orion,オリオン
orisi,オリッサ
orkad,オークニー
orkid,精巣
orlon,オーロン
orlop,最下甲板
ornat,祭服
ornit,鳥
oseti,オセチア
osian,オシアン
oskar,オスカー
oskul,接触
osmer,キュウリウオ属
osmoz,浸透
ostaĝ,人質
ostin,オセイン
ostom,骨腫
otari,オタリア
otomi,切開
ovari,卵巣
ovidi,オウィディウス
oĥock,オホーツク
pacif,平和
padel,歩く
padov,パドバ
padus,ウワミズザクラ
paelj,パエリア
pafos,パフォス
pagaj,パドル
pagan,異教
pagel,パゲルス属
pagur,ヤドカリ
pajac,道化師
pajen,パイエナ属
pajnt,パイント
palas,パラス
palaŭ,パラオ
paled,パレット
paleo,旧
pamir,パミール
panak,トチバニンジン属
panam,パナマ
pandu,パーンドゥ
pange,パンゲア
panic,キビ
panus,角膜パンヌス
papaj,パパイア
papaŭ,ポーポー
papil,チョウ
papir,パピルス
papul,丘疹
paran,パラナ川
parez,不全麻痺
parfe,パフェ
paris,ツクバネソウ属
paros,パロス島
parsi,パールシー
pasat,貿易風
patan,パタン人
patat,サツマイモ
patel,膝蓋骨
paten,聖皿
patin,さび
patri,祖国
pavan,パヴァーヌ
pavez,舷墻
pecaj,白菜
pegaz,ペガソス
pekan,ペカン
pekin,北京
pelag,遠洋
pelot,ペロタ
penal,罰則
penat,ペナテス
penis,陰茎
pense,パンジー
penta,五
pepon,ペポカボチャ
permi,二畳紀
perni,凍傷
perse,アボカド属
peruĝ,ペルージア
perĉe,ペルシュ
pesim,悲観
petal,花弁
petaz,ペタソス
petit,プチ活字
petri,ペトリ
peziz,チャワンタケ属
pikas,ピカソ
pikup,ピックアップ
pilad,ピュラデス
pilaf,ピラフ
pilat,ピラト
pilon,塔門
pilor,幽門
pinan,ピナン
pinas,ピンネース
pinat,羽状
pinen,ピネン
piore,膿漏
piper,コショウ属
pipet,ピペット
pipin,ピピン
piral,メイガ
piram,ピュラモス
piran,ピラン
pirid,ピリジン
pirik,短短格
pirog,丸木舟
piron,ピュロン
pirul,ウソ属
pirus,ナシ属
pitek,ラングール属
piton,ニシキヘビ
pizon,ピソ
piĝin,ピジン
piĵam,パジャマ
plane,翼板
plasm,原形質
plate,プラタイア
plazi,形成
plaŭt,プラウトゥス
plegi,麻痺
plejd,プレード
pleks,神経叢
pleŭr,胸膜
plini,プリニウス
plint,台座
ploce,ハタオリドリ属
ploid,倍数性
plomb,充填
plump,ぶざま
plute,ウラベニガサ属
pluvi,チドリ
plzen,プルゼニ
poker,ポーカー
polar,極性
polem,戦争
polen,花粉
polit,政治
pomel,柄頭
pomer,ポメラニア
pompe,ポンペイウス
ponci,ポンティウス
ponĝe,絹紬
poriĝ,ポリッジ
potaĝ,ポタージュ
prajm,雷管
pranc,跳ね回る
preri,プレーリー
prest,プレスト
prez.,価格.
priam,プリアモス
priap,プリアポス
prikl,移植
print,プリント
prion,プリオン
prist,ノコギリエイ属
prof.,教授.
prokn,プロクネ
prote,プロテア
proto,原
psidi,グアバ属
psikr,乾湿
psoas,腰筋
puatu,ポワトゥー
puber,思春期
pudor,慎み
pufin,ミズナギドリ属
pulkv,プルケ
pulul,大繁殖
punik,ザクロ属
puran,プラーナ
purim,プリム祭
purin,プリン
pusan,プサン
putin,売春婦
puŝtu,パシュトー
pŝent,プシェント
rabet,欠き溝
racem,ラセミ
racin,ラシーヌ
radar,歯車装置
radio,光線
radon,ラドン
rajon,レーヨン
raked,ラケット
rakit,くる病
ralik,帆縁索
rampl,傾斜路
ramur,枝角
rastr,ラスター
ratif,批准
ravin,峡谷
razen,芝生
raĥel,ラケル
raŭnd,ラウンド
rebek,リベカ
recep,萌芽伐採
reces,陥凹
recif,レシフェ
redut,角面堡
refer,研究報告
relaj,継電器
reliŝ,レリッシュ
remit,寛解
remiz,車庫
remiĝ,レミジオ
remor,コバンザメ属
renat,レナート
rened,レネットリンゴ
renga,連歌
renin,レニン
renit,抵抗性
resus,アカゲザル
retro,後方
reuni,レユニオン
reviz,監査
rezid,常駐
ribek,レベック
ricel,故買
rijet,リエット
rikiŝ,人力車
rikur,再帰
rileg,流刑
riman,リーマン
rimes,送金
risol,リソール
rival,競争
rizom,根茎
rizot,リゾット
riĝel,リゲル
robai,ルバイヤート
robaj,ルバイヤート
robot,ロボット
robur,ヨーロッパナラ
rocel,ロッセラ属
rodan,ローヌ川
rodis,ロードス島
rodop,ロドピ山脈
rodos,ロドス
rojal,王党
romul,ロムルス
rosin,レーズン
rotor,回転子
rover,ローバースカウト
rozet,ロゼット
roĉel,ラロシェル
roĝer,ロジェ
ruand,ルワンダ
rugbe,ラグビー
rugin,骨膜剥離子
rukul,クウ鳴く
rulet,ルーレット
ruman,ルーマニア
rumen,第一胃
rumor,ざわめき
rusul,ベニタケ属
rutel,ローチ属
ruten,ルテニア
rutil,ルチル
sabek,三角琴
saben,サビニ
sabin,サビナ
sabot,妨害
sabur,舌苔
sadhu,サドゥー
safen,伏在
sahar,サハラ
sahib,サーヒブ
sakar,糖
saksi,ザクセン
sakur,サクラ
salam,サラミ
samar,翼果
samol,サモルス属
samos,サモス島
sampl,標本
samum,シムーン
sandr,ホソスズキ
sapek,サペク
saper,工兵
sapor,味
sapot,サポテ
sarak,サラカ属
sardi,サルデーニャ
sartr,サルトル
sasan,ササン
saseb,佐世保
savan,サバンナ
savoj,サヴォア
saŝim,刺身
scink,スキンク属
scirp,ホタルイ属
seanc,セッション
seatl,シアトル
sebac,セバシン酸
sedec,十六折
seism,地震
sekoj,セコイア
sekst,六度
selen,セレン
selin,セリヌム属
semel,セメレ
semid,セム
semio,記号
semol,セモリナ
senek,セネカ
senil,老衰
sepal,萼片
separ,分離
sepen,七
serak,セラック
seran,セラヌス属
serap,セラピス
serat,鋸筋
serif,セリフ
serin,カナリア属
serum,血清
sesil,無柄
seter,セター犬
seton,セトン
sevil,セビーリャ
sezam,ゴマ
sezel,セセリ属
sfagn,ミズゴケ属
sfigm,脈拍
sfing,スズメガ
sibil,シビュラ
sider,恒星
sidon,シドン
siest,昼寝
sikim,シッキム
sikst,シクストゥス
silan,シラン
silen,マンテマ
silib,オオアザミ属
silic,シリカ
silog,三段論法
simon,シモン
simul,シミュレーション
simun,シムーン
sinaj,シナイ
sintr,焼結
sinus,洞
sipaj,セポイ
sirok,シロッコ
sisal,サイザル麻
sisop,シスオペ
sistr,シストルム
sizar,スキレット
sizif,シシュフォス
siĥem,シケム
skajp,スカイプ
skald,スカルド
skand,韻律分析
skeld,スケルデ川
skink,スナトカゲ
skirp,ホタルイ属
skist,片岩
skiti,スキタイ
skler,硬化
skold,叱責
skoli,古注
skolt,偵察
skopi,検査法
skopj,スコピエ
skori,鉱滓
skrot,陰嚢
skual,スコール
skunk,スカンク
skval,ツノザメ
skvar,小公園
skvaŝ,スカッシュ
slang,スラング
slojd,工芸教育
slugi,スルーギ
smalt,スマルト
smirg,金剛砂
smirn,スミルナ
snejl,腹足類
sobir,下降
socin,ソッツィーニ
sodom,肛門性交
sofit,軒裏
sofor,エンジュ属
solan,ナス
soliv,根太
solon,ソロン
somal,ソマリ
somat,身体
sombr,陰鬱
sopor,昏迷
sorab,ソルブ人
sorir,上昇
sorit,連鎖論法
sovet,ソビエト
spahi,スパヒ
spajr,尖塔
spark,火花
spart,スパルタ
speci,種
spekt,見物
spele,洞穴
spelt,スペルト小麦
spire,シモツケ属
spit!,にもかかわらず!
splis,スプライス
spont,自発
spraj,スプレー
spros,新芽
sprot,スプラット
spurt,スパート
stagn,停滞
staki,スタキス
stakt,シェヘレテ香
stamf,地団駄
stanc,スタンザ
stand,展示台
stapl,集積
staŭd,多年草
staŭl,失速
stear,獣脂
steat,脂肪
stele,石碑
stere,立体
steto,胸
stift,ピン
stigm,柱頭
stiks,ステュクス
stilb,スチルブ
stilz,竹馬
stink,悪臭
stiri,シュタイアーマルク
stomi,瘻孔
stomp,ぼかし
stop!,停止!
stras,人造宝石
stres,ストレス
stret,狭い
strid,きしみ音
strob,ストローブマツ
strom,間質
strum,甲状腺腫
studi,研究する
stupa,ストゥーパ
stupr,強姦
sturm,突撃
suber,コルク組織
sudan,スーダン
sufle,スフレ
sufuz,溢血
sukub,サキュバス
sukur,救急
sulki,サルキー
sumak,ウルシ属
sumer,シュメール
sunzi,孫子
supin,回外
susan,スーザン
sutur,縫合
suĝoŭ,蘇州
svazi,スワジ
svelt,すらり
tabet,脊髄癆
tabor,タボル山
tacit,タキトゥス
taget,マリーゴールド属
tajpe,台北
takel,滑車装置
taksi,評価する
talam,視床
talar,法服
tales,タレス
talib,タリバン
talin,タリン
talon,控え片
talus,盛土
tamil,タミル
tamiz,テムズ川
tamul,タミル
tanka,短歌
tantr,タントラ
tapir,バク
tapsi,タプシア属
tarav,タラワ
tarim,タリム
tarsi,メガネザル属
tartr,酒石
tatam,畳
tatar,タタール
tazet,フサザキスイセン
taĝet,マリーゴールド属
taĝik,タジク
taŭon,タウ粒子
tekil,テキーラ
teleo,目的
telur,テルル
tembr,音色
temis,テミス
tenac,粘り強い
tenar,指球
tendr,炭水車
tened,テネドス
tenis,テニス
tenno,天皇
tenon,ほぞ
tensi,張力
tenur,封建保有地
teorb,テオルボ
tepal,花被片
tepid,ぬるい
terat,奇形
terbi,テルビウム
terci,三度
tered,フナクイムシ属
terez,テレサ
termi,体温
tetis,テティス
tiber,テベレ
tibet,チベット
tibul,ティブルス
tiest,テュエステス
tifon,台風
tikso,チキソ
tilit,氷礫岩
timal,カワヒメマス属
timbu,ティンプー
timid,内気
timin,チミン
timol,チモール
timor,チモール
timur,ティムール
timus,胸腺
tinam,ティナムー
tinus,マグロ
tipul,ガガンボ
tiren,ティレニア
tirol,チロル
tirte,テュルタイオス
titan,チタン
tizan,煎じ薬
tiĉin,ティチーノ
tjurk,チュルク
tlasp,グンバイナズナ属
toast,トースト
tobag,トバゴ
togol,トーゴ
tokaj,トカイ
tokat,トッカータ
tokel,同心性白癬
toled,トレド
toman,トマン
tomas,トーマス
tonem,声調素
tonik,主音
tonus,緊張
topik,トピック
topor,大斧
torak,胸郭
torij,鳥居
torin,トリノ
total,全体の
totem,トーテム
toĥar,トカラ語
toŭfu,豆腐
trace,路線軸
trake,気管
tramp,放浪者
tranc,トランス
traŭb,ブドウ
traŭm,外傷
trema,トレマ
trent,トレント
triad,三和音
trias,三畳紀
tribo,摩擦
trici,トリチウム
trigl,ホウボウ属
trili,エンレイソウ属
tring,クサシギ属
triod,三極管
trips,アザミウマ属
trism,開口障害
trist,悲しい
triti,トリチウム
troad,トロアス
trock,トロツキー
trofi,栄養
trofo,栄養
trogi,チャタテムシ
troil,トロイロス
troji,トロイ
troke,長短格
trole,トロリー
troli,キンバイソウ属
trump,スキンチ
tudor,チューダー
tujan,ツヤン
tujol,ツヨール
tujon,ツヨン
tukan,オオハシ
tulon,トゥーロン
tuluz,トゥールーズ
tumor,腫瘍
tumul,墳丘
tundr,ツンドラ
tuniz,チュニス
turen,トゥーレーヌ
turne,巡業
tuval,ツバル
ubikv,広適応性
ugand,ウガンダ
ugvis,ウグイス
ujgur,ウイグル
uleks,ハリエニシダ
ultra,超
umbel,散形花序
umbri,ウンブリア
umjak,ウミアック
undin,水の精
unesk,ユネスコ
ungol,爪部
uniks,Unix
unuar,一成分
unuel,民の一人
upsal,ウプサラ
upsil,ウプシロン
urani,ウラン
uremi,尿毒症
uretr,尿道
ureus,ウラエウス
ursul,ウルスラ
uruŝi,漆
ustaŝ,ウスタシャ
usuri,ウスリー川
uzanc,慣行
uzbek,ウズベク
vaduc,ファドゥーツ
vaduz,ファドゥーツ
vagin,膣
vaiŝj,ヴァイシャ
vaker,カウボーイ
valaĥ,ワラキア
valer,バレリル
valez,バレー州
valin,バリン
valon,ワロン
valut,通貨
vanad,バナジウム
vanda,バンダ属
vanes,タテハチョウ属
varan,オオトカゲ
varap,岩登り
varik,静脈瘤
varmo,熱
varun,ヴァルナ
veber,ウェーバー
vedel,ウェッデル
vegan,完全菜食
velar,軟口蓋音
venad,パンパスジカ
vende,バンデー
vener,性病
venus,金星
veron,ヴェロナ
versi,見解
vesel,軍艦
vespr,晩課
vezer,ヴェーザー川
vibri,ビブリオ属
vicer,数列項
vidam,見物好き
vigil,徹夜する
vikar,代替種
vikun,ビクーニャ
vimen,柳枝
vimpl,小旗
vinil,ビニール
vipak,異熟
viroz,ウイルス病
virus,ウイルス
vital,生命
vitel,卵黄
vitre,硝子体
viver,ジャコウネコ属
vizon,ミンク
viŝnu,ヴィシュヌ
vogez,ボージュ山脈
volan,羽根
volta,ボルタ
volte,輪乗り
volut,渦巻装飾
vomer,鋤骨
vomit,黄熱病
votan,ヴォータン
vring,絞る
vuhan,ウーハン
vultu,赤ら顔
zadig,ザディグ
zambi,ザンビア
zekin,ゼッキーノ
zelot,熱心党
zemlj,ゼムリャ
zenan,ゼナーナ
zener,ツェナー
zenon,ゼノン
zeŭgm,くびき語法
zibet,ジャコウネコ
zigen,マダラガ属
zigom,頬骨
zigot,接合子
zizif,ナツメ
zoarc,ゲンゲ属
zohar,ゾーハル
zonul,小帯
zurik,チューリッヒ
ĉador,チャドル
ĉajot,ハヤトウリ
ĉaled,山荘
ĉalet,シャレー
ĉanoj,茶の湯
ĉarel,フォークリフト
ĉatni,チャツネ
ĉenaj,チェンナイ
ĉenil,シェニール
ĉestr,チェスター
ĉeĉen,チェチェン
ĉeĝud,済州島
ĉibuk,長管パイプ
ĉikag,シカゴ
ĉilia,チリ
ĉizoj,金切鋏
ĉoper,礫器
ĉopsu,チャプスイ
ĉukot,チュコト
ĉurov,睾丸
ĉuvaŝ,チュバシ
ĝafar,ジャアファル
ĝahan,ジャハーン
ĝansu,江蘇
ĝanŝi,江西
ĝemin,双生
ĝenev,ジュネーブ
ĝenov,ジェノバ
ĝigol,ジゴロ
ĝihad,ジハード
ĝilin,吉林
ĥagaj,ハガイ
ĥalde,カルデア
ĥanoĥ,エノク
ĥanuk,ハヌカ
ĥasid,ハシド
ĥeder,ヘデル
ĥetid,ヒッタイト
ĥimen,ヒメナ
ĥiram,ヒラム
ĥitin,キチン
ĥiton,キトン
ĥomer,ホメル
ĥoral,コラール
ĥoreb,ホレブ
ĥuram,フラム
ĵabot,ジャボ
ĵerom,ジェローム
ĵeton,トークン
ĵeĵud,済州
ĵingl,ジングル
ĵoker,ジョーカー
ĵorur,浄瑠璃
ĵuras,ジュラ
ŝabat,安息日
ŝaduf,シャドゥフ
ŝakdo,赤銅
ŝakti,シャクティ
ŝalot,シャロット
ŝaman,シャーマン
ŝamot,シャモット
ŝampu,シャンプー
ŝanel,水路
ŝanŝi,山西
ŝarif,シャリーフ
ŝaron,シャロン
ŝelak,シェラック
ŝerif,シェリフ
ŝeĥem,シケム
ŝiler,シラー
ŝinto,神道
ŝitak,シイタケ
ŝjian,西安
ŝlagr,流行歌
ŝmac',チュッ音'
ŝmalc,溶脂
ŝmink,化粧
ŝnaps,シュナップス
ŝogun,将軍
ŝopen,ショパン
ŝovin,排外
ŝpros,組子
ŝtanc,打抜き
ŝtern,アジサシ
ŝtorm,暴風
ŝtreb,控え壁
ŝumŝu,シュムシュ
ŝunem,シュネム
ŝuŝan,スサ
ŝvabi,シュヴァーベン
ŝvabr,モップ
ŝvarc,シュワルツ
abak,そろばん
aboc,アルファベット
abol,廃止
abuĝ,アブジャ
acet,アセチル
acin,腺房
acis,アキス
acor,アゾレス
adam,アダム
adaĝ,アダージョ
aden,腺
adip,脂肪
adiĝ,アディジェ
adob,日干し煉瓦
adon,アドナイ
adri,アドリア
afar,アファール
afid,アブラムシ
afin,類縁
afis,アブラムシ
afor,アフォリズム
agam,アガマ
agap,アガペー
agar,寒天
agav,リュウゼツラン
agni,アグニ
agor,アゴラ
aha!,ははあ!
ahur,アフラ
aiks,エクス
aizo,アイゾーン
ajnu,アイヌ
ajug,キランソウ
ajun,アイウン
ajut,ノズル
akab,アカバ
akad,アッカド
aken,痩果
akil,アキレス
akme,極期
akne,にきび
akor,ショウブ
akre,エーカー
akte,ルイヨウショウマ
alah,アッラー
alce,タチアオイ
alel,対立遺伝子
aler,庇
alet,翼片
alez,リーマ加工
alfa,アルファ
algi,痛み
alic,アリス
alil,アリル
alis,アリッサム
alit,サンバガエル
aliz,ナナカマド
alka,ウミスズメ
alme,アルメ
alod,アロジウム
aloj,合金
aloz,アローサ
aman,アンマン
ambl,側対歩
ameb,アメーバ
amen,アーメン
amfi,端脚
amid,アミド
amil,アミル
amin,アミン
amiŝ,アーミッシュ
amni,羊膜
amok,アモク
amom,アモムム
amon,アモン
amos,アモス
amur,アムール
anal,年代記
anam,アンナン
anem,風
anet,ディル
angi,脈管
anil,藍
anod,陽極
anon,バンレイシ属
anti,反
antr,洞
anub,アヌビス
anur,無尾類
anus,肛門
anzu,アンズ
anĵu,アンジュー
aost,アオスタ
apaĉ,アパッチ
apel,訴え
apik,切立つ
apis,アピス
apne,無呼吸
apus,アマツバメ
arab,アラブ
arak,アラック
aral,アラル海
aras,アラース
arek,ビンロウ
ares,アレス
arid,乾燥
aril,仮種皮等
arin,アライン
arka,古風
arke,箱船
arki,大
arkt,北極の
ark…,弓形…
arog,越権
arok,キャスリング
artr,関節
arum,アルム属
arĥa,古風
arĥe,考古
arĥ…,arkへ…
asam,アッサム
asir,アッシリア
asiz,重罪裁判
aski,アスキー
asok,アショーカ
aspr,粗い
atav,先祖返り
atel,クモザル属
aten,アテネ
atik,アッティカ
atil,アッティラ
atm.,アートマン.
atol,環礁
atre,アトレウス
atri,心房
aval,裏書保証
avan,前衛
avis,通報艦
aviĉ,阿鼻地獄
azar,フタバアオイ
azel,アゼライン酸
azid,アジ化物
azol,アカウキクサ属
azor,アゾレス
azov,アゾフ
aĥab,アハブ
aĥaj,アカイア
aĥen,アーヘン
aĥil,アキレス
aĵur,透かし
aŝar,アチャール
aŝok,アショーカ
aŝur,アッシュール
aŭgi,アウゲイアス
baal,バアル
baba,ババ菓子
bac!,ばちっ!
baf!,ふん!
bagn,徒刑場
bagr,浚渫機
baha,バハイ
bahi,バイア
baht,バーツ
bajt,バイト
bakb,トンキン
baku,バクー
bakĥ,バッコス
balg,蛇腹
bali,バリ島
balt,バルト
balz,バルサ
balĥ,バルフ
band,バンド
bang,バンギ
banĝ,バンジョー
bari,バリウム
bart,鯨ひげ
barĝ,はしけ
basi,ホウキギ
bass,バス
batu,勢子猟
baŝo,芭蕉
baŭd,ボー
baŭm,後脚立ち
beat,福者
belg,ベルギー
belt,ベルト海峡
bent,ベントス
beot,ボイオティア
berm,犬走り
bern,ベルン
beta,ベータ
bias,偏り
bide,ビデ
biel,連接棒
bigl,ビーグル
biks,ベニノキ属
bilĝ,ビルジ
biom,バイオーム
birg,ヤシガニ
birm,ビルマ
bis!,アンコール!
blag,ほら話
blaz,紋章
blez,ブロワ
blin,ブリヌイ
blit,アカザ
blog,ブログ
bluf,はったり
blus,ブルース
blut,ふるう
boac,トナカイ
boaz,ボアズ
bodi,菩提
bold,ボルド
bolt,ボルト
bong,ボンゴ
bonn,ボン
bont,インメルマン
bonz,僧侶
bops,ボーグ
bore,ボレアス
born,端子
bosn,ボスニア
boĝi,ボギー
bras,帆桁綱
braz,ろう付け
braĉ,古ズボン
braĝ,熾火
brev,教皇小書簡
brez,蒸し煮
brig,ブリッグ
brit,イギリス
briz,そよ風
briĝ,ブリッジ
brok,錦織
brum,靄
bruĝ,ブルッヘ
buda,仏陀
budd,仏陀
budh,仏陀
bufr,緩衝
bugl,ビューグル
bugr,肛門性交
buks,ツゲ
bule,ブール
bull,水疱等
bum!,ブーム!
bunt,色とりどり
burg,城塞
burk,ブルカ外套
buro,局
burs,小袋
burĥ,ブルカ
bute,ノスリ
buĝi,ブジー
buĥt,ブフテル
cece,ツェツェバエ
cefe,ケフェイド
ceib,セイバ属
celt,ケルト人
cens,国勢調査
ceri,セリウム
cest,古代拳闘手袋
cezi,セシウム
cian,シアン
cili,繊毛
cinn,キンナ
cion,シオン
cipr,キプロス
circ,キルケ
cist,胆嚢
cito,細胞
dada,ダダ
dafn,ジンチョウゲ
daki,ダキア
dama,ダマジカ
damn,呪う
damp,制音
dana,ダナオス
dant,ダンテ
dari,ダレイオス
darm,法
daŭb,樽板
daŭh,ドーハ
daŭk,ニンジン属
deci,デシ
defi,挑戦
degn,お許し下さる
degu,大邱
deka,十
delf,デルフォイ
delt,デルタ
deng,デング熱
derm,皮膚
devi,逸脱
dian,ディアナ
dias,二畳系
dieg,ディエゴ
dien,ジエン
dies,嬰
dilu,希釈
ding,ディンゴ
diod,ダイオード
dion,ディオン
dipn,肺魚類
dirk,解錠鉤
dirt,汚い
dism,十分の一税
dist,遠隔
doha,ドーハ
dojn,ドイナ
dokt,博識
doli,ドリー
dong,ドン
dori,ドーリア
dovr,ドヴレ山地
drab,イヌナズナ属
drag,浚渫する
drav,ドラヴァ
draĵ,根萌芽
dren,排水
dril,ドリル
driv,漂流
drol,滑稽
drom,競走路
dros,舵綱
drum,ドラムセット
drup,石果
druz,晶洞
duar,遊牧宿営
dubl,代役
dufl,ダッフルコート
dukt,管
duma,ドゥーマ
duon,半分
duri,ドリアン属
dvin,北ドビナ
dzet,ゼータ
east,東
ebol,エボラ
ebul,ソクズ
edam,エダム
edem,浮腫
edil,アエディリス
edip,オイディプス
edom,エドム
efeb,エフェボス
efez,エフェソス
efod,エフォド
ehe!,なるほど!
ekin,ウニ
eks!,元の!
ekto,外
ekz.,例.
ekzo,外
elam,エラム
elan,勢い
elap,サンゴヘビ属
elij,エリヤ
elim,エゾムギ
elit,エリート
eliz,母音省略
eliŝ,エリシャ
elna,北米エスペラント連盟
eman,放射
emid,ヌマガメ
emil,エミール
emir,アミール
enad,ヒメモリバト
endo,内
engl,アングル人
eoli,アイオリス
eost,東
epik,叙事詩
epir,エピロス
epod,エポード
epos,叙事詩
erat,エラト
erbi,エルビウム
ereb,エレボス
erin,エリン
erod,侵食
eros,エロス
erot,性欲
erud,博識にする
eruk,ルッコラ
esav,エサウ
esen,エッセン
esp.,エスペラント.
etan,エタン
eten,エテン
etil,エチル
etin,アセチレン
etos,気風
etri,外気放射
etud,練習曲
etuv,恒温器
etuz,ドクゼリモドキ属
ezop,イソップ
eĥin,ウニ
eŭbe,エウボイア
eŭme,エウマイオス
eŭsk,バスク
fabi,ファビウス
faci,顔面
fadu,ファド
fajn,細かい
faks,ファックス
falt,しわ
falv,淡黄
fang,沼泥
fant,ジャック
farĉ,詰め物
fasm,ナナフシ
faŭl,反則
faŭn,動物相
faŭv,野獣派
feak,パイアキア人
febl,弱い
fedr,パイドロス
fein,妖精
fek!,糞!
felp,プラッシュ
ferl,縮帆
fero,鉄
fidi,信頼する
fidr,給電線
fifr,ファイフ
file,ヒレ肉
filo,息子
fini,終える
finn,フィンランド
fint,フェイント
fiol,小瓶
firn,万年雪
fisi,核分裂
fizi,自然
fiĝi,フィジー
flak,水たまり
fleb,静脈
fles,ニシカワガレイ
fliŝ,フリッシュ
flog,フロガ属
flot,艦隊
flus,満潮
fobi,恐怖症
foin,ムナジロテン
fold,溝
foni,無線電話
forc,温
foru,フエロ
fosf,リン
foto,光
fove,小窩
fram,フレーム
frej,フレイヤ
fret,雷文装飾
frez,フライス
frid,冷
frig,フリギア
frin,フリュネ
fris,フリジア
frog,轍叉
frok,修道服
ftal,フタル
ftir,ケジラミ属
fuel,燃料
funk,ファンク
furz,おなら
fust,柱身
fuze,信管
fuzi,核融合
gabi,堡籃
gabl,切妻
gabr,斑れい岩
gael,ゲール
gage,キバナノアマナ属
gain,シース
galb,曲線輪郭
gale,ゲラ
galg,ガレガ属
gali,ガリウム
gall,ガリア
gama,ガンマ
gamb,下肢
gami,婚・配偶
gana,ガーナ
gang,脈石
gari,ガリア属
gatj,ガチャ
gavi,アビ
gaza,ガザ
gaŭl,ガリア
gaŭr,ガウル
gaŭs,ガウス
gaŭĉ,ガウチョ
gaŭĝ,ゲージ
gebr,ゲベル
gejŝ,芸者
gelf,グエルフ党
genr,性
geod,晶洞石
gerd,ゲルダ
geta,下駄
gett,ゲットー
geum,ダイコンソウ
geŭz,ゴイセン
giga,ギガ
gild,ギルド
gine,ギニー
gink,イチョウ
giro,ジャイロ
gist,酵母
glac,氷
gld.,グルデン.
gleb,土塊
glik,糖
glir,ヤマネ
glis,滑空
glos,注釈
glot,声門
gluk,グルコース
glum,包穎
gnet,グネツム
gnoz,グノーシス
goet,ゲーテ
gofr,型押し
golĝ,ゴルジ
gomb,オクラ
gong,どら
goni,角
grac,恩寵
graj,グレイ
grak,カア
gral,聖杯
gran,グレーン
greb,カイツブリ
grek,ギリシャ
gres,牧草
grif,ハゲワシ
griv,ラードかす
groc,グロス
grop,臀部
grum,馬丁
guam,グアム
guan,グアノ
guaŝ,グワッシュ
gugl,グーゴル
gurk,グルカ人
guru,グル
guta,グッタ
guzl,グスラ
gval,ウェールズ人
gvat,監視
hagi,聖人伝
hajk,俳句
half,ハーフ
halo,ホール
hals,帆綱
hans,ハンザ
hant,取り憑く
haom,ハオマ
haor,羽織
hapl,単一
harc,ハルツ
hard,焼入れ
harp,ハープ
hast,急ぎ
havr,ルアーブル
haŝi,箸
haŭl,引綱
haŭs,好況
hein,ハイネ
hej!,えい!
hekl,ヘクラ
heks,六
heli,太陽
helm,兜
hemi,半
hemo,血
hena,ヘナ
henj,ヘーニョ
henr,ヘンリー
herc,ヘルツ
herd,鹿群
herm,ヘルメス
hers,落とし格子
heve,パラゴムノキ属
hiad,ヒアデス
hiat,母音接続
hidn,カノシタ属
higr,湿
hihi,ひひ
hik!,ひっく!
hild,ヒルダ
hind,インド
hipi,ヒッピー
hipn,ハイゴケ属
hipo,低下
hips,高度
hist,組織
hobi,趣味
hoj!,おーい!
hojl,遠吠え
hoke,ホッケー
hola,おい
hold,船倉
holk,シラゲガヤ属
holm,小丘
holo,全体
homo,同
hop!,跳ぶ!
hord,遊牧民の群れ
horn,ホーン岬
hors,ヘロイン
hort,果樹園
hot!,はいしっ!
hoŝe,ホセア
hubl,ハッブル
huj!,痛っ!
hurd,ハードル
huri,フーリー
hurl,ほえる
huĵi,富士
huŝ!,しっしっ!
iber,イベリア
icid,殺し
idah,アイダホ
idus,ウグイ
ifef,国際鉄道員EA
ijob,ヨブ
ikar,イカロス
ikon,アイコン
ikor,膿性漿液
iksi,イキシア属
ilei,国際教師連盟
imam,イマーム
imid,イミド
imin,イミン
inaĥ,イナコス
indi,インディアス
indr,インドラ
inic,伝授
inka,インカ
inst,促す
int.,能動完了.
intu,直観
inul,オグルマ属
ioni,イオニア
iova,アイオワ
ipek,吐根
irak,イラク
iran,イラン
iren,イレーネ
irit,いらだたせる
iriz,虹色
isae,国際E科学会
isat,タイセイ属
iski,坐骨
itak,イタキ
ital,イタリア
itri,イットリウム
ivan,イワン
izer,イゼール
izis,イシス
jagi,八木
jakt,ヨット
jakv,ジャックフルーツ
jalt,ヤルタ
jalu,鴨緑江
jama,閻魔
jamb,短長格
jang,陽
janj,ヤーニャ
jard,帆桁
jasp,碧玉
jave,ヤハウェ
jaĉj,ヤチョ
jaĥt,ヨット
jehu,エヒウ
jelp,キャン鳴き
jeti,イエティ
jezu,イエス
jhvh,四字神名
jing,アリスイ属
joab,ヨアブ
jodl,ヨーデル
joel,ヨエル
joni,ヨーニ
josu,ヨシュア
jota,イオタ
joĉj,ヨーチョ
juan,元
jube,内陣障壁
juda,ユダヤ
jude,ユダヤ国
juft,ユフト革
juka,ユッカ
junt,接合
jurt,ユルト
kaab,カアバ
kabe,カベ化
kadi,カーディー
kadm,カドモス
kafr,カフィル
kaid,カイド
kaik,カイク
kain,カイン
kair,カイロ
kajt,凧
kaki,カーキ
kala,カラ
kalm,静穏
kalt,リュウキンカ属
kana,かな
kann,カンヌ
kanu,カヌー
kaon,K中間子
kape,漂ちゅう
kapu,カプア
kara,親愛な
kare,カレー
karg,貨物
kari,カリエス
karj,ヒッコリー
karl,カール
karm,カルマ
kasi,カッシア
kava,カヴァ
kavi,テンジクネズミ属
kazu,決疑論
kaĉu,カシュ
kaŭs,灼熱
keir,ニオイアラセイトウ
keks,クッキー
kelt,ケルト
kenj,ケニア
kent,小口
kepr,綾織物
keĉu,ケチュア
kibl,キブラ
kiev,キエフ
kijl,キール
kilo,千
kilt,キルト
kimr,ウェールズ
kinu,キヌア
kiot,京都
kipr,キプロス
kirk,教会堂
kist,嚢胞
kiti,ミツユビカモメ
kivi,キウイ
klab,こん棒
klad,分岐群
klam,大声叫ぶ
klan,氏族
klef,音部記号
klem,端子
kleŝ,煩悩
klif,断崖
klik,カチ音
klip,クリップ
kliv,劈開
klon,クローン
klus,錨鎖孔
kluĉ,クラッチ
kmer,クメール
knal,ぱん
knap,小姓
knel,クネル
knid,刺胞
knik,座屈
knos,クノッソス
knot,ノット
knut,革むち
koal,コアラ
koan,後鼻孔
kobe,神戸
kobr,コブラ
kofe,コーヒーノキ属
kogn,認知
koit,性交
kojl,結腸
kojp,ヌートリア
koka,コカ
kokl,アオツヅラフジ属
kokr,寝取る
kola,コーラ
kolb,銃床尾
kole,胆汁
koma,コンマ
komi,コミ人
kong,コンゴ
koni,知っている
kopl,二行連
kopr,コプラ
kops,萌芽林
kopt,コプト
kore,韓国
kori,絨毛膜
korm,植物体
kors,散歩道
koto,泥
kovn,カウナス
koŝi,コーシー
kral,家畜囲い
kras,クラッスス
krat,支配者
kraz,母音融合
kraŝ,墜落
krek,コガモ
krez,クロイソス
krib,飼葉桶
krif,鉤爪
krik,ジャッキ
kril,オキアミ
krin,たてがみ
krio,低温
krip,飼葉桶
kris,クリス短剣
krit,臨界
kriĉ,金切り声
ksen,外国
kser,乾燥
ksil,木
kuku,カッコウ
kuli,クーリー
kulm,茎
kupl,連結
kurd,クルド
kuri,走る
kurl,ダイシャクシギ
kurm,ナナカマド実
kurt,短い
kurv,曲線
kurz,相場
kusp,逆立て
kutr,カッター
kvak,ゲロゲロ
kvas,クワス
kver,横
kveĉ,クェッチ
kvik,カモジグサ
kviz,クイズ
kvot,率
labi,唇形
labr,ベラ属
lagr,軸受
lakn,ラクノウ
lala,ララ
lami,オドリコソウ
lamn,ネズミザメ属
lani,モズ属
lank,ランカ
lant,ゆっくり
lanĉ,放つ
laos,ラオス
larg,ラルゴ
lasa,ラサ
lass,ラサ
lati,ラティウム
latv,ラトビア
laŝt,ラスト単位
laŭs,シラミ
laŭz,老子
lekt,寝椅子
lemn,ウキクサ属
lept,ツツガムシ
lesb,レズビアン
lete,レテ
leŭg,リーグ単位
leŭs,黄土
lhas,ラサ
lias,ライアス統
liaŭ,遼河
libi,リビア
lici,クコ
lidj,リディア
lidz,リーズ
lieĝ,リエージュ
lige,エスパルト草
liki,リュキア
lill,リール
lima,ミノガイ
limb,葉身
lime,ライム
limf,リンパ
lind,かわいい
line,線
linĉ,リンチ
lion,リヨン
lirl,せせらぎ
lisp,舌もつれ
liti,リチウム
litv,リトアニア
livi,カワラバト
liĉi,ライチ
liĝe,ナガカメムシ属
ljam,ラマ
loar,ロアール
lobi,ロビー活動
lodz,ウージ
loes,黄土
lofi,アンコウ
logi,学
loki,悪露
lokr,ロクリア
loli,ドクムギ属
lome,ロメ
lonĝ,調馬索
look,ローク剤
lori,ヒインコ属
loĥi,悪露
luan,ロワン川
luar,ロワール
luci,ルシア
lugr,ラガー船
luis,ルイス
luiz,ルイス
lukr,稼ぐ
lulu,ねんねん
lunĉ,軽食
lupe,ルーペ
lurd,ルルド
lute,黄体
luvr,ルーブル
lviv,リビウ
lvov,リヴィウ
lŭan,ロワン川
maat,下士官
madi,マディア属
madz,職杖
mafi,マフィア
magm,マグマ
magr,痩せた
maja,マヤ
majn,キュウカンチョウ
maka,マカオ
makr,大
maks,マックス
male,木槌
malm,マルメ
mamb,マンボ
mang,マンゴー
manj,マリア愛称
mans,ルマン
mant,カマキリ
manu,マヌ
manĉ,ラ・マンチャ
marn,泥灰土
mars,マルス
mate,マテ茶
matĉ,試合
maŭr,ムーア人
meat,管腔
mede,メデイア
mega,大
mejk,中欧青年会議
mejs,中欧青年週間
mekk,メッカ
melb,メルバ
meli,センダン
melo,ツチハンミョウ属
merd,糞
merg,浸す
merĝ,アイサ属
meso,間膜
mess,メッス
meta,後・超
mete,気象
midz,口交
miko,菌
mile,キビ
mime,謄写版
minc,薄い
mini,鉛丹
mino,鉱山
miog,ミョウガ
miom,筋腫
mion,筋単位
mioz,縮瞳
miso,みそ
miĉj,ミッキー
mjel,脊髄
moab,モアブ
moci,動議
modl,造形
moka,モカ
mokr,濡れた
moks,灸
mola,マンボウ
mole,防波堤
moli,コショウボク
molv,モルヴァ属
mono,単一
mora,モーラ
morb,疾病
morf,形
morn,陰気な
mors,モールス
morv,馬鼻疽
mose,モーセ
mote,ガ
mozi,墨子
moĉi,もち
muar,モアレ
mufl,マッフル
mukr,短尖
mula,ムッラー
muld,型
mulĉ,マルチ
mume,梅
mung,リョクトウ
muon,ミューオン
murb,ショート生地
murz,ムルザ
musl,二枚貝
naks,ナクソス
nano,ナノ
nant,ナント
naos,内陣
nard,ナルド香油
nasa,ナッソー
natr,ナトロン
naur,ナウル
nazi,ナチ
nazu,ハナグマ属
naŭl,ニアウリ
naŭn,九度音程
naŭt,九度
ndlr,編注
nefr,腎
nekr,死
nelg,最近
neme,ネメア
neni,どんな~も~ない
neon,ネオン
nepa,タイコウチ属
nere,ネーレウス
neri,キョウチクトウ
ness,ネス
nett,正味
nezi,ネシア
neŭm,ネウマ
neŭr,神経
nice,ニカイア
niel,ニエロ
nifo,未確認飛行物体
niks,水の精
nimf,ニンフ
niob,ニオブ
nipl,ニップル
nitr,窒素
niĉe,ニーチェ
njas,ニアサ
noci,概念
nomi,命名
nori,揚水水車
norn,ノルン
nova,新しい
noĥĉ,チェチェン人
nume,ヌーメア
nupt,婚礼
oahu,オアフ島
obez,肥満
obus,砲弾
ocel,単眼
ocim,メボウキ属
oder,オーデル川
odes,オデッサ
odin,オーディン
ofri,オフリス属
ojdi,オイディウム属
oksi,酸素
okta,八
okto,八
olat,アルコラート
oman,オマーン
omas,葉胃
omaĝ,敬意
omeg,オメガ
omen,前兆
omer,オメル
onan,自慰
oneg,オネガ
onim,名称
onĉj,おじちゃん
opak,不透明
opci,選択肢
opul,カンボク
oran,オラン
orat,金酸塩
orfe,オルフェウス
oris,オリッサ人
oriz,イネ属
orto,直角
osak,大阪
oset,オセット
osmi,オスミウム
otav,オタワ
otel,オセロ
otid,ノガン
otus,ミミズク
ovar,卵塊
ovol,卵子
ozan,オザン
ozen,臭鼻症
ozid,配糖体
padi,ポー平原
paf',発砲'
pagr,マダイ
pajn,パン
pajr,貴族同輩
pakt,条約
pale,古
pali,パーリ語
pamp,パンパ
pand,パンダ
pans,手当て
pant,全
papu,パプア
para,傍
parc,パルカ
pare,パレオ
pari,パリア
parm,パルマ
pase,過去
pati,感受
patm,パトモス島
patn,母屋
pavi,パビーア
pazi,普遍
paŝa,パシャ
paŭs,トレース
paŭt,ふくれ面
pean,賛歌
pedo,児童
pejv,PEJ小辞典
pekt,ペクチン質
pele,ペーレウス
pene,クルマエビ属
peon,ポーン
pep',さえずり'
pepl,ペプロス
peri,周囲
pers,ペルシア人
peru,ペルー
peĉj,ペーチャ
piel,腎盂
piet,敬虔
piez,ピエズ
pigr,怠惰
pikl,ピクルス
pikn,比重
piko,ピコ
pikr,ピクリル
pile,門脈
pimp,いきな
pina,ハボウキガイ属
pind,ピンドス
pion,パイ中間子
pipi,タヒバリ属
pire,ピレウス
pirn,緯糸管
pirr,ピュロス
piti,ピュティア
pitĉ,音高
pjel,腎盂
plak,薄板
plas,預託
plaĝ,ビーチ
plaŭ,ボチャン
plis,プリーツ
pluk,摘む
plut,プルートス
pneŭ,タイヤ
poci,水薬
poez,詩
pojn,手首
poks,痘病
poli,多
polj,ポリエ
polm,手のひら
polo,ポロ
polp,タコ
polu,汚染
pond,重み付け
pone,ポニー
ponĉ,ポンチョ
porn,ポルノ
porĉ,ポーチ
pott,ポット
povr,哀れ
poŭp,船尾
prag,プラハ
prah,プラウ船
praj,プライア
prat,農家草地
pred,獲物
preg,プレス成形
prim,素数
prod,武勲騎士
pron,回内
prot,陽
pru!,船首!
prud,貞淑ぶる
prus,プロイセン
psik,心
psil,蛇使い
psiĥ,プシュケー
psok,チャタテムシ
psor,疥癬
pter,翼
ptm.,午後.
ptoz,下垂
puaz,ポアズ
pubi,恥骨
pudl,パドル精錬
pudu,プーズー属
puf!,膨らみ!
puli,滑車
pulk,プルケ
pull,企業連合
pulp,果肉
puls,脈拍
pum!,どすん!
pund,ポンド
pure,ピューレ
puva,PUVA
puzl,パズル
rabb,ラビ
rabd,占い杖
rabl,粗石積み
rafe,縫線
rafi,ラフィア
ragu,ラグー
rajp,焼付く
raki,脊柱
rali,ラリー
rami,ラミー
ramn,クロウメモドキ属
ranĉ,ランチ
ranĝ,入換
rasl,ラ音
rati,比率
raul,ラウル
razi,~の毛をそる
raĵa,ラージャ
raŭf,飼葉架
raŭm,ラウマ
raŭt,ルート
read,ヒナゲシ
red.,編集.
reel,実数
rege,レゲエ
regi,統治する
rejn,ライン川
rejs,レイス
remi,舟をこぐ
rems,ランス
reni,レニウム
reps,畝織布
reti,レーティア
reum,ダイオウ
riad,リヤド
rial,リアル
riel,リエル
rift,リフト
riks,危険
rim.,韻.
robb,濃縮果汁
robr,ラバー
rode,ロデオ
rodi,ロジウム
roku,アナトー
roma,ロマ
rome,ロメオ
ronĝ,かじる
rose,ロゾー
ross,ロス
rota,r化
ruan,粕毛
rubi,アカネ属
rudr,舵
ruen,ルーアン
ruk!,よいしょ!
rumb,羅針点
rund,巡回
rung,横桟
rupi,ルピー
rusk,ナギイカダ属
saar,ザール川
sadi,サアディー
saga,サガ
sake,日本酒
saks,ザクセン
salk,除草
salp,サルパ
samb,サンバ
same,サーミ人
samg,僧伽
samo,サモア
sana,健康な
sanĉ,サンチョ
saon,ソーヌ川
sape,坑道
sapf,サッフォー
sapr,腐植
sard,サルデーニャ
sari,サリー
sars,SARS
sart,サルト
sati,サティー
saud,サウジ
saul,サウル
saŭl,サウル
saŭn,サウナ
saŭr,爬虫
sbir,暴吏
scil,ツルボ
scit,スキタイ人
sejm,国会
sejn,地引網
seki,ハヤトウリ属
semi,半
sena,センナ
seps,敗血
sept,中隔
serb,セルビア
serp,刈る
serĝ,サージ
sesi,会期
sest,六度
setl,定住
seul,ソウル
sfeg,ジガバチ
sial,シアル
siam,シャム
sian,西安
sien,シエンナ
sigl,略号
sigm,シグマ
sikl,シケル
sile,上駒
silf,シルフ
silt,シルト
sind,インダス川
sink,沈む
sinu,湾曲
sion,シオン
siri,シリア
sirt,シルテス
sism,地震
sium,ムカゴニンジン属
siva,シヴァ
skab,かさ病
skaf,掘足
skan,スキャン
skap,花茎
skat,スカート
sket,スケート
skeĉ,寸劇
skin,コショウボク属
skip,チーム
skir,硬癌
skit,スキタイ
skon,スコーン
skop,観察
skot,スコットランド
skun,スクーナー
skut,キックボード
slab,平板
slav,スラブ
slum,スラム
slup,スループ
smut,黒穂病
snob,俗物
snuf,鼻クンクン
sofr,ソフロ
soft,小声
solo,ソロ
somm,ソンム川
sonj,ソーニャ
sonk,ノゲシ属
sozi,そっくり
spam,スパム
span,スパン
spar,クロダイ
spes,スペーソ
spil,穴をあける
spok,スポーク
spor,胞子
spot,スポット灯
sss!,シュー!
staj,支索
stak,積み山
stam,株
stav,水路
staz,停滞
staĝ,研修
steg,支材
stek,ステーキ
sten,速記
ster,薪量単位
stik,挿し木
stim,推定
stir,操縦する
stiv,積付け
stok,ストック
stol,ストラ
stom,気孔
stop,停止
stor,記憶装置
stov,ストーブ
str.,筋.
stuc,整枝
stuf,煮込み
sued,イノシシ科
suez,スエズ
suit,組曲
sukr,スクレ
sulf,硫黄
sull,スッラ
sumo,合計
suna,スンナ
sund,スンダ
suom,スオミ
supe,晩餐
supl,柔軟
sura,スーラ
surf,サーフィン
sutr,経
suzi,スシアナ
suŝi,鮨
svag,漠然
sved,スウェーデン
svis,スイス
tabi,足袋
tabu,タブー
tade,タデウシュ
tael,両
tais,タイス
tajd,潮
tajg,タイガ
taki,速
tang,縦揺れ
tank,タンク
tanĝ,接線
taps,ビロードモウズイカ
tard,遅い
tarn,タルン川
tars,足根
tarz,瞼板
tass,タッソ
tatr,タトラ山脈
taŭr,雄牛
taŭt,同語
taŭz,乱す
team,チーム
teba,アヘン
tefi,温エントロピ
tegu,大邱
tein,テイン
tele,遠隔
teli,冬胞子
tens,時制
teri,獣類
term,熱
tesl,テスラ
test,テスト
teze,テセウス
teŭg,船首楼
tien,そこへ
tife,ガマ属
tigl,るつぼ
tild,チルダ
tini,白癬
tinn,マグロ
tiol,チオール
tion,チオン
tire,甲状腺
tiro,甲状腺
tirs,テュルソス
tisb,ティスベ
titi,ティティザル
titr,滴定
tju!,追払声!
tmez,分離挿入
tobi,トビア
tofe,トフィー
tofu,豆腐
tohu,豆腐
toki,東京
toks,毒
tolu,トルーバルサム
tomi,切開
tong,トンガ
toni,緊張
tonk,トンカ豆木
topo,場所
tora,トーラー
tore,闘牛
tori,トリウム
tpr!,止まれ声!
trac,トラキア
trad,貿易風
trag,耳珠
trak,軌道
trap,トラピスト
trat,為替手形
tred,通す
tret,踏む
trib,部族
trit,三度
triv,使い古す
triĥ,毛
troj,トロイ
trol,トロール網
truk,トリック
trum,窓間壁
trus,トラス
tubj,チューバ
tuku,トゥコトゥコ
tule,トゥーレ
tuli,ツリウム
tull,トゥルス
tulu,トゥル人
turg,膨満
turp,醜い
tvid,ツイード
udon,うどん
uest,西
uhu!,おーい!
ukij,浮世絵
ulem,ウラマー
ulis,ユリシーズ
ulul,遠吠え
umar,ウマル
umbr,ウンブラ
umea,世医E協
unaŭ,フタユビナマケモノ
unci,ユキヒョウ
unit,単位
unkt,聖油塗る
unut,ユニゾン
upas,ウパス
upup,ヤツガシラ
urak,尿膜管
ural,ウラル
uran,ウラノス
urat,尿酸塩
urdu,ウルドゥー
ured,さび菌
urij,ウリヤ
urli,おたふく風邪
uskl,大小字
usne,サルオガセ属
uson,米国
utah,ユタ州
utaj,謡
utik,ウティカ
utno,ウトノア
uvul,口蓋垂
uzin,工場
vajc,万力
vajd,タイセイ
vajr,ヴェア
vake,ウェーク島
vaku,真空
vald,ワルド派
valg,外反
valv,弁
vamp,ヴァンプ
vand,仕切り
vanu,消える
varf,桟橋
varn,バルナ
varp,縦糸
vask,バスク
vatt,ワット
vaŝt,ワシュティ
vaŭd,ボー州
veft,横糸
veld,溶接
velŝ,ロマンディ人
vepr,やぶ
veto,拒否権
vici,ソラマメ
vide,映像
vien,ウィーン
vign,ササゲ属
viki,ウィキ
vila,別荘
vill,ヴィラ
viln,ビリニュス
vinĉ,ウィンチ
vjel,ハーディガーディ
vjol,ヴィオール
vobl,ふらつき
vodk,ウォッカ
vokt,監督者
vol.,意志.
volb,アーチ天井
volg,ボルガ川
volt,ボルト
vork,土木工事
vrak,残骸
vulv,外陰
vusi,ウーシー
zair,ザイール
zebu,コブウシ
zein,ゼイン
zend,アヴェスタ語
zeta,ゼタ
zeŭs,マトウダイ
zini,ヒャクニチソウ
zlot,ズオチ
zoil,ゾイロス
zori,ぞうり
zulu,ズールー
ĉadi,チャド
ĉant,詠唱
ĉard,チャールダ
ĉart,チャーター
ĉasi,狩る
ĉeti,ウグイス属
ĉikl,チクル
ĉili,チリ
ĉips,チップス
ĉirp,鳴く
ĉit!,しっ!
ĉukĉ,チュクチ
ĝain,ジャイナ教徒
ĝeni,邪魔する
ĝenr,ジャンル
ĝest,武勲詩
ĝinn,ジン
ĝinz,ジーンズ
ĝis!,まで!
ĝuba,ジュバ
ĥank,ハンカ
ĥati,ハッティ
ĥmer,クメール人
ĥoan,後鼻孔
ĥord,脊索
ĥore,舞踏病
ĵele,ゼリー
ĵerz,ジャージー
ĵins,ジーンズ
ĵoke,騎手
ĵonk,ジャンク船
ĵuri,誓う
ŝaft,軸
ŝak!,チェス!
ŝakr,闇取引
ŝakt,立坑
ŝalt,切替
ŝari,シャリーア
ŝaŭr,にわか雨
ŝeba,シバ
ŝejk,シャイフ
ŝekl,シャックル
ŝeol,シェオル
ŝere,シェリー
ŝerp,シェルパ
ŝibu,渋
ŝija,シーア
ŝiva,シヴァ
ŝkop,あか汲み
ŝkot,帆脚索
ŝlak,鉱滓
ŝlem,スラム
ŝlif,研削
ŝort,短パン
ŝotr,砕石
ŝoĥt,屠畜
ŝoĵi,障子
ŝpal,横木
ŝpic,スピッツ犬
ŝpur,軌間
ŝrik,悲鳴
ŝrot,粗挽き
ŝtok,錨横棒
ŝtud,スタッド
ŝudr,シュードラ
ŝunt,分流
ŝutr,シャッター
ŝvab,シュワーベン
ŝvan,シュワン
aci,名詞化
adz,手斧
aed,吟唱詩人
aft,アフタ
aga,アガ
agr,農地
aha,ははあ
ain,アイヌ
air,コメススキ
ais,国際科学アカデミー
ake,アカイア人
alb,アルバ
alf,ハネガヤ
alm,ウェブ
alp,アルプス
ame,あめ
ami,アミ属
ana,アンナ
and,アンデス
ang,脈管
anj,アニャ
ans,取っ手
anĉ,リード
aot,ヨザル
ara,コンゴウインコ
are,区域
arg,アルゴー号
arj,アーリア
arn,アルノ川
ask,子嚢
atm,アートマン
ato,アト
avi,付加価値税
azo,アゾ
aĥ!,ああ!
aŭk,オオハシウミガラス
aŭl,大講堂
aŭr,オーラ
ba!,へっ!
bac,ばちっ
bav,泡涎
baĉ,バッチ
baĥ,バッハ
baŝ,防水シート
baŭ,船梁
be!,メーと鳴く!
bef,ベルギーフラン
bej,ベイ
bid,ビーズ
bil,証券
bio,生命
bir,測位
bit,ビット
biv,琵琶
biz,ビーズ風
bkd,BCD
bob,ボブスレー
bok,雄反芻獣
bop,ビバップ
bos,浮彫
bri,ハリガネゴケ属
brn,ブルノ
bse,牛海綿状脳症
bum,ブーム
bur,ボーア人
bus,バス
but,土寄せ
bv.,どうぞ.
ceb,オマキザル属
cgs,CGS
cic,乳首
cid,殺
cip,石標
cis,こちら側
cug,ツガ
cum,集散花序
dab,押し拭く
dac,ダキア人
dak,ダッカ
dan,デンマーク
daŭ,ダウ船
dej,デイ太守
dem,人口
der,デリス属
dia,通過
did,ドードー
dil,ディリ
din,ダイン
dit,重複
dol,故意
dop,ドーピング
dor,ドリア
doĝ,総督
dun,砂丘
dup,騙されやすい人
dur,硬い
dut,二度音程
duz,羽口
eak,アイアコス
ebr,エブロ
eci,銹子器
eda,エッダ
edd,エッダ
edr,面体
ege,エーゲ
ej!,場所!
ejr,エール
ek!,開始!
eki,シャゼンムラサキ
eko,環境
ekt,外
ekv,ウマ属
ek…,開始…
elb,エルバ島
ele,アブラヤシ属
eli,エリ
elu,溶出
emi,血中量
emm,エマ
emu,エミュー
ene,アイネイアス
eno,ワイン
ent,存在者
eol,アイオロス
eon,累代
epi,上
era,紀元
erc,鉱石
erg,エルグ
eri,エリー湖
ese,小論
esk,風
eti,病因
ezr,エズラ
eĥ…,反響…
eŭr,ユーロ
fad,フェード
faj,ファイユ
fan,ファン
fat,宿命
faĝ,ファージ
faŝ,ファシズム
feb,ポイボス
fek,糞
fen,フェーン
fet,胎児
fez,フェズ帽
fi!,チェッ！!
fik,性交
fit,植物
fle,オオアワガエリ属
fob,疎水
fol,葉
fr!,追払声!
frg,西ドイツ
fri,運賃込
fti,フティア
fu!,ぷっ!
fug,フーガ
ful,縮絨
fur,フェレット
fuz,燃焼
gaf,ガフ
gag,ギャグ
gak,ガアガア鳴く
gap,ぽかん
gaĝ,担保
gdr,東ドイツ
gej,ゲイ
gek,ヤモリ
gel,霜
gen,生成
geo,地
ger,留め継ぎ
get,ゲットー
gib,帆を返す
gig,ギグ
gip,ハゲワシ属
gir,回転
gis,鋳造
gli,グリア
gmo,遺伝子組換え生物
gmt,グリニッジ標準時
gnu,ヌー
goj,非ユダヤ人
gol,ゴール
got,ゴート
gra,図
gul,クズリ
gun,若雌牛
guĝ,丸のみ
guŝ,莢
ha!,あっ！!
hag,ハーグ
han,漢人
hat,憎む
haĉ,ハッチング
haĝ,ハッジ
he!,おい！!
hea,ハンガリーEA
heb,ヘベ
hem,ヘム
hen,いななく
her,英雄
hes,ヘッセン
hid,醜悪
hif,菌糸
hik,ひっく
hil,アマガエル
hin,ケッテイ
hip,鉈
his,掲揚
hm!,ふむ!
ho!,おお！!
hod,道
hoj,おーい
hop,跳ぶ
hos,ホース
hu!,ひゃっ!
hub,小農地
hug,ユーグ
hul,船体
hun,フン族
hup,警笛
hur,万歳
hus,フス
huĵ,富士
huŝ,しっしっ
ida,イダ山
idl,空転
idu,イドゥース
iei,国際E学院
iem,国際E博物館
igl,イグルー
ijk,国際青年大会
ijs,国際青年週間
iks,エックス
ikt,強拍
ile,回腸
ilj,腸骨
ilz,イルゼ
ion,イオン
irk,国際返信券
iss,イッソス
izo,等
jad,翡翠
jaf,ヤッフォ
jan,ヤヌス
jav,ジャワ
jet,ジェット機
jez,エゾ
jid,イディッシュ
jin,陰
job,ヨブ
jog,ヨーガ
jol,ヨール
jon,イオン
jor,ヨー
jot,イオタ
jov,ユピテル
jul,７月
jut,ジュート
kab,岬
kac,陰茎
kad,ケードビャクシン
kak,うんちをする
kam,カム
ket,ケト
keĉ,ケッチ
ke…,こと…
kik,キック
kim,集散花序
kir,キール酒
kit,キト
kiv,キウイ
kiĉ,キッチュ
kiŝ,キッシュ
ki…,どのような…
kju,屈原
kkd,CD-ROM
kle,音部記号
kli,クリオ
kod,法典
kos,莢
koz,事物
koĉ,コチニール
koĥ,コッホ
koŝ,はめ輪
kp.,比べよ.
ksŝ,CIS
ktp,など
kus,コソノキ
kut,陣羽織
kvi,休止
lab,凝乳
laj,ライオス
lar,カモメ
laz,投げ縄
lem,補助定理
len,レナ川
let,レテ
lez,損傷
lic,許可
lid,リード
lik,漏れ
lil,ユリ
lis,リス川
liv,左
liz,分解
lkk,現地大会委員会
lo!,ロー!
lof,風上へ
lom,ローム
lop,宙返り
loz,ばらの
lub,リビア人
luf,ヘチマ
luv,間切る
luz,ルズス
luĝ,リュージュ
mag,魔術
mav,悪い
maĥ,マッハ
med,環境
mek,メーと鳴く
mer,単位体
miĥ,ミカ
mks,MKS
mla,非
mos,世界保健機関
mot,題銘
moz,ムーズ川
mud,脱皮
mug,ムゴマツ
nab,ハブ
naj,コブラ属
nan,矮小
nef,雲
neg,否定
nen,何も~ない
neo,新
ner,ネロリ
nes,ネッソス
nic,ニース
nif,UFO
nil,ナイル
nim,名
nin,ニーナ
nis,ナイセ川
nit,リベット
nlg,オランダギルダー
noa,ノア
noc,有害
nok,ニョッキ
non,九時課
nor,ノル
noĉ,刻み目
nro,非政府組織
num,ヌマ
obi,帯
odr,オーデル川
oer,オーレ
ogr,人食い鬼
ohi,オハイオ
oid,類似
ojt,オイテ
okr,黄土
oks,去勢牛
okt,オクターブ
old,老いた
olg,オリガ
oms,世界保健機関
onj,おばちゃん
onk,腫瘍
opo,臓器
opt,視力
orb,軌道面
ore,漏出
ork,シャチ
orl,縁縫い
orn,マナトネリコ
oro,金
osl,オスロ
oss,オッサ山
ovi,ヒツジ属
ovr,開く
oĉj,おじちゃん
pad,小道
paŭ,ポー
pea,ポーランドE協会
pic,ピザ
pio,膿
pis,小便
pit,ちっぽけ
piv,PIV辞典
piĉ,陰門
pk.,郵便略号.
pob,船尾
pod,演壇
pok,少し
pop,司祭
poĉ,ポーチド
pre,前
pru,船首
pub,恥骨部
puc,悪趣味な
pud,プード
pug,尻
pum,どすん
puĉ,クーデター
pĉk,郵振口座
rak,ラック
ral,クイナ
ram,破城槌
rar,希少
raĝ,ラージャ
raŝ,発疹
rea,レア
reb,ブドウ幹
rek,鉄棒
reo,レオ
rep,ラップ
reu,露E連
rig,艤装
rin,鼻
rjo,両
roe,ウルシ族
roj,小川
rom,ローマ
ron,ローヌ川
ror,吠える
ruf,赤褐色
run,ルーン文字
rur,田園
ruĵ,口紅
ruŝ,ひだ飾り
sad,サド
saf,サッフォー
sar,サラ
sea,スロE協
ser,連続
set,セト
sev,樹液
sik,シク教徒
sil,サイロ
sim,サル
sir,シリア
sit,ゴジュウカラ
siu,スー族
siĥ,シク教徒
ska,スカ
sob,下へ
soj,ダイズ
sok,すきべら
som,小体
sor,上昇
sul,カツオドリ属
suv,スバ
suz,スーサ
tab,タブ
taj,タイ
tak,タック
tal,腰回り
tam,タムス属
tao,道
tar,風袋
taĉ,タッチライン
taĥ,テージョ川
taŭ,タウ
teb,テーベ
tek,ケース
tel,テル
tet,破傷風
tik,ティッキング
til,繊維砕き
tin,桶
tis,ティサ川
tit,チトー
tof,凝灰岩
tom,トマス
top,トップ
tor,トーラス
tot,トート神
ts!,シッ!
ttt,WWW
tuz,ツズ
tuĉ,墨
uaz,オアーズ川
uea,世エス協
ued,ワジ
uf!,ふう!
ufe,仏エス連
ugr,ウゴル
ulv,アオサ属
ume,梅
uni,同盟
uok,中華鍋
ure,尿素
uri,ウミガラス属
uro,尿
usd,米ドル
uta,和歌
utc,協定世界時
uve,ぶどう膜
vav,ダブリュー
vaĉ,当直
vd.,参照.
ve!,ああ!
ved,ヴェーダ
veg,走路
vor,食う
vot,誓願
zap,ザッピング
zen,禅
zim,チマーゼ
zip,ジッパー
zom,ズーム
ĉad,チャド
ĉak,シャコー帽
ĉat,カート
ĉeĥ,チェコ
ĉik,スナノミ
ĉil,乳糜
ĉim,糜粥
ĉin,中国
ĉip,安価
ĉir,巻きひげ
ĉit,チタ
ĉju,屈原
ĉot,カジカ
ĉud,チュド
ĉuk,チャック
ĉur,精液
ĝaz,ジャズ
ĝel,ゲル
ĝet,突堤
ĥam,ハム
ĥan,ハーン
ĥat,藁葺家
ĥet,ケトン
ĥil,乳び
ĥin,中国人
ĥot,ホタ
ĵak,ジャック
ĵam,妨害電波
ĵan,ジャン
ĵar,甕
ĵaz,ジャズ
ĵib,ジブ
ĵig,ジグ
ĵip,ジープ
ĵos,仮植
ĵud,柔道
ĵul,ジュール
ŝed,小屋
ŝem,セム
ŝer,岩礁小島
ŝik,シック
ŝil,乳糜
ŝiv,シヴァ
ŝok,衝撃
ŝos,若枝を伸ばす
ŝot,キック
ŝus,直滑降
ŝuŝ,シュー音
ŝŝ!,シッ!
ŭa!,ワァ!
ŭon,ウォン
ac,科
az,酵素
aĥ,ああ
ba,へっ
be,メーと鳴く
bi,二
bk,絵はがき
bu,ブイ
co,C字
ed,科
ef,エファ
eu,欧州連合
ev,エバ
eĉ,さえ
eĝ,稜
eŭ,正常
fa,ファ
fo,F字
go,囲碁
hu,ひゃっ
ic,IC
ik,学術
ip,キクイムシ属
iv,性質
iz,化
jc,世紀
jo,ヨー
kd,CD
ko,余
ks,クシー
ku,キュー
le,風下
lo,ロー
mo,モー
mu,ミュー
no,能
ob,逆形
om,オーム
oz,症
pm,切手
ps,プシー
ro,ロー
ru,浸水処理
so,ソー
su,イノシシ
ta,道
ti,その
to,トー
uk,世界大会
un,国連
ut,世界時
uv,ブドウ
vo,ダブリュー
ze,トウモロコシ属
zo,動物園
ĉi,近接
ĉj,男性愛称
ĉo,C^字
ĝo,G^字
ĥi,キオス
ĥo,H^字
ĵo,J^字
ŝo,ショー
ŝŝ,シッ
ŭo,ウォー
iĉ,男性
