Krist,Krist
Leandr,虾ᴸᴱ
Oceani,Oceani
Pask,庆ᴾ
Petr,Petr
abak,算盘
abandon,弃ᴬᴰ
abat,院长
abdik,退位
abdomen,腹ᴬ
abel,蜂
aberaci,差
abi,杉
abiogenez,无生源
abism,渊
abnegaci,弃ᴬ
aboc,字ᴬᴮ
abol,废ᴬ
abolici,废ᴬᶜ
abomen,厌ᴬ
abon,订ᴬ
abort,堕
abrazi,磨蚀
abrikot,杏
abrog,废ᴬᴿ
abrogaci,废ᴬᴮ
abrupt,陡ᴬ
absces,脓肿
absid,后殿
absint,苦艾
absolut,绝
absolv,赦ᴬᴮ
absorb,吸ᴬ
abstin,戒
abstrakt,抽
absurd,谬
abund,丰
abutil,草ᴬᴮ
ac,科ᴬ
acer,枫
acet,醋
acetat,醋盐
aci,态ᴬ
acid,酸
acidimetr,酸计
acipenser,鱼ᴬᴾ
ad,行
adapt,适ᴬ
adaptometri,适测
adaĝ,慢ᴬ
adekvat,适ᴬᴰ
aden,腺ᴬ
adenit,腺炎
adenoidit,腺似炎
adenom,腺瘤
adenopati,腺病ᴬᴼ
adenpati,腺病
adept,徒ᴬ
adher,附
adiabat,隔ᴬ
adiant,铁线草
adiaŭ,再见
adici,加ᴬ
adip,脂ᴬ
adipogenez,脂源
adjekt,状
adjektiv,形ᴬ
adjudant,准尉
adjunkt,助ᴬ
adjutant,副官
administr,管ᴬ
administraci,管ᴬᶜ
administrator,管员
admir,佩
admiral,提督
admon,劝
adob,砖ᴬ
adolesk,青春
adolt,成ᴬ
adopt,收ᴬ
ador,拜
adres,址
adstring,涩
adult,奸ᴬ
adverb,副
advers,敌ᴬ
advokat,辩ᴬ
adz,砍ᴬ
aer,气
aeremi,气血
aerobi,气生
aerodrom,气道
aerogram,气图
aerolit,气石
aerolog,气学家
aerologi,气学
aerometr,气计ᴬ
aerometri,气测
aeronaŭt,气航
aeronaŭtik,气航学
aeroplan,气划
aerostat,气态
afabl,善
afazi,失语
afekci,情ᴬ
afekt,装ᴬ
afer,事ᴬ
afid,虫ᴬᶠ
afiks,缀ᴬ
afin,缘ᴬ
afinaci,炼ᴬ
afis,虫ᴬˢ
afiŝ,贴
aflikt,悲
afoni,无声
afrank,贴ᴬᴿ
afrodit,虫ᴬᴰ
afrodizi,催情
aft,疮ᴬ
afust,炮架
ag,办
agac,烦ᴬ
agam,龙ᴬ
agami,鸟ᴬᴳ
agatid,木ᴬᴳ
agav,龙舌兰
agend,办须
agent,代ᴬᴳ
agerat,菊ᴬᴳ
agit,搅
agl,雕
aglomer,团ᴬᴸ
aglutin,胶ᴬ
agnosk,认ᴬ
agnostik,不可知
agnostikism,不可知主义
agoni,垂死
agor,场ᴬ
agorafobi,场症
agord,调ᴬ
agr,农
agrabl,快
agraf,扣ᴬ
agrafi,无志
agreg,团ᴬ
agres,攻ᴬᴳ
agrikultur,农ᴬᴷ
agronom,农学
agronomi,农学ᴬᴵ
aguti,鼠ᴬ
agvara,兽ᴬᴳ
ahims,不害
air,草ᴬᴿ
aizo,草ᴬᶻ
ajapan,菊ᴬᴶ
ajl,蒜
ajn,任
ajug,草ᴬᴶ
ajut,喷嘴
akaci,金合欢
akademi,院ᴬ
akant,草ᴬᴷ
akantias,鱼ᴬᴷ
akantocefal,刺头
akapar,囤ᴬ
akar,虫ᴬ
akaĵu,腰果
akcel,促
akcent,重ᴬ
akcept,受ᴬ
akcesor,副ᴬᴷ
akci,股ᴬ
akcidenc,偶ᴬ
akcident,祸
akcipitr,鹰ᴬ
akciz,税ᴬ
ake,树懒
akebi,木ᴬᴷ
aken,瘦果
akeronti,虫ᴬᴵ
akinezi,无动
akir,获
aklam,欢呼
aklimatiz,气候化
akme,顶ᴬ
akn,痘
akomod,适ᴬᴷ
akompan,伴ᴬ
akonit,草ᴬᴷᴼ
akonti,龙ᴬᴷ
akor,草ᴬᴼ
akord,和ᴬ
akr,锐
akredit,信任
akrid,蝗
akrobat,杂技
akrocefal,锐头
akrocianoz,锐青症
akromat,无色
akronim,锐名
akroĥord,蛇ᴬᴷ
aks,轴
aksel,腋
aksiom,公理
aksiometr,轴计
aksolotl,蛙ᴬᴷ
akt,幕
akte,草ᴬᵀ
aktin,射ᴬ
aktini,海葵
aktinidi,猴桃ᴬ
aktinometr,射计ᴬ
aktinomicet,射菌
aktinoterapi,射疗ᴬ
aktiv,活ᴬ
aktor,演
aktual,现ᴬᴷ
akumul,累
akumulator,蓄电
akurat,准ᴬ
akustik,音ᴬ
akut,锐ᴬᵀ
akuz,诉ᴬ
akuzativ,宾
akuŝ,产ᴬ
akuŝologi,产学
akv,水
akvafort,蚀刻
akvarel,水彩
akvifoli,木ᴬᶠ
al,向
alabastr,雪花石膏
aland,鱼ᴬᴰ
alarm,警ᴬ
alatern,木ᴬᴱ
alaŭd,雀
alb,白袍
albatros,鸟ᴬᴮ
albin,白ᴬ
albizi,木ᴬᴸ
albugine,白膜
albugineit,白膜炎
album,册ᴬ
albumin,白蛋白
albuminuri,白蛋白尿
alburn,白鱼
alce,立葵ᴬᶜ
alced,鸟ᴬᴸ
alcelaf,兽ᴬᴸ
alcion,翠鸟
alcioni,虫ᴬᴸ
ald,中音
ale,林
aleator,偶ᴬᴸ
alegori,寓ᴬᴸ
alegr,快ᴬᴸ
aleksi,失读
aleksin,补ᴬ
alektor,鸟ᴬᴿ
alergi,过敏
alez,钻ᴬ
aleŭrit,木ᴬᴸᴱ
aleŭrod,虫ᴬᵁ̆
alfabet,字ᴬ
alg,藻
algebr,代数
algi,痛ᴬ
algid,冷ᴬ
algiolog,痛学家
algiologi,痛学
algolog,藻学家
algologi,藻学
ali,别
alianc,盟ᴬ
aliari,草ᴬᴬ
alien,让ᴬ
aligator,鳄ᴬ
aliment,养费
aline,换行
alis,草ᴬᴸ
alism,泽泻
alit,蛙ᴬ
aliteraci,头韵
alium,葱ᴬ
aliz,果ᴬᴸ
alize,信风ᴬ
alk,驼鹿
alka,鸟ᴬᴬ
alkal,碱ᴬ
alkaloid,碱似
alkalometri,碱测
alkekeng,茄ᴬ
alkemi,炼金
alkohol,醇
alkoholat,醇盐
alkoholemi,醇血
alkoholometr,醇计
almanak,历书
almenaŭ,至ᴬ
almoz,施
alo,草ᴬ
alofon,异声
aloj,合金
alokazi,草ᴬᴸᴼ
alomorf,异形ᴬᴹ
alopati,异病
alopeci,秃ᴬ
alopekur,草ᴬᴸᴼᴾ
alotrofi,异养
alotrop,异形
aloz,鱼ᴬᴸ
alp,峰
alpini,姜ᴬᴸ
alsin,草ᴬᴸˢ
alt,高
altar,坛ᴬ
alte,立葵
alteraci,蚀变
altern,替
alternativ,替ᴬᵀ
alternator,替具
altimetr,高计
altitud,高ᴬᵀ
altometr,高计ᴬᴼ
altometri,高测
altru,他ᴬ
altruism,他主义
altruist,他家
aluat,猴ᴬᵀ
alud,暗
alumet,柴
alumini,铝
aluminiat,铝盐
alun,矾
aluvi,淤
alveol,槽ᴬ
alveolin,虫ᴬⱽ
alvus,鱼苗
alĥemi,炼金ᴬᴴ̂
am,爱
amalgam,汞齐
amanit,鹅膏
amar,苦ᴬ
amarant,菜ᴬᴹ
amarilid,花ᴬ
amas,堆
amator,好
ambasad,使ᴬ
ambasador,使ᴬᴿ
ambaŭ,两
ambici,志
ambigu,歧义
ambistom,蛙ᴬᴹ
ambl,踱
ambliop,弱视
amblistom,蛙ᴬˢ
ambos,铁床
ambr,龙香
ambulatori,廊ᴬ
ameb,变形虫
ameboid,变形虫似
amel,糊ᴬ
amelanĉ,木ᴬᶜ̂
ameloz,糊糖
amend,改ᴬ
ament,穗ᴬ
americi,金ᴬ
ametist,紫晶
ametrop,屈光
amfibi,两栖
amfibrak,短长短
amfibraĥ,短长短ᴬᴴ̂
amfor,罐
ami,伞ᴬᴹ
amiant,石棉ᴬᴹ
amik,友
amirid,木ᴬᴹ
amnesti,赦
amnezi,忘ᴬ
amni,羊膜
amofil,草ᴬᶠ
amok,狂ᴬ
amom,姜ᴬ
amoniak,氨
amonit,菊石
amor,性ᴬ
amorf,无形
amorfofal,魔芋
amortiz,偿ᴬ
ampelopraz,葱ᴬᴹ
ampleks,广ᴬ
amplif,扩
amplifik,扩ᴬᴷ
amplifikator,扩具
ampol,泡
amput,切ᴬ
amuz,娱
an,员
anabol,合成
anaerobi,无气生
anafor,复ᴬ
anagal,草ᴬᴺ
anagir,木ᴬᴺ
anaglif,雕ᴬᴺ
anakardi,木ᴬᴺᴬᴷ
anakond,蛇ᴬ
anakoret,隐ᴬ
anal,史ᴬ
analfabet,无字
analitik,析ᴬᵀ
analiz,析
analog,似ᴬ
analogi,类ᴬ
anamirt,木ᴬᴺᴬ
anamorfoz,变形
ananas,菠萝
anarik,鱼ᴬᴿ
anark,无政
anarki,无政ᴬᴵ
anarkism,无政主义
anarkist,无政家
anarĥi,无政ᴬᴴ̂
anas,鸭
anastatik,草ᴬᴺᴬ
anastigmat,无散光
anastomoz,吻合
anastrof,倒ᴬ
anatem,咒
anatom,剖
anatomi,剖ᴬᴵ
anchov,鱼ᴬᶜ
ancilostom,钩虫
andant,行ᴬᴺ
andre,苔ᴬ
androgin,雌雄
andromed,木ᴬᴰ
andropogon,草ᴬᴺᴰ
androzac,草ᴬᶜ
anduj,肚肠
anekdot,闻
aneks,并ᴬ
aneksit,并炎
anem,风ᴬ
anemi,贫血
anemogram,风图
anemometr,风计
anemometri,风测
anemon,银莲
aneroid,无液
anestez,无感
anet,伞ᴬ
angelik,伞ᴬᴳ
angi,脉ᴬᴺ
angiit,脉炎ᴬ
angil,鱼ᴬ
angin,咽炎
angiologi,脉学
angiom,血管瘤
angiosperm,脉种
angl,angl
anglikan,圣公
angor,忧
angostur,木ᴬˢ
angrek,兰ᴬ
angul,角
anhel,喘ᴬᴺ
anhidr,无水
anil,草ᴬᴵ
anim,魂
animal,兽ᴬ
aniz,果ᴬ
anizotrop,无等向
ankaŭ,也
ankiloz,关节强直
ankoraŭ,还ᴬ
ankr,锚
anksi,忧虑
anobi,虫ᴬᴺ
anodont,贝ᴬ
anofel,蚊ᴬ
anoksemi,无氧血
anoksi,无氧
anomali,异ᴬ
anon,木ᴬ
anonc,宣
anonim,无名
anopsi,盲ᴬ
ans,柄
anser,鹅
anstataŭ,代
ant,在
antagon,敌ᴬᴺ
antagonism,敌主义
antagonist,敌家
antarkt,南ᴬ
antaŭ,前
antedon,虫ᴬᵀ
anten,触角
antenari,菊ᴬᴺ
anti,抗ᴬ
antiar,木ᴬᵀ
antibiotik,抗生布
anticiklon,抗旋
anticip,预
antifon,抗声
antifraz,抗句
antigen,抗原
antiklinal,背斜
antikorp,抗体
antikorpuskl,抗粒ᴬᴷ
antikv,古
antilid,豆ᴬᴺ
antilop,羚ᴬ
antimon,矿ᴬᴺ
antineŭtrin,抗中微子
antinomi,抗律
antipartikl,抗粒
antipati,抗情
antipod,抗足
antiproton,抗质子子
antiseps,抗腐
antistrof,抗节
antitez,抗题
antitoksin,抗毒
antoksant,草ᴬᴺᵀᴼ
antologi,选ᴬ
antonim,反名
antr,洞ᴬ
antraks,炭疮
antrisk,伞ᴬᴿ
antrop,人ᴬ
antropocentr,人央
antropofag,人吞
antropoid,人似
antropolog,人学家
antropologi,人学
antropometri,人测
antropomorf,人形
antropomorfism,人形主义
anturi,草ᴬᴺᵀ
antus,鸟ᴬᴺ
anuri,无尿
anus,肛
anzu,杏ᴬᴺ
anĉ,簧
anĉov,鱼ᴬᶜ̂
anĝel,天使
aort,主脉
aortit,主脉炎
aot,猴ᴬ
apanaĝ,封ᴬ
aparat,器ᴬ
apart,独ᴬ
apartament,寓
aparten,属
apati,无情
apatosaŭr,龙ᴬᴾ
apeks,尖ᴬ
apel,诉ᴬᴾ
apelaci,上诉
apenaŭ,才ᴬ
apendic,虫垂
apendicektomi,虫垂除
apendicit,虫垂炎
aper,现ᴬ
apercept,统觉
aperitiv,开胃酒
apert,开ᴬ
apertur,孔
apetal,无瓣
apetit,欲ᴬ
api,芹ᴬ
apik,垂ᴬ
apios,豆ᴬ
aplanat,无差
aplaŭd,鼓ᴬ
aplik,用ᴬ
aplomb,稳ᴬ
apne,止ᴬ
apocin,草ᴬᴾ
apod,无足
apog,支
apoge,远ᴬ
apokalips,末启
apokrif,伪ᴬ
apolog,寓ᴬᴾ
apologi,辩ᴬᴾ
apopleksi,卒中
apostat,叛ᴬ
aposterior,后ᴬ
apostol,使ᴬᴾ
apostrof,省ᴬ
apotek,药ᴬ
apoteoz,神化
apozici,位ᴬ
apr,猪ᴬ
aprec,赏ᴬᶜ
apret,整ᴬᴾ
apretur,整ᴬᴿ
aprez,赏
april,四月
aprior,先
aprob,赞ᴬ
apterig,鸟ᴬᴾ
apud,旁
ar,群
ara,鹦ᴬ
arabesk,纹ᴬ
arabidops,草ᴬᴿᴬᴮ
arabis,草ᴬᴿᴬ
arakid,花生
araknoid,蛛膜
araknoidit,蛛膜炎
arali,木ᴬᴿ
arane,蛛
aranĝ,整ᴬ
arb,树
arbitr,擅
arbitraci,裁ᴬ
arbologi,树学
arbust,灌木
arbut,红果
ard,热ᴬ
arde,鸟ᴬ
ardez,板岩
are,面ᴬ
arek,棕ᴬ
aren,场ᴬᴿ
arenari,草ᴬᴿᴱ
areol,晕ᴬ
arest,逮
argani,木ᴬᴬ
argemon,草ᴬᴳ
argil,粘土
argiop,蛛ᴬᴳ
argironet,蛛ᴬᴿ
argon,气ᴬᴳ
argonaŭt,虫ᴬᴿ
argument,论ᴬ
arid,旱
arier,后卫
aristokrat,贵ᴬ
aritmetik,算ᴬ
ark,弧
arka,古ᴬᴿ
arkad,拱廊
arkaik,古ᴬᴵ
arkaism,古主义ᴬᴷ
arkan,秘ᴬ
arke,方舟
arkegoni,颈卵器
arkeo,古ᴬᴼ
arkeolog,古学家ᴬᴷ
arkeologi,古学ᴬᴷ
arkeopterig,古翅
arketip,原型ᴬ
arki,首ᴬ
arkipelag,群岛
arkitekt,建筑
arkitektur,建筑ᴬᴿ
arkiteŭt,贝ᴬᴿ
arkiv,档ᴬ
arkt,极ᴬ
arkte,菊ᴬᴿ
arkti,虫ᴬᴷ
arktostafil,木ᴬᴼ
arkus,弧ᴬˢ
arleken,丑ᴬ
arm,武
armadel,兽ᴬᴿ
armadilidi,虾ᴬ
armatur,配筋
arme,军
armeri,草ᴬᴱ
armilari,菌ᴬᴿ
armistic,停战
armoraci,草ᴬᴿᴹ
armori,徽ᴬ
arnik,羊菊
arog,傲
arogant,傲ᴬᴺ
arom,香ᴬ
arorut,葛
arpeĝ,散音
arsen,矿ᴬ
arsenal,库ᴬ
arsenid,矿化
art,艺
arteri,脉ᴬ
arteriektomi,脉除
arteriit,脉炎ᴬᴿ
artez,自流
artifik,诈ᴬ
artik,节ᴬ
artikol,文ᴬ
artikulaci,发音
artileri,炮兵
artiŝok,菜ᴬ
artokarp,木ᴬᴾ
artr,节ᴬᴿ
artralgi,节痛
artrit,节炎
artritism,节炎主义
artrologi,节学
artropod,节足
artroz,节症
arum,草ᴬᴹ
arund,草ᴬᴰ
arunk,草ᴬᵁ
arvikol,鼠ᴬᴿ
arĉ,弓
arĝent,银
arĥa,古ᴬᴬ
arĥaik,古ᴬᴷ
arĥaism,古主义
arĥe,古ᴬᴴ̂
arĥeolog,古学家
arĥeologi,古学
arĥipelag,群岛ᴬᴴ̂
arĥitekt,建筑ᴬᴴ̂
arĥitektur,建筑ᴬᵀ
arĥiv,档ᴬᴴ̂
asbest,石棉
asekur,保
asembl,汇编
asemble,会ᴬ
aseps,无腐
asert,断
asfalt,沥青
asfiksi,窒ᴬ
asidu,勤ᴬ
asign,配ᴬ
asimil,同ᴬ
asist,辅
asiz,审ᴬ
ask,囊ᴬ
askarid,回虫
asket,苦行
asklepiad,草ᴬˢ
askomicet,囊菌
askomikot,囊菌ᴬᴷ
asoci,联ᴬ
asonanc,韵ᴬ
asparag,菜ᴬˢ
aspart,天冬
aspartat,天冬盐
aspekt,显
asperg,洒
aspidistr,草ᴬˢᴾ
aspir,渴ᴬ
aspiraci,送气
aspleni,羊齿ᴬˢ
aspr,粗ᴬ
astak,虾ᴬˢ
astat,无定
astaten,卤ᴬ
asteni,弱ᴬ
aster,菊ᴬ
asteri,海星
asterisk,星号
astigmat,散光
astigmatism,散光主义
astilb,草ᴬˢᵀ
astm,喘
astr,星ᴬ
astrakant,木ᴬˢᵀ
astre,菌ᴬ
astrolog,星学家
astrologi,星学ᴬᴸ
astronaŭt,星航
astronaŭtik,星航学
astronom,星学
astronomi,天ᴬ
at,被
atak,攻
atav,祖
atavism,祖主义
ataŝe,随员
ateism,无神主义
ateist,无神家
atel,猴ᴬᴸ
atenc,害ᴬ
atend,待ᴬ
atent,注
atenu,衰
atest,证ᴬ
ating,到
atlet,选手
atletik,田径
atm,我ᴬ
atmometr,气计ᴬᵀ
atmosfer,气ᴬᵀ
atmosferografi,气志
atmosferologi,气学ᴬᵀ
atol,环礁
atom,子ᴬ
atoni,无张
ator,具ᴬ
atri,厅ᴬ
atribu,归
atribut,归ᴬᵀ
atrofi,无养
atrop,颠ᴬ
atropos,虫ᴬᴾ
atut,王牌
av,爷
aval,背书
avan,前ᴬⱽ
avanc,进ᴬ
avangard,前卫
avantaĝ,优
avar,吝
avatar,化身
avel,坚果
aven,燕麦
aventur,冒
avenu,道
averaĝ,均
averi,损ᴬ
avero,木ᴬⱽ
avers,前ᴬᴿ
avert,警ᴬⱽ
aviad,航
aviceni,木ᴬᶜ
avid,贪
avikulari,蛛ᴬⱽ
aviz,告ᴬ
avocet,鸟ᴬⱽ
avokad,鳄梨
azale,杜鹃
azarol,木ᴬᶻ
azen,驴
azil,庇ᴬ
azimen,木ᴬᴵ
azo,无生
azol,羊齿ᴬ
azot,氮ᴬ
azotemi,氮血
azoturi,氮尿
azuki,豆ᴬᶻ
aĉ,劣
aĉet,买
aĝ,岁
aĝi,升水
aĥeronti,虫ᴬᴴ̂
aĵ,物
aĵur,透空
aŝok,木ᴬˢ̂
aŭ,或
aŭbrieti,草ᴬᵁ̆
aŭd,听
aŭdac,敢
aŭdienc,接见
aŭditori,讲堂
aŭdometr,听计
aŭgur,占ᴬ
aŭgust,八月
aŭk,鸟ᴬᵁ̆
aŭkci,拍卖
aŭkub,木ᴬᵁ̆
aŭkume,木ᴬᵁ
aŭl,礼堂
aŭreli,海月
aŭreol,光环
aŭrikulari,菌ᴬᵁ̆
aŭror,晓
aŭskult,听ᴬˢ
aŭster,严ᴬ
aŭstralopitek,猴ᴬᵁ̆
aŭt,车
aŭtent,真ᴬᵁ̆
aŭtentik,真ᴬ
aŭtism,自主义
aŭtobiografi,自生志
aŭtobus,车ᴬᴮ
aŭtodidakt,自学
aŭtogami,自配
aŭtogen,自生
aŭtogir,自旋
aŭtograf,自记
aŭtografi,自志
aŭtokataliz,自催
aŭtoklav,高压锅
aŭtokrat,专制ᴬ
aŭtokrati,专制ᴬᴵ
aŭtokton,原住
aŭtoliz,自解
aŭtomaci,动ᴬᶜ
aŭtomat,动ᴬ
aŭtomobil,车ᴬᴹ
aŭtomorfi,自形
aŭtonom,自治
aŭtonomi,自治ᴬᴵ
aŭtor,作ᴬ
aŭtoritat,权ᴬ
aŭtun,秋
babil,聊
babord,船左
bac,响ᴮ
bacil,菌ᴮᶜ
bagatel,琐
bagaĝ,行李
bagn,牢ᴮ
bajonet,刺刀
bajt,字节
bak,烤
bakalaŭr,学士
bakter,菌ᴮᴬ
bakteri,菌ᴮ
baktericid,菌杀ᴮ
bakteriofag,菌吞
bakteriofaĝ,菌吞ᴮᴳ̂
bakteriolog,菌学家ᴮ
bakteriologi,菌学ᴮ
baktri,双驼
bal,舞ᴮ
bala,扫
balan,藤壶
balanc,摇ᴮ
balanit,藤壶炎
balast,压舱
balat,木ᴮᵀ
balbut,结巴
baldaŭ,将ᴮ
balen,鲸
balenopter,鲸翅
balg,风箱
balist,弓炮
balistik,弹道
balkon,阳台
balon,球ᴮᴺ
balot,票ᴮᴬ
balote,草ᴮᴸ
balte,带ᴮᴸ
balustrad,栏ᴮᴸ
balzam,膏ᴮ
balzamin,花ᴮ
balzamit,菊ᴮᶻ
bambu,竹
bambuz,竹ᴮᶻ
ban,浴
banal,俗ᴮ
banan,蕉
band,队ᴮ
bandaĝ,包ᴮᴺ
banderol,带ᴮᴿ
bandolier,带ᴮᴺ
bangi,藻ᴮ
bangific,藻藻ᴮ
bangiofic,藻藻ᴮᴼ
banjan,木ᴮᴺ
bank,银ᴮ
banked,宴ᴮ
bankrot,破产
bant,结ᴮ
bantam,鸟ᴮᴺ
banus,督ᴮ
baobab,木ᴮᴮ
bapt,洗ᴮ
bar,障
barak,棚ᴮᴿ
barakt,挣
barb,胡
barbaden,西番莲
barbar,蛮
barbare,草ᴮᴮ
barbarism,蛮主义
barbi,鱼ᴮᴮ
barbir,剃ᴮ
bard,诗ᴮ
barel,桶ᴮ
bari,金ᴮᴬ
barier,栏ᴮ
barikad,路障
barit,重晶石
bariton,男中音
bark,舶
barograf,压记
barometr,压计ᴮ
baron,爵
baroskop,压镜
bart,鲸须
barĝ,驳ᴮ
bas,低
basbal,棒球
basen,盆ᴮ
bask,摆ᴮ
baskul,跷ᴮ
bastard,庶
bastion,棱堡
baston,棒
bat,打
batal,战ᴮ
batalion,营ᴮᵀ
batat,甘薯
bateri,电ᴮ
batometr,深计
batometri,深测
batrak,蛙ᴮ
batu,围猎
bav,口水
baz,基
bazament,基ᴮᴹ
bazar,市ᴮᶻ
bazidi,担子
bazidimicet,担子菌
bazidimikot,担子菌ᴮᴷ
bazidiomicet,担子菌ᴮᴼ
bazidiomikot,担子菌ᴮᶻ
bazili,草ᴮᶻ
baŝo,草ᴮˢ̂
baŭ,梁ᴮ
baŭhini,木ᴮᵁ̆
beat,福
beb,婴
bed,圃
bedaŭr,憾
bedeli,脂ᴮ
bek,嘴
bekabung,草ᴮᴷ
bel,美
beletr,文ᴮ
belis,菊ᴮ
belon,针鱼
bemeri,草ᴮᴱ
bemol,降
ben,祝
bend,带ᴮ
benefic,益ᴮ
benign,良ᴮᴳ
benjet,炸糕
benk,凳
bent,底栖
benzin,汽油
benzinometr,汽油计
benzo,安息香
benzoil,安息香基
ber,浆果
berberis,木ᴮ
beret,帽ᴮᴱ
bergamot,香柑ᴮ
berili,金ᴮᴿ
berkeli,金ᴮᴷ
bernikl,鸟ᴮᴿ
bertoleti,木ᴮᴿ
best,兽
besti,兽ᴮᴵ
bet,甜菜
betel,草ᴮ
beton,混凝
betul,桦
bevel,斜ᴮ
bezon,需
beŝamel,白汁
bi,生ᴮᴵ
bias,偏ᴮ
bibli,经
bibliofil,经爱
bibliofili,经爱ᴮᴵ
bibliograf,经记
bibliografi,经志
bibliomani,经狂
bibliotek,库ᴮ
biceps,二头肌
bicikl,车ᴮᶜ
bident,二齿
bien,庄
bier,酒ᴮ
bifid,叉ᴮ
bifstek,牛排
bigami,二配
bigarad,酸橙
bigarel,脆樱
bignoni,木ᴮᴳ
bigot,偏执
biks,木ᴮᴷ
bil,券ᴮ
bilanc,衡ᴮ
bilard,台球
bild,画
bilet,票
bilharzi,血虫
bilion,兆
bilĝ,舱底
bimetal,二金
bimetalism,二金主义
binar,二进
bind,装ᴮ
binokl,镜ᴮ
binom,二项
bio,生ᴮᴼ
biofizik,生物理
biogenez,生源
biogeografi,生地志
biograf,生记
biografi,生志
biokemi,生化学
biolog,生学家
biologi,生ᴮ
biomas,生团
biometri,生测
biont,生将
biontologi,生在学
biosfer,生球
bioterapi,生疗
biotop,生境
bir,测ᴮ
bird,鸟
biret,帽ᴮ
birg,虾ᴮ
bis,再ᴮ
biskutel,草ᴮᵁ
biskvit,饼ᴮ
bismut,金ᴮˢ
bismutat,金盐ᴮ
bistort,草ᴮᵀ
bistr,褐ᴮˢ
bit,位ᴮ
bitum,沥青ᴮ
bivak,营
bizar,奇ᴮ
bizon,野牛
blag,吹ᴮᴳ
blakbas,鱼ᴮᴸ
blank,白
blapt,虫ᴮᴾ
blasfem,辱
blast,胚ᴮ
blastocer,兽ᴮˢ
blastoderm,胚皮
blastomicet,胚菌
blat,虫ᴮ
blaz,泡ᴮᴸ
blazon,徽ᴮ
blek,鸣ᴮ
blend,甲ᴮ
bleni,滑鱼
bleti,兰ᴮ
blind,盲
blink,闪ᴮ
blizard,雪暴
blok,块
blond,金ᴮ
blov,吹
blu,蓝
bluf,骗ᴮ
bluz,衫ᴮ
bo,姻
boac,鹿ᴮ
board,迎风
boat,舟
bobel,泡ᴮ
boben,圈
bobolink,鸟ᴮᴮ
bodi,觉ᴮ
boj,吠
bojkot,抵制
bok,牡
bokal,罐ᴮ
boks,拳击
bol,沸
bold,木ᴮᴸ
bolet,菇
bolid,陨ᴮ
bolometr,沸计
bolt,栓ᴮ
bolus,团ᴮˢ
bomb,弹
bombak,木棉ᴮ
bombard,轰ᴮ
bombast,夸ᴮ
bomben,蛙ᴮᴹ
bombicil,鸟ᴮᴹ
bombiks,蛾ᴮ
bombinator,蛙ᴮᵀ
bombon,糖ᴮ
bon,良
bonazi,鸟ᴮᶻ
bonit,鱼ᴮᴺ
bonvol,愿ᴮ
bonz,僧ᴮ
bops,鱼ᴮᴾ
bor,钻
borag,草ᴮᴿ
borat,矿盐
bord,岸
bordel,妓院
border,缘
bordun,低音
born,夹ᴮ
bors,市ᴮ
bos,凸ᴮ
boselaf,兽ᴮᴸ
bosk,林ᴮ
bostrik,虫ᴮˢ
bosveli,木ᴮˢ
bot,靴
botanik,植ᴮ
botel,瓶
botrit,菌ᴮᴿ
botrop,蛇ᴮ
botul,菌ᴮᵀ
bov,牛
boviste,菌ᴮⱽ
bovl,碗
bracelet,环ᴮ
bradip,兽ᴮᴿ
brak,臂
brakin,虫ᴮᴿ
brakte,苞
bram,鱼ᴮ
bran,糠
brand,酒ᴮᴺ
brankard,担架
branĉ,枝
bras,帆索
brasik,菜ᴮ
brav,勇ᴮ
bravur,炫ᴮ
braĝ,炭ᴮ
braĥin,虫ᴮᴴ̂
bred,养ᴮ
brems,刹
bret,板ᴮ
brez,煮ᴮ
breĉ,裂ᴮ
breĉi,角砾岩
bri,苔ᴮ
brid,勒
brifit,苔植
brig,双帆船
brigad,旅ᴮ
brik,砖
bril,亮ᴮ
briofit,苔植ᴮᴼ
brioni,瓜ᴮ
brisur,标ᴮ
briz,微风
briĝ,桥牌
brod,绣
brog,烫ᴮ
brok,锦
brokant,贩
brokol,菜ᴮᴷ
brom,卤ᴮ
bromeli,草ᴮᴵ
bromid,卤化
bromoform,卤形
bromus,草ᴮˢ
bronk,支ᴮ
bronkit,支炎
bronkoskop,支镜
bronkoskopi,支镜ᴮᴵ
bronz,青铜
bros,刷
brosm,鱼ᴮᴹ
brov,眉
broŝur,册ᴮ
bru,噪
brul,燃
brum,雾ᴮ
brun,褐
brunel,草ᴮᴺ
brunfelsi,木ᴮᶠ
brusk,暴躁
brusoneti,木ᴮᴼ
brust,胸
brut,畜
brutal,暴ᴮ
bu,浮
bub,顽
bubal,水牛
bucer,鸟ᴮᶜ
bud,棚
buda,佛ᴮᴬ
budh,佛
budle,木ᴮᴰ
budĝet,预算ᴮᴰ
buf,蛤蟆
bufag,鸟ᴮᶠ
bufed,台ᴮ
bufon,丑ᴮ
bufr,缓冲
buftalm,菊ᴮᶠ
bugenvil,木ᴮⱽ
bugr,肛交ᴮ
buk,扣ᴮᴷ
bukan,熏
buked,束ᴮ
bukl,卷ᴮ
bukorak,鸟ᴮᴷ
buks,黄杨
bul,团ᴮ
bulb,球ᴮ
bulbit,球炎
buljon,高汤
bulk,包ᴮ
bulten,报ᴮ
bulvard,道ᴮ
bum,帆杆
bungar,蛇ᴮᴺ
bunt,彩
bupleŭr,伞ᴮ
buprest,虫ᴮᵀ
burd,蜂ᴮ
burg,堡ᴮ
burlesk,谐ᴮ
burokrat,官ᴮ
burs,囊ᴮ
burser,木ᴮᵁ
bursit,囊炎
burĝ,资ᴮ
burĝon,芽ᴮ
bus,车ᴮ
bust,胸ᴮˢ
but,培
bute,鹰ᴮ
buter,黄油
buterat,黄油被
buterometr,黄油计
butik,店
butom,草ᴮᴹ
buton,扣
buĉ,屠
buĝet,预算
buŝ,口
car,帝ᶜ
ceb,猴
cece,虫ᶜ
cecidomi,虫ᶜᴰ
ced,让
cedr,雪松
cedrat,香柑
cedrel,木ᶜᴰ
cefal,头ᶜ
cefalaspid,头甲
cefalaspidomorf,头甲形
cefalopod,头足
cefalospin,头脊
cefalotorak,头胸
ceib,木ᶜ
cejan,蓝菊
cekum,盲肠
cekumit,盲肠炎
cel,标
celakant,矛尾鱼
celastr,木ᶜᵀ
celebr,庆ᶜ
celenter,腔肠
celeri,芹
celom,体腔
celsi,摄氏ᶜᴱ
celsius,摄氏
celtid,木ᶜᴸ
celul,胞ᶜ
celulit,胞炎
celuloz,纤素
cement,水泥
cenobit,僧ᶜ
cens,普ᶜ
cent,百
centaŭr,半人马
centaŭri,草ᶜᵁ̆
centezimal,百ᶜᶻ
centi,厘
centifoli,百叶
centigrad,厘度
centigram,厘克
centilitr,厘升
centimetr,厘ᶜᴹ
centr,央
central,央ᶜᴸ
centrant,草ᶜᴱ
centrifug,离心
centripet,向心
centromer,央链节
centrosom,央体
centuri,百队
cenzur,审ᶜ
cep,葱
cepol,鱼ᶜ
cerambik,虫ᶜᴹ
cerami,藻ᶜ
ceramik,陶
cerast,蛇ᶜ
cerasti,草ᶜˢ
ceratofil,草ᶜᶠ
ceratoni,木ᶜᴱ
cerb,脑
cercid,木ᶜᴿ
cercidifil,木ᶜᶠ
cereal,谷ᶜ
cerebel,小脑
cerebr,脑ᶜᴿ
ceremoni,式ᶜ
ceri,金ᶜ
cerkari,虫ᶜᴿ
cerkopitek,猴ᶜᴿ
cert,确
certi,鸟ᶜᴿ
cerv,鹿
cervik,颈ᶜ
cestr,木ᶜˢ
cetac,鲸ᶜ
ceter,余ᶜ
ceterak,羊齿ᶜ
cetoni,虫ᶜᵀ
cetrari,菌ᶜ
cezalpini,木ᶜᶻ
cezi,金ᶜᶻ
ci,尔
cian,青
cianat,青盐
cianfit,青植
cianid,青化
cianofit,青植ᶜᴼ
cibet,灵猫香
cic,乳ᶜ
cicindel,虫ᶜᶜ
cidoni,木瓜ᶜ
cifer,数ᶜ
cigar,烟ᶜᴵ
cigared,烟ᶜ
cign,天鹅
cikad,蝉
cikadomorf,蝉形
cikas,木ᶜᴷ
cikatr,疤
cikl,环ᶜ
ciklamen,花ᶜ
ciklogir,直升机ᶜ
ciklometr,环计
ciklometri,环测
ciklon,旋ᶜ
ciklop,巨ᶜ
cikoni,鸟ᶜ
cikut,毒芹
cili,纤毛
cilindr,圆柱
cim,臭虫
cimbal,铜盘
cimbalari,草ᶜᴹ
cimbidi,兰ᶜ
cimbopogon,草ᶜᴮ
cimicifug,草ᶜᶜ
cimitar,刀ᶜ
cinabr,朱
cinam,桂
cinamom,木ᶜᴺ
cinar,草ᶜᴺ
cindr,灰ᶜ
cinerari,菊ᶜᴺ
cinik,冷笑
cinip,蜂ᶜ
cinkl,鸟ᶜᴺ
cinodont,草ᶜᴰ
cinoglos,草ᶜᴳ
cinozur,草ᶜᶻ
cintr,拱架
cintur,带ᶜ
ciper,草ᶜᴾ
cipre,宝贝
cipres,柏
ciprin,鲤ᶜ
cipripedi,兰ᶜᴾ
cir,膏
circe,草ᶜᴿ
cirk,圈ᶜ
cirkaet,鸟ᶜᵀ
cirkel,规ᶜ
cirkl,圆ᶜ
cirkonferenc,圆ᶜᴺ
cirkonstanc,况ᶜ
cirku,鸟ᶜᵁ
cirkul,环ᶜᴿ
cirkuler,信ᶜ
cirkumcid,割礼
cirkvit,路ᶜ
ciroz,硬ᶜ
cirsi,菊ᶜ
cirus,卷ᶜ
cis,此ᶜ
cist,草ᶜ
cistern,池
cisticerk,囊尾虫
cistopterid,羊齿ᶜˢ
cit,引
citin,草ᶜᵀ
cito,胞ᶜᵀ
citolog,胞学家
citologi,胞学ᶜ
citoplasm,胞浆
citoskelet,胞骨
citosol,胞液
citotrop,胞向
citoz,胞ᶜᶻ
citr,琴ᶜ
citrat,柑盐
citrol,瓜ᶜ
citron,果ᶜ
citronel,香茅
citrus,柑
civetikt,兽ᶜ
civil,民ᶜ
civiliz,教ᶜ
civilizaci,民化态
civit,市ᶜ
cizel,雕ᶜ
cug,铁杉
cukcukcikad,蝉ᶜᶜ
cum,聚伞
da,份
dafn,瑞香
dafni,虾ᴰ
dafodil,草ᴰᶠ
dajmon,神灵
dakriocist,泪囊
dakriocistit,泪囊炎
daktil,枣
daktilis,草ᴰˢ
daktilograf,指记
daktiloskopi,指镜
dalbergi,木ᴰᴮ
dali,菊ᴰ
dam,妃
dama,鹿ᴰ
damar,木ᴰᴹ
damask,缎ᴰ
damasken,嵌ᴰ
damaĝ,损ᴰᴹ
damn,咒ᴰ
damp,抑
danc,舞
dand,俏
dank,谢
danĝer,危
dat,期
daten,数据
datum,数据ᴰᴹ
davali,羊齿ᴰ
dazip,兽ᴰᴬ
dazipod,兽ᴰᶻ
daŭb,桶板
daŭk,伞ᴰ
daŭr,续
de,从
debat,辩ᴰ
debet,欠ᴰ
debil,弱ᴰ
debit,销ᴰ
debut,初
dec,宜
decembr,十二月
deci,分ᴰᶜ
decid,决
decidu,落ᴰ
decigram,分克
decilitr,分升
decimal,十ᴰᶜ
decimetr,分米
dediĉ,献ᴰ
dedukt,演绎
defend,防
defens,封ᴰ
defet,败ᴰ
defi,挑战
deficit,欠ᴰᶠ
defil,分列
definitiv,确ᴰ
deflaci,缩ᴰ
deflor,从花
degel,融
degener,退ᴰ
degrad,降ᴰ
dehisk,裂ᴰ
deism,神主义ᴰ
deist,神家ᴰ
dek,十
deka,十ᴰᴬ
dekadenc,退ᴰᴷ
dekagram,十克
dekalitr,十升
dekalog,十戒
dekametr,十米
dekant,倾析
dekapod,十足
deklam,诵
deklar,宣ᴰ
deklaraci,宣ᴰᶜ
deklinaci,格ᴰ
dekliv,坡
dekokt,煎
dekolt,低领
dekor,饰ᴰᴱ
dekoraci,饰ᴰ
dekrement,减ᴰᴷ
dekret,颁
dekstr,右
deleg,委
delekt,悦ᴰ
delfen,海豚
delic,珍
delikat,细
delikt,违
delikvesk,潮解ᴰ
delir,狂ᴰ
delonik,木ᴰᴷ
delt,三角洲
deltoid,三角洲似
demagog,煽动
demagogi,煽动ᴰᴵ
demand,问
demarkaci,划界
demenc,痴
dement,否ᴰ
demisi,辞
demodeks,虫ᴰᴹ
demokrat,民ᴰᴱ
demokrati,民ᴰ
demon,魔ᴰᴹ
demonologi,魔学
demonomani,魔狂
demonstr,证ᴰᴹ
demonstrativ,证被能
demoraliz,从德化
dendro,树ᴰ
dendrokronolog,树时学家
dendrokronologi,树时学
dendrolag,兽ᴰᴰ
dendrologi,树学ᴰ
denominator,分母
dens,密
densometr,密计
densometri,密测
densteti,羊齿ᴰᴺ
dent,齿
dental,齿ᴰᴸ
dentin,齿质
denunc,揭ᴰ
deodar,木ᴰᴰ
deoksi,从氧
deoksioz,从氧糖
deont,义ᴰ
deontologi,义学
departement,部ᴰ
depeŝ,报ᴰ
depon,存ᴰ
deport,逐ᴰ
depozici,证ᴰᶻ
deprec,贬ᴰᴾ
depresi,低ᴰ
deprim,沮丧
deput,派
der,木ᴰ
deriv,派ᴰᴿ
derm,皮ᴰ
dermapter,皮翅
dermat,皮ᴰᵀ
dermatit,皮炎ᴰᵀ
dermatolog,皮学家
dermatologi,皮学
dermatoz,皮症
dermest,虫ᴰᴿ
dermit,皮炎
dermopter,皮翅ᴰᴼ
des,愈
desapont,失望
desegn,绘
desert,点ᴰ
desinfekt,消毒
desmod,兽ᴰˢ
despot,专制
destin,定ᴰˢ
detal,细ᴰᵀ
detekt,检ᴰ
deterg,洗ᴰ
determin,定ᴰᵀ
detonaci,轰ᴰ
detrit,碎屑
detru,毁
dev,应
devalut,贬
deven,源ᴰ
devi,偏
deviaci,偏ᴰᶜ
deviz,铭
devot,敬ᴰ
dezajn,设计
dezert,漠
dezir,欲
deĉifr,密ᴰᶜ̂
deĵor,当
di,神
dia,通ᴰ
diabet,糖尿
diabl,魔ᴰ
diadem,冠ᴰ
diafan,透
diafanoskopi,透照
diafragm,光圈
diagenez,通源
diagnoz,诊断
diagonal,斜ᴰ
diagram,通图
diakon,助祭
diakron,通时
dialekt,言
dialektik,辩证
dialektolog,言学家
dialektologi,言学
dializ,透析
dialog,话ᴰ
diamagnet,反磁
diamant,钻ᴰ
diametr,通测
diant,石ᴰ
diare,泻ᴰ
diaskop,通镜
diastol,舒ᴰ
diaterm,通热
diatermi,通温
diazoni,重氮
diazot,二氮
diazotat,二氮盐
diboĉ,荡ᴰ
did,鸟ᴰ
didaktik,教ᴰ
didelf,鼠ᴰ
dielektrik,介电ᴰ
dielektrikmetr,介电计
dierez,分音
dies,升ᴰ
diet,节
dietik,节ᴰᴷ
difekt,损
difenbaki,草ᴰᴮ
difeomorf,微分同胚
difeomorfi,微分同胚ᴰᴵ
diferenc,异ᴰ
diferenci,异ᴰᴵ
diferencial,异ᴰᴸ
difilobotri,虫ᴰᶠ
difin,定ᴰ
difrakt,衍射
difteri,白喉
difterit,白喉ᴰᵀ
difuz,散ᴰᶠ
dig,拦
digest,消
digital,草ᴰᴵ
digitari,草ᴰᴳ
dign,尊ᴰ
digram,二字
dik,厚
diklorid,二氯化
dikotiledon,二子叶
dikotom,叉ᴰ
dikro,二色
dikromiat,二金盐
dikt,述ᴰ
diktafon,述声
diktamn,草ᴰᵀ
diktator,独裁
dilat,膨
dilatator,膨具
dileni,木ᴰᴸ
diletant,好ᴰ
diligent,勤
dilu,稀ᴰ
diluv,洪
dimanĉ,日ᴰᴹ
dimensi,维
dimer,二链节
diminu,减ᴰᴹ
dimorf,二形
dinam,发电
dinamik,力ᴰ
dinamism,力主义
dinamit,炸ᴰ
dinamometr,力计
dinasti,朝
ding,兽ᴰ
dinornit,恐鸟
dinosaŭr,恐龙
diod,二极管
diodont,鱼ᴰ
dioksid,二氧化
diomede,鸟ᴰᴹ
dione,草ᴰᴺ
dioskore,草ᴰᴿ
diospir,柿ᴰ
diplo,板障
diploid,二倍
diplokok,双菌
diplom,证ᴰ
diplomat,交ᴰ
diplomologi,证学
diplopod,双足
dipod,二足
dipsak,续断
dipso,渴ᴰ
dipsomani,渴狂
dipter,二翅
dipterik,木ᴰᴾ
dipterokarp,木ᴰᵀ
dir,说
direkt,方
direktor,导ᴰ
dirigent,指挥
dis,散
disakarid,二蔗子
disciplin,律ᴰ
disdegn,蔑
disel,柴油ᴰˢ
disenteri,痢
disert,论ᴰᴿ
disertaci,论文
disident,异ᴰˢ
disjunkci,或ᴰ
disk,盘ᴰ
diskomicet,盘菌
diskont,减ᴰ
diskreci,裁量
diskredit,散信受
diskret,谨
diskrimin,辨ᴰᴷ
diskriminaci,歧
diskurs,辩ᴰˢ
diskut,论
disoci,解ᴰ
disom,二体
disonanc,不谐
dispers,散ᴰᴾ
dispne,喘ᴰ
dispon,处ᴰ
dispozici,处ᴰᶻ
disprozi,金ᴰ
disput,争
distanc,距
distil,馏
disting,辨
distr,散ᴰᵀ
distribu,配
distrikt,区ᴰ
disulfid,二硫化
disĉipl,徒ᴰ
ditionat,二硫
ditiramb,颂ᴰ
ditisk,虫ᴰ
diurez,多尿
diurn,日ᴰ
divalent,二价
divan,长椅
diven,猜
divers,杂
divertikul,囊室
divertikulektomi,囊室除
diverĝ,散ᴰⱽ
divid,分ᴰ
dividend,分须
divizi,师ᴰ
divizor,约数
divorc,离婚
dizel,柴油
dizert,逃ᴰ
do,故
docent,讲师
dodeka,十二
dodekaedr,十二面
dodekafon,十二声
dodekafoni,十二声ᴰᴵ
dog,犬ᴰ
dogan,关ᴰ
dogm,教条
dok,船渠
dokt,博ᴰᴼ
doktor,博
doktrin,教义
dokument,档ᴰᴷ
dolikot,鼠ᴰᴸ
doliĥot,鼠ᴰᴴ̂
dolor,痛
dolĉ,甘
dolĉamar,甘苦
dom,屋
domaĝ,惜
domen,骨牌
domicil,住所
domin,治ᴰ
dominant,治在
don,给
donac,礼
donak,草ᴰᴷ
dorid,贝ᴰ
dorlot,宠
dorm,睡
dorn,刺ᴰ
dors,背
dosier,档
dot,嫁妆
doz,量ᴰ
dozologi,量学
dozometr,量计
drab,草ᴰ
dracen,龙血树
drag,挖泥
drak,龙
drakocefal,龙头
drakon,严ᴰ
dram,剧ᴰ
dramaturg,剧作
drap,呢
drapir,帷
drast,猛
drat,线ᴰ
draĵ,根芽
draŝ,打ᴰ
dren,排ᴰ
dres,驯
dril,钻ᴰᴿ
drimi,草ᴰᴹ
drimis,木ᴰᴿ
drink,饮ᴰ
driopterid,羊齿ᴰᴿ
driv,漂
drog,药ᴰ
drom,道ᴰ
dromaj,鸟ᴰᴶ
dromedar,单峰驼
dromi,虾ᴰᴿ
dromice,鸟ᴰᴿ
dron,溺
drozer,草ᴰᶻ
drozofil,虫ᴰᶻ
drup,核果
du,二
dual,双ᴰ
dub,疑
dubel,栓ᴰ
dubl,替ᴰ
duel,决斗
duet,二重
dugong,兽ᴰᴳ
duk,公爵
dukt,管ᴰ
duktil,延展
dum,期ᴰᴹ
dun,沙丘
dung,雇
duoden,十二指肠
duodenit,十二指肠炎
duplikat,副本
dur,硬ᴰ
duramatr,硬膜
duri,木ᴰᵁ
dut,二度
duŝ,淋
eben,平
ebl,可
ebon,乌
ebri,醉ᴱ
ebul,草ᴱᴮ
ebur,象牙
ec,性
eci,菌ᴱ
ecidi,菌ᴱᴰ
ed,科ᴱ
edif,教化
edikt,令ᴱ
editor,编ᴱ
edr,面ᴱ
eduk,育ᴱ
edz,夫
efedr,木ᴱᶠ
efedrin,麻黄碱
efekt,效ᴱᵀ
efektiv,实ᴱ
efemer,短ᴱ
efemeropter,短翅
efervesk,泡ᴱ
efik,效
efloresk,风化
efluv,辉
eg,巨
egal,等
egilop,草ᴱᴳ
eglanteri,草ᴱᴬ
eglefin,鱼ᴱᴳ
ego,吾
egoist,己ᴱ
egret,冠羽
ej,所
ejakul,射ᴱ
ejgen,特征
ejnŝtejni,金ᴱᴶ
ejŝhorni,草ᴱᴶ
ek,始
ekart,偏ᴱ
ekbali,瓜ᴱ
ekidn,兽ᴱᴰ
ekin,海胆
ekinokok,虫ᴱᴷ
ekinops,菊ᴱ
ekip,备ᴱ
eklektik,折衷
eklezi,教ᴱ
eklips,食ᴱ
eko,境ᴱ
ekolog,境学家
ekologi,态ᴱ
ekonomi,经济
ekonomik,经济ᴱᴷ
ekran,屏
eks,旧
ekscelenc,阁ᴱ
ekscentrik,偏心
ekscepci,抗辩
eksces,滥
ekscit,激
ekshibici,露ᴱ
eksklud,排ᴱᴰ
ekskluziv,排
ekskomunik,开除
ekskori,擦伤
ekskreci,排ᴱᴿ
ekskrement,粪ᴱ
ekskurs,游ᴱ
ekskuz,辩ᴱᴷ
ekspansi,膨ᴱ
eksped,送ᴱ
ekspedici,远征
ekspektor,咳痰
eksperiment,验ᴱ
ekspertiz,鉴
eksplic,释ᴱᶜ
eksplicit,明ᴱ
eksplik,释ᴱˢ
eksplod,爆
ekspluat,采
ekspon,展ᴱᴺ
eksponent,指数
eksponometr,展计
eksport,出ᴱᴷ
ekspozici,展ᴱᴷ
ekspres,速ᴱ
ekspresion,表ᴱᴷ
ekspresionism,表主义
ekspresionist,表家
ekstaz,醉ᴱᴷ
ekstemporal,即ᴱ
ekstens,伸ᴱᴷ
ekster,外ᴱ
eksterm,歼
ekstr,特ᴱ
ekstradici,引渡
ekstrakt,抽ᴱ
ekstrapol,外推
ekstravaganc,怪ᴱ
ekstrem,极
eksud,渗ᴱ
ekt,外ᴱᵀ
ekto,外ᴱᴷ
ektoderm,外皮
ektomi,除ᴱᴷ
ektopi,异位
ektoplasm,外浆
ekv,兽ᴱ
ekvaci,方程
ekvator,赤
ekvilibr,衡
ekvinoks,分ᴱ
ekvipotencial,等势
ekvivalent,等ᴱᴷ
ekvizet,问荆
ekzakt,精
ekzalt,扬
ekzamen,检ᴱ
ekzantem,疹ᴱ
ekzegez,释
ekzekuci,执ᴱᶜ
ekzekut,执
ekzekv,执ᴱⱽ
ekzem,疹ᴱᴹ
ekzempl,例
ekzempler,册ᴱ
ekzerc,练
ekzil,逐
ekzist,存
ekzistencial,存ᴱᴺ
ekzistencialism,存主义
ekzistencialist,存家
ekzo,外ᴱᶻ
ekzocet,鱼ᴱᴷ
ekzoftalmi,凸眼
ekzogami,外配
ekzogen,外生
ekzorc,驱魔
ekzorciz,驱魔ᴱᶻ
ekzot,异ᴱ
ekzoterm,外热
ekzotik,异ᴱᴷ
el,出
elafr,虫ᴱᶠ
elan,冲ᴱ
elani,鸟ᴱ
elap,蛇ᴱ
elast,弹ᴱ
elastomer,弹链节
elater,虫ᴱᴸ
elateri,瓜ᴱᴸ
elatin,草ᴱᴺ
elatr,虫ᴱᵀ
ele,木ᴱᴸ
eledon,贝ᴱ
elefant,象
elegant,雅ᴱ
elegi,挽歌
elekt,选
elektr,电
elektrod,极ᴱᴸ
elektrodinamism,电力主义
elektrofon,电声
elektrolit,电解
elektroliz,电解ᴱᶻ
elektrometr,电计
elektron,电子
elektronik,电ᴱᴺ
elektroprodukto,电产
elektroskop,电镜
elektrotip,电型
elektrotipi,电型ᴱᴵ
elektrovalent,电价
element,素
eleokarit,草ᴱᴷ
eletari,姜ᴱ
elim,麦ᴱ
elimin,除ᴱᴸ
elips,椭圆ᴱ
elit,优ᴱ
elitr,硬翅
elitrigi,草ᴱᴵ
elize,福ᴱ
elizi,省ᴱ
elode,草ᴱᴸ
elokvent,辩ᴱ
elu,淋ᴱ
eluvi,淋ᴱⱽ
em,倾
eman,散ᴱ
emancip,放
embaras,窘
embarg,禁ᴱ
emberiz,雀ᴱ
emblem,徽ᴱ
embol,栓ᴱ
emboloz,栓症
embri,胚
embrifit,胚植
embrigenez,胚源
embriofit,胚植ᴱᴼ
embriogenez,胚源ᴱᴼ
embriolog,胚学家
embriologi,胚学
embriotomi,胚切ᴱᴼ
embritomi,胚切
embusk,伏
emerit,退
emeritur,退休金
emerĝ,出ᴱᴹ
emetrop,正视ᴱᴹ
emfaz,强ᴱ
emfizem,气肿
emi,血ᴱ
emid,龟ᴱ
emigr,迁ᴱ
emigraci,迁ᴱᶜ
eminent,杰ᴱ
emisi,发ᴱ
emoci,情ᴱ
empen,尾ᴱ
empetr,木ᴱᴹ
empir,验ᴱᴾ
empiri,验ᴱᴹ
empirism,验主义
empirist,验家
emu,鸟ᴱᴹ
emulsi,乳ᴱ
en,内
enantio,映ᴱ
enantiomorf,映形
enantiotrop,映向
encefal,脑ᴱ
encefalalgi,脑痛
encefalit,脑炎
encefalografi,脑志
encefalogram,脑图
encefalopati,脑病
enciklopedi,典ᴱ
end,须
endemi,地方
endivi,苦菜
endo,内ᴱᴰ
endoderm,内皮
endogami,内配
endogen,内生
endokard,内心
endokardit,内心炎
endokrin,内分泌
endokrinolog,内分泌学家
endokrinologi,内分泌学
endomorfi,内形
endoplasm,内浆
endoskop,内镜
endosmoz,内渗
endosperm,内种
endoterm,内热
energi,能ᴱ
engaĝ,聘
engraŭl,鱼ᴱᴺ
enigm,谜
enkaŭstik,蜡画
enket,查
enkliz,附ᴱ
enorm,巨ᴱᴺ
enoter,花ᴱ
ensembl,套ᴱ
entel,猴ᴱ
enter,肠ᴱ
enteralgi,肠痛
enterit,肠炎ᴱ
entjer,整ᴱ
entolom,菌ᴱᴺ
entom,虫ᴱ
entomolog,虫学家
entomologi,虫学
entrepren,办ᴱ
entuziasm,热ᴱ
enu,厌
enukle,摘ᴱ
enurez,遗尿
envergur,翼展
envi,羡
envult,咒ᴱ
enzim,酵素
enzimologi,酵素学
epakrid,木ᴱᴾ
ependim,室膜
ependimit,室膜炎
eperlan,鱼ᴱᴾ
epi,表ᴱ
epicentr,表央
epicikl,表环
epidemi,疫
epidemiologi,疫学
epidendr,兰ᴱ
epiderm,表皮
epidiaskop,表通镜
epifenomen,副现象
epifit,表植
epifiz,骨端
epifizit,骨端炎
epigastr,表胃
epigenez,表源
epiglot,表声门
epigraf,表记
epigrafik,表记学
epigram,表字
epik,史诗ᴱᴷ
epilog,后话
epimorfi,表形
epiornit,隆鸟
epipaktid,兰ᴱᴾ
epipaleolitik,后古石学
episkop,主教
epistol,信ᴱ
epiteli,上皮
epiteliom,上皮瘤
epitet,修饰
epitom,概ᴱ
epizod,段ᴱᴾ
epok,纪
epoksi,环氧
epolet,肩章
epope,史诗
er,粒
era,代ᴱ
erar,错
erbi,金ᴱ
erc,矿ᴱ
erekt,勃
ereti,木ᴱᴿ
ergot,麦角
erigeron,菊ᴱᴿ
erik,石南
erinac,猬
eritr,红ᴱ
eritre,草ᴱᵀ
eritren,木ᴱᴺ
eritroblast,红胚
eritrocit,红胞
eritrocitemi,红胞血
eritroksil,木ᴱᴷ
eritroni,猪牙花
eritropoez,红生
eritropoezin,红生素
erizif,菌ᴱᴿ
erizipel,丹毒
ermen,鼠ᴱ
ermit,隐
erod,磨ᴱ
erodi,草ᴱᴿ
erofil,草ᴱᶠ
erot,色ᴱᴿ
erotik,色ᴱ
eroto,色情
erotogen,色生
erotologi,色情学
erotomani,色情狂
erozi,蚀ᴱ
erp,耙
erudici,博ᴱ
erudit,博ᴱᵀ
erupci,喷ᴱ
erupt,喷ᴱᵀ
esamen,蜂群
escept,除
ese,论ᴱ
esenc,质
esk,风ᴱ
eskadron,队ᴱ
eskal,梯ᴱ
eskalator,梯具
eskalon,梯队
eskap,逃ᴱ
eskar,焦疤
eskarp,坡ᴱ
eskort,护ᴱ
eskul,木ᴱˢ
esoter,秘ᴱ
espart,茅
esper,望
esperant,esperant
esplor,探
espoz,展ᴱˢ
esprim,表ᴱˢ
est,是
establ,设ᴱ
estetik,美学
estez,感ᴱ
estezometr,感计
estim,尊
esting,灭
estr,长ᴱ
estrad,讲台
et,小
etap,段
etat,表ᴱᵀ
etaĝ,层
etend,伸
etern,永
eti,因ᴱ
etik,伦
etiked,标ᴱ
etiket,礼ᴱ
etil,乙
etim,源ᴱ
etimolog,源学家
etimologi,源学
etiolog,因学家
etiologi,因学
etlinger,姜ᴱᵀ
etn,族ᴱ
etnograf,族记
etnografi,族志
etnolog,族学家
etnologi,族学
etoksi,乙氧
etos,氛
etuv,炉ᴱ
etuz,伞ᴱ
evaku,疏散
evangeli,福音
event,事ᴱ
eventual,偶ᴱ
evident,显ᴱ
evit,避
evolu,展
evoluci,展ᴱᶜ
evonim,木ᴱ
ezofag,食管
ezofagit,食管炎
ezofagoskop,食管镜
ezofagoskopi,食管镜ᴱᴵ
ezok,鱼ᴱ
eĉ,连
eĝ,棱
eĥ,回
eĥidn,兽ᴱᴴ̂
eĥin,海胆ᴱᴴ̂
eĥinoderm,海胆皮
eĥinokok,虫ᴱᴴ̂
eŝolzi,草ᴱˢ̂
eŭ,良ᴱ
eŭfaŭzi,磷虾
eŭforbi,草ᴱ
eŭfori,欣快
eŭfrazi,草ᴱᶻ
eŭgeni,木ᴱᵁ̆
eŭgenik,优生
eŭkalipt,木ᴱᵀ
eŭkariot,真核
eŭkaristi,圣餐ᴱ
eŭmetrop,正视
eŭpatori,菊ᴱᵁ̆
eŭripterigi,龙ᴱ
eŭritm,良律
eŭrop,eŭrop
eŭroparlament,欧议
eŭropi,金ᴱᵁ̆
eŭtanazi,安乐死
eŭtrof,富养
fab,豆
fabel,童ᶠ
fabl,寓ᶠ
fabrik,厂
fac,面
facet,刻面
faci,颜ᶠᶜ
facil,易
fad,淡
faden,丝ᶠ
faeton,马车ᶠᵀ
fag,树ᶠ
fagocit,吞胞
fagopir,麦ᶠ
fagot,大管
fajenc,陶土
fajf,笛
fajl,磨ᶠ
fajn,精ᶠ
fajr,火
fak,专
faks,传真
faksimil,复ᶠ
fakt,事ᶠ
faktor,因ᶠ
faktur,账ᶠ
fakultat,系ᶠ
fal,落
falang,阵
falanger,兽ᶠᴸ
falangi,蛛ᶠ
falarid,草ᶠᴰ
falaropod,鸟ᶠᴿ
fald,折
falen,虫ᶠᴸ
falenops,兰ᶠ
falk,鹰
fals,伪
falt,皱ᶠ
falun,贝岩
falus,阳具ᶠ
falĉ,收割
falĉator,收割具
fam,名ᶠ
famili,家ᶠ
familiar,熟ᶠ
fanatik,狂ᶠᴺ
fand,熔
fanfar,号角
fanfaron,夸
fantast,幻ᶠˢ
fantazi,幻ᶠ
fantom,幽
far,做
faradiz,电疗
farb,颜ᶠ
faring,咽
faringit,咽炎ᶠ
faringoskop,咽镜
faringoskopi,咽镜ᶠᴵ
farm,租ᶠ
farmaci,药ᶠᶜ
farmak,药ᶠ
farmakolog,药学家
farmakologi,药学
fars,剧ᶠ
fart,体ᶠ
farun,粉
farĉ,填ᶠ
fasad,正面
fasci,筋膜
fascin,魅ᶠ
fask,束
fasm,竹节虫
fason,款
fast,斋
fasĉin,柴束
fat,命ᶠᴬ
fatal,命ᶠ
fav,黄癣
favor,利
faz,相ᶠ
fazan,野鸡ᶠ
fazeol,豆ᶠᶻ
fazeolus,豆ᶠˢ
faĝ,吞ᶠ
faŭk,口ᶠ
faŭl,违规
faŭlt,断层
faŭn,兽相
fe,妖精
febl,弱
febr,烧
februar,二月
feder,联ᶠᴱ
federaci,联ᶠ
federal,联ᶠᴸ
fek,粪ᶠ
fekul,淀粉
fekund,肥
fel,皮ᶠ
feldspat,长石
felis,猫ᶠ
feliĉ,幸
felt,毡
femal,雌
femin,女ᶠᴱ
feminism,女ᶠ
feminist,女家
femur,股ᶠ
fen,焚风
fend,裂ᶠ
fenestr,窗
fenik,木ᶠᴺ
fenikopter,鸟ᶠᵀ
feniks,凤
fenikur,鸟ᶠᴺ
fenomen,现ᶠ
fenomenologi,现学
fenotip,现型
fenugrek,豆ᶠᴺ
fer,铁
ferat,铁盐
ferdek,甲板
feri,假
ferl,收ᶠ
ferm,闭
ferment,酵
fermi,金ᶠ
fero,铁ᶠᴼ
feroc,暴ᶠ
ferocian,铁青
ferolag,伞ᶠ
feromagnet,铁磁
ferut,驮
fervor,热ᶠ
fest,庆
festen,宴
festival,庆ᶠⱽ
feston,花环ᶠ
fet,胎
fetiĉ,物神
fetor,臭
feĉ,渣
feŭd,封ᶠ
fi,卑
fiakr,马车
fianĉ,婚
fiask,败
fiber,鼠ᶠ
fibr,纤
fibrin,纤蛋白
fibrinogen,纤蛋白生
fibrit,纤炎
fibrom,纤瘤
fibroskop,纤镜
fic,藻ᶠᶜ
fid,信ᶠ
fideikomis,信委
fidel,忠
fier,骄
fifr,笛ᶠᶠ
fig,无花果
figur,形ᶠᴳ
fik,操ᶠ
fikari,草ᶠᴵ
fikci,虚ᶠ
fiks,定
fiktiv,虚ᶠᵀ
fikus,榕
fil,儿
filadelf,山梅花
filament,丝ᶠᴸ
filantrop,博爱者
filantropi,博爱
filari,丝虫
filatel,邮ᶠ
filateli,邮ᶠᴵ
file,里脊
fili,支ᶠ
filigran,丝ᶠᴳ
filik,羊齿
filipendul,草ᶠᴾ
filistr,俗ᶠ
film,影ᶠ
filodendr,草ᶠᴺ
filogenez,系源
filolog,爱学家
filologi,爱学
filostom,蝠ᶠ
filozof,哲
filozofi,哲ᶠᴵ
filtr,滤
filum,门ᶠ
fin,终
final,终ᶠᴸ
financ,财
fingr,指
fini,限
finiŝ,终ᶠˢ̂
fint,假ᶠᴺ
fiol,瓶ᶠᴵ
firm,坚
firma,商ᶠ
first,脊ᶠ
fisk,国库
fistulin,菌ᶠᵀ
fit,植ᶠ
fiteŭm,草ᶠᵀ
fitis,鸟ᶠ
fitoftor,菌ᶠᶠ
fitogeografi,植地志
fitolak,草ᶠᴸ
fitoterapi,植疗
fizalid,茄ᶠ
fizi,物理ᶠᴵ
fizik,物理
fiziografi,物理志
fiziolog,生理学家
fiziologi,生理学
fizionomi,相ᶠᴺ
fizioterapi,物理疗
fiŝ,鱼
fjord,峡湾
flag,旗
flagel,鞭ᶠ
flagr,闪ᶠᴳ
flakon,瓶ᶠ
flam,焰
flameng,火烈鸟
flan,蛋奶
flanel,毛绒
flank,侧
flar,嗅
flat,媚
flav,黄
flavin,黄ᶠᴺ
flaŭr,植相
fle,草ᶠ
fleb,脉ᶠ
flebit,脉炎
flebotom,虫ᶠᴮ
flebotomi,脉切
fleg,护ᶠ
flegm,淡ᶠᴸ
fleks,弯
fleksi,屈
flik,补
flirt,飘
flog,木ᶠ
flok,絮
floks,草ᶠᴷ
flor,花
flos,筏
flot,舰
flu,流
flug,飞
fluid,流体
fluks,通量
fluktu,荡ᶠ
fluometr,流计
fluor,气ᶠ
fluoresk,荧光
fluorid,气化
flus,涨
flustr,悄
flut,笛ᶠᴸ
fob,怕ᶠ
fobi,症
focen,兽ᶠ
foir,集ᶠ
foj,次
fojn,干草
fok,海豹
foksen,鱼ᶠᴷ
fokus,焦点
fokusterapi,焦点疗
fol,愚ᶠ
folad,贝ᶠ
fold,槽
foli,叶
folikl,囊ᶠ
foliklit,囊炎ᶠ
foliot,菌ᶠᴸ
folklor,民俗
foment,敷ᶠ
fon,底ᶠᴼ
fond,建ᶠ
fondus,基金
fonem,音位
fonet,音ᶠᴼ
fonetik,音ᶠ
fonetism,音主义
fonetist,音家
foni,声ᶠᴵ
fonograf,声ᶠ
fonogram,声字
fonologi,声学
fonometr,声计ᶠ
fonometri,声测
fonon,声子
fonoskop,声镜
font,泉
fontan,喷泉
for,离
foradendr,木ᶠᴰ
forc,促ᶠ
forges,忘
fork,叉
form,形
formal,形ᶠᴸ
format,版ᶠ
formi,草ᶠᴿ
formiat,形盐
formiil,形基
formik,蚁
formul,式ᶠ
forn,炉
fornel,炉ᶠᴸ
forniks,脑弓
forsiti,木ᶠˢ
forst,林ᶠ
fort,强
fortepian,琴ᶠ
fortik,坚ᶠᵀ
fortres,堡垒
fortun,运ᶠ
fortunel,木ᶠᴿ
forum,坛
forĝ,锻
fos,掘
fosf,磷
fosfat,磷盐
fosfatemi,磷盐血
fosfaturi,磷盐尿
fosfid,磷化
fosfit,磷盐ᶠᴵ
fosfo,磷ᶠᴼ
fosfor,磷ᶠᴿ
fosforesk,磷光
fosforil,磷基
fosili,化石
fost,柱ᶠ
fot,拍
fotel,扶椅
fotogliptik,拍玉雕
fotograf,照
fotografi,拍志
fotogravur,拍刻
fotokemi,光化学
fotokromi,拍色
fotolitografi,拍石志
fotometr,光计
fotometri,光测
foton,光子
fotosfer,光球
fotosintez,光合
fotostat,拍态
fototelegraf,拍远记
fototerapi,光疗ᶠ
fototip,拍型
fototipi,拍型ᶠᴵ
fototropism,光向主义
fotoĉel,光胞
fove,窝ᶠ
frag,果ᶠᴳ
fragari,草ᶠᴳ
fragil,脆
fragment,碎ᶠᴳ
fraj,鱼卵
frajt,货ᶠ
frak,燕尾
frakas,碎
frakci,分ᶠ
fraksinel,草ᶠˢ
frakt,分形
fram,框ᶠ
framason,共济会
framb,果ᶠᴹ
frand,品
frankolin,鸟ᶠᴷ
franĝ,纹ᶠᴺ
frap,敲
frat,兄
fraz,句
frazeologi,句学
fraŭd,诈
fraŭl,单ᶠ
fregat,舰ᶠᴿ
frekvenc,频
frekvencometr,频计
frekvent,访ᶠ
fremd,异
frenez,狂ᶠ
fret,纹ᶠ
frez,削
frezi,草ᶠᶻ
freŝ,鲜
frid,冷ᶠ
fridoterapi,冷疗
frigan,虫ᶠᴿ
frigid,冷ᶠᴳ
frikas,煮ᶠ
fring,燕雀
fripon,骗ᶠ
frit,炸
fritilari,贝母
frivol,轻浮
friz,卷ᶠ
frog,辙叉
frok,袍ᶠ
fromaĝ,酪ᶠ
frond,叶ᶠᴿ
front,前ᶠ
fronton,山花
frost,霜
frot,擦
fru,早
frugileg,鸦ᶠ
frukt,果
fruktolog,果学家
fruktologi,果学
fruktoz,果糖
frunt,额
frustr,挫
ftir,虫ᶠ
ftiz,结核
ftizolog,结核学家
ftizologi,结核学
fuel,燃ᶠ
fuk,藻ᶠ
fukofic,藻藻
ful,缩
fulg,烟灰
fulgor,蜡蝉
fulgoromorf,蜡蝉形
fulm,闪
fulmar,鸟ᶠᴸ
fulmin,轰
fum,烟
fund,底
fundament,基ᶠ
funebr,丧
funel,漏斗
fung,菌
fungicid,菌杀
fungolog,菌学家ᶠ
fungologi,菌学ᶠ
fungus,菌ᶠˢ
funikl,索ᶠ
funkci,功
funt,磅
fuort,堡
furaĝ,饲
furier,军需
furioz,狂ᶠᶻ
furor,热ᶠᴿ
furunk,毒疮ᶠ
furz,屁
fusil,枪
futbal,球ᶠ
futur,未
futurolog,未学家
futurologi,未学
fuz,信管
fuze,引信
fuzi,聚变
fuzulin,虫ᶠᶻ
fuĝ,逃
fuŝ,拙
gad,鱼ᴳᴰ
gadolini,金ᴳᴰ
gage,草ᴳ
gain,套ᴳ
gaj,欢
gajak,愈疮木
gajl,树瘤
gajn,赢
gak,鸣ᴳ
gal,胆
galag,猴ᴳᴸ
galaksi,星系
galang,姜ᴳ
galant,殷勤
galb,凸ᴳ
galbul,鸟ᴳ
galen,方铅矿
galeops,草ᴳᴸ
galer,桨船
galeri,廊ᴳ
galg,豆ᴳ
gali,金ᴳ
galin,鸡ᴳ
galinag,鸟ᴳᴺ
galium,金ᴳᵁ
galon,饰带
galop,驰
galoŝ,套鞋
galvan,电ᴳ
galvanometr,电计ᴳ
galvanoplastik,电塑
galvanoskop,电镜ᴳ
galvanoterapi,电疗ᴳ
gam,阶ᴳ
gamar,虾ᴳ
gamb,腿ᴳ
gamet,配子
gametofit,配子植
gametogenez,配子源
gami,配ᴳ
gang,脉石
gangli,节ᴳ
gangliit,节炎ᴳ
ganglion,节ᴳᴺ
gangren,坏死
gant,手套
gap,呆
garanti,保ᴳ
garaĝ,库ᴳ
garb,束ᴳ
garcini,木ᴳᶜ
gard,守
gardeni,木ᴳᴱ
gargar,漱
gari,木ᴳᴿ
garn,装ᴳ
garnitur,饰ᴳ
garnizon,守ᴳᴺ
garol,松鸦
gas,气ᴳ
gasmetr,气计
gasogen,气生ᴳ
gasometr,气计ᴳᴼ
gast,客
gaster,胃ᴳᴱ
gasteromicet,胃菌
gasteroste,刺鱼
gastr,胃ᴳ
gastralgi,胃痛
gastrektomi,胃除
gastrenterit,胃肠炎
gastrit,胃炎
gastrofil,胃爱
gastrokamer,胃室
gastronom,胃学
gastronomi,烹ᴳ
gastropod,胃足
gastroskop,胃镜
gastroskopi,胃镜ᴳᴵ
gastrospasm,胃抽筋
gastrostomi,胃漏
gastrotomi,胃切
gavi,潜鸟
gavial,鳄ᴳ
gaz,纱ᴳ
gazel,羚ᴳ
gazet,报
gazon,草坪
gaŭlteri,木ᴳᵁ̆
gaŭr,兽ᴳ
gaŭĝ,测ᴳ
ge,双
geastr,菌ᴳ
gehen,狱ᴳ
gej,同性
gejŝ,艺妓
gel,霜ᴳ
gelaten,明胶
gem,玉
gen,生ᴳ
gencian,龙胆
genea,系ᴳ
genealog,系学家
genealogi,系学
gener,生ᴳᴿ
generaci,代ᴳ
general,将ᴳ
generator,发电ᴳ
genetik,遗传
genez,源ᴳ
geni,才
genocid,灭族
genotip,生型
genr,属ᴳ
gent,族ᴳ
genu,膝
geo,地ᴳ
geocentr,地央
geodezi,测地
geodinamik,地力
geofizik,地物理
geograf,地记
geografi,地ᴳᴳ
geokemi,地化学
geokronologi,地时学
geolog,地学家
geologi,地学
geometr,地测ᴳᴱ
geometri,地测
geomorfologi,地形学
geopolitik,地政
geosfer,地球
geosinklinal,地向斜
geoteknik,地技
geoterm,地热
geotermik,地热学
geotropism,地向主义
geotrup,虫ᴳ
gepard,豹ᴳ
gerani,花ᴳ
geriatr,老医
geril,游击
geris,虫ᴳˢ
german,german
germanium,金ᴳᴿ
gesneri,草ᴳᴿ
gest,姿
gibon,猴ᴳ
gigant,巨ᴳ
gilotin,断头
giloŝ,编纹
gimnast,操ᴳᴵ
gimnastik,操ᴳ
gimnazi,校ᴳ
gimnosperm,裸子
gimnot,电鱼
ginek,女ᴳ
ginekolog,女学家
ginekologi,女学
gingiv,牙肉
gingivit,牙肉炎
gink,木ᴳᴷ
ginseng,草ᴳᴳ
gip,鸟ᴳᴾ
gips,石膏
gipsofil,石膏爱
gir,旋
girland,花环
giro,旋ᴳᴼ
giromagnet,旋磁
girometr,旋计
giromitr,菌ᴳᴿ
giroskop,旋镜
gis,铸
gist,酵母
gitar,琴ᴳ
giĉet,窗ᴳ
glac,玻ᴳ
glace,泽
glaci,冰
glaciolog,冰学家
glaciologi,冰学
glad,烫
glan,橡ᴳ
gland,腺
glas,杯
glat,滑ᴳᴬ
glav,剑
glaĉer,冰川
glaŭk,青ᴳ
glediĉi,木ᴳᴸ
glicer,甘油ᴳᶜ
glicerin,甘油
glicerol,甘油ᴳᴸ
glicin,大豆ᴳ
glicine,大豆ᴳᴱ
gliciriz,甘草
glik,糖ᴳᴵ
glikogen,糖原
glikogenogenez,糖原源
glikogenoliz,糖原解
glikol,醇ᴳ
glim,云母
gliptik,玉雕
glir,睡鼠
glis,滑翔
glit,滑
glob,球ᴳ
globin,珠蛋白
globoskop,球镜
globul,血球
globulemi,血球血
globulin,球蛋白
glomerul,球ᴳᴹ
glor,荣
glorioz,草ᴳᶻ
glos,注ᴳ
glosektomi,舌除
glosin,虫ᴳᴺ
glosit,舌炎
glosopterid,草ᴳᴾ
glot,声门
glu,胶
glucid,糖ᴳᶜ
glucini,金ᴳᶜ
gluk,糖ᴳᴸ
glukemi,糖血
glukogenez,糖源
glukoliz,糖解
glukoz,糖ᴳ
glukozemi,糖血ᴳᶻ
glukozuri,糖尿ᴳᶻ
glukuri,糖尿ᴳ
glum,颖
glut,吞
glutam,谷氨
glutamat,谷氨盐
gluten,面筋
gnafali,菊ᴳ
gnet,木ᴳ
gnidi,草ᴳᴺ
gnostik,知ᴳ
gnoz,知ᴳᶻ
gobi,鱼ᴳ
gobius,虾虎
goelet,帆船ᴳ
gofr,压花
gol,球门
golf,湾
goliard,游学
goliat,虫ᴳᴸ
gomb,草ᴳᴹ
gonad,性腺
gondol,舟ᴳ
gong,锣ᴳ
goni,角ᴳ
gonidi,藻ᴳ
goniometr,角计
goniometri,角测
gonokok,淋菌
gonokokemi,淋菌血
gordi,虫ᴳᴿ
goril,猩
gorĝ,喉
gosipi,草ᴳˢ
grac,恩
graci,雅
gracil,纤ᴳ
grad,度
gradient,坡ᴳ
graf,记ᴳ
grafem,字ᴳ
grafi,志ᴳ
grafik,图ᴳ
grafism,记主义
grafit,石墨
grafolog,记学家
grafologi,记学
grafospasm,记抽筋
grajl,雹ᴳ
grajn,粒ᴳ
grak,啼
gram,克
gramatik,语法
gramin,禾
gramofon,图声
granat,榴
grand,大
grandioz,宏
granit,花岗岩
granol,粒ᴳᴼ
granul,粒ᴳᴺ
granulocit,粒胞
granulocitemi,粒胞血
granulom,粒瘤
grapfrukt,果ᴳᴿ
grapl,钩ᴳ
grapol,串
gras,脂
grat,抓
graten,烤ᴳ
gratif,赏ᴳᴿ
gratifik,赏ᴳ
gratifikaci,赏ᴳᶜ
gratiol,草ᴳᵀ
gratul,贺
grav,重ᴳ
graved,孕
gravimetri,重测
graviol,果ᴳᴸ
gravit,引ᴳ
gravitometr,引计
gravitometri,引测
gravur,刻ᴳ
greb,潜鸟ᴳᴿ
greft,嫁接
greg,群ᴳ
gren,谷ᴳ
grenad,手雷
grenat,石榴
gres,牧草
gri,碎粒
grif,狮鹰
grifel,石笔
gril,蟋
grimac,皱ᴳ
grimp,爬ᴳ
grinc,轧
grindeli,菊ᴳᴿ
grip,流感
griz,灰
groc,罗
grop,臀ᴳ
gros,醋栗ᴳ
grosulari,木ᴳˢ
grot,洞ᴳ
grotesk,怪ᴳ
groŝ,分ᴳ
gru,鹤
grum,侍ᴳ
grumbl,诉ᴳ
grumel,块ᴳ
grumiŝam,木ᴳᴹ
grund,土
grundgenez,土源
grundolog,土学家ᴳ
grundologi,土学
grunt,哼ᴳ
grup,团
gruz,砾
guaŝ,水粉
guberni,省ᴳ
gudr,焦油
guf,鸟ᴳᶠ
gujav,果ᴳ
gujdak,贝ᴳ
gulaŝ,煮牛
gum,胶ᴳᴹ
gumigut,藤黄
gurd,摇琴
gust,味
gut,滴
guta,木ᴳᵀ
guvern,教养
guĝ,凿
gvajak,愈疮木ᴳⱽ
gvanak,兽ᴳⱽ
gvaran,木ᴳⱽ
gvardi,卫
gvat,监
gvemul,兽ᴳᴹ
gveril,游击ᴳⱽ
gvid,导
ha,啊
hafni,金ᴴ
hagi,圣ᴴ
hagiograf,圣记
hagiografi,圣志
hajk,短诗
hajl,雹
hak,砍
hal,厅
haladz,臭ᴴ
halebard,矛ᴴ
haliaet,鸟ᴴᴸ
haliker,兽ᴴᴸ
haliĥer,兽ᴴᴴ̂
halo,晕
halofit,草ᴴᶠ
halogen,卤
halogenid,卤化ᴴ
haloo,晕ᴴᴼ
hals,帆索ᴴ
halt,停
halter,哑铃
halucin,幻ᴴ
halucinaci,幻ᴴᶜ
hamamelid,木ᴴᴸ
hamstr,仓鼠
handikap,障ᴴ
hangar,棚库
hant,缠ᴴ
hapal,猴ᴴ
har,毛
hard,硬ᴴ
haring,鱼ᴴ
harmon,谐ᴴᴬ
harmoni,谐ᴴᴿ
harmonik,琴ᴴᴹ
harmonium,风琴
harp,琴ᴴ
harpagofit,草ᴴᴳ
harpal,虫ᴴ
harpun,叉ᴴ
haspel,绕
hast,匆
hat,厌ᴴ
hav,有
haven,港
hazard,偶ᴴ
haĉ,划ᴴ
haĝ,朝拜
haŭl,拉ᴴ
haŭt,皮
he,喂ᴴᴱ
hebet,钝ᴴ
heder,藤
hedizar,豆ᴴ
hedon,乐ᴴ
hedonism,乐主义
hedonist,乐家
hegemoni,霸
hejm,家ᴴ
hejt,热
heks,六ᴴ
heksa,六ᴴᴬ
heksaedr,六面
heksagon,六角
heksaklor,六氯
heksametr,六米
hektar,公顷
hekto,百ᴴ
hektograf,百记
hektogram,百克
hektolitr,百升
hektometr,百米
hel,亮
helebor,草ᴴᴸ
heli,气ᴴ
heliant,向日葵
helic,螺ᴴᶜ
helik,螺ᴴ
helikoni,草ᴴᴱ
helikopter,直升机
helio,日ᴴ
heliocentr,日央
heliograf,日光镜
heliografi,日光信
heliogravur,日刻
helioskop,日镜
heliostat,日态
helioterapi,日疗
heliotrop,日向
heliotropism,日向主义
helium,气ᴴᴹ
helm,盔ᴴ
helmint,蠕
helmintologi,蠕学
helode,草ᴴᴱᴸ
help,助
hemant,草ᴴᴺ
hemat,血ᴴᵀ
hemati,红胞ᴴ
hematit,矿ᴴ
hematoksil,木ᴴᵀ
hematop,鸟ᴴᴹ
hematopod,血足
hematoz,血症
hemi,半
hemianopsi,半盲
hemiceluloz,半胞糖
hemikrani,半颅
hemiplegi,半瘫
hemipter,半翅
hemisfer,半球
hemiĥord,半脊索
hemo,血ᴴ
hemoliz,血解
hemoragi,出血
hemostaz,血滞
hen,嘶
hepat,肝
hepatik,肝草
hepatit,肝炎
hepta,七ᴴ
heraldik,徽ᴴ
herb,草
herbicid,草杀
hered,继
herez,异端
hermafrodit,两性
hermet,封ᴴᴱ
hermetik,封ᴴ
herniari,草ᴴᴿ
hero,杰
herold,告ᴴ
herpest,兽ᴴᴿ
herpet,泡疹
hesperid,草ᴴᴰ
hesperornit,黄昏鸟
hetajr,妓ᴴ
hetero,异ᴴ
heterodin,外差
heterogamet,异配子
heterogen,异生
heteronomi,他律
heteropter,异翅
heterozigot,异合子
heve,木ᴴ
hezit,犹
heĝ,篱
hiacint,风信子
hiat,隙
hibisk,芙蓉
hibrid,杂ᴴ
hidatid,包虫
hidn,菌ᴴ
hidr,水ᴴ
hidracid,水酸
hidrarg,汞
hidrast,草ᴴᴵᴰ
hidrastid,草ᴴᴵ
hidrat,水合
hidraŭlik,液压
hidrid,氢化
hidroaeroplan,水气划
hidrocefal,水头
hidrodinamik,水力
hidroelektr,水电
hidrofil,水爱
hidrofob,水怕
hidrofobi,水症
hidrofon,水声
hidrogen,水生
hidrogeolog,水地学家
hidrogeologi,水地学
hidrograf,水记
hidrografi,水志
hidrokarbid,水炭子
hidrokarbon,水碳
hidrokarid,草ᴴᴵᴰᴿ
hidrokarit,草ᴴᴬ
hidroker,鼠ᴴ
hidrokotil,伞ᴴ
hidroksi,水氧
hidroksid,水氧化
hidroliz,水解
hidrolog,水学家
hidrologi,水学
hidrometr,水计
hidrometri,水测
hidroplan,水划
hidrosfer,水球
hidrostatik,水静
hidrosulfit,水硫盐
hidroterapi,水疗
hidroterm,水热
hidroĥer,鼠ᴴᴴ̂
hieraci,菊ᴴ
hierarki,级ᴴ
hierarĥi,级ᴴᴴ̂
hieratik,祭ᴴ
hieraŭ,昨
hierodul,庙奴
hieroglif,象形
hif,菌丝
hifolom,菌ᴴᶠ
higien,卫ᴴ
higr,湿ᴴᴳ
higrocib,菌ᴴᴳ
higrofor,菌ᴴᴿ
higrograf,湿记
higrometr,湿计
higrometri,湿测
higroskop,湿镜
hihi,嘻
hikori,木ᴴᴷ
hil,蛙ᴴ
himantop,鸟ᴴᴺ
himantopod,鸟ᴴᴰ
himen,处女膜
himene,木ᴴᴹ
himenomicet,膜菌
himenopter,膜翅
himn,颂
hin,兽ᴴ
hiosciam,茄ᴴᶜ
hipeastr,草ᴴᵀ
hiper,超
hiperbol,曲ᴴ
hiperemi,超血
hiperestez,超感
hiperestezi,超感ᴴᴵ
hiperkrit,超临界
hipermetrop,远ᴴ
hiperonim,超名
hipertensi,超压
hipertrofi,超养
hipn,苔ᴴ
hipnot,催眠
hipnototerapi,催眠疗
hipnoz,催眠ᴴᶻ
hipo,亚
hipocentr,亚央
hipocikl,亚环
hipoderm,亚皮
hipodrom,马道
hipoestez,亚感
hipofe,木ᴴᴾ
hipofiz,垂体
hipogastr,亚胃
hipoglos,亚舌
hipogrif,马狮鹰
hipokastan,木ᴴˢ
hipokaŝtan,马栗
hipokondr,亚软骨
hipokondri,疑病
hipokrit,伪善
hipola,鸟ᴴ
hipoman,木ᴴᴺ
hiponim,亚名
hipopotam,马河
hipostaz,亚滞
hipotalam,亚丘脑
hipotek,抵
hipotenar,亚鱼际
hipotensi,亚压
hipotenuz,斜边
hipotez,亚题
hipoĥondri,疑病ᴴᴴ̂
hips,高ᴴ
hipsipet,鸟ᴴˢ
hipsogram,高图
hipsometr,高计ᴴ
hipsometri,高测ᴴ
hipurid,草ᴴᴾ
hirak,蹄兔ᴴ
hirt,蓬ᴴ
hirud,吸血虫
hirund,燕
his,升ᴴ
hiskiam,茄ᴴ
hist,织ᴴ
histerez,滞ᴴ
histeri,狂ᴴ
histogenez,织源
histolog,织学家
histologi,织学
histori,史
historiograf,史记
historiografi,史志
histrion,丑ᴴ
hiziki,藻ᴴ
ho,喂
hobi,好ᴴ
hodiaŭ,今
hoj,喂ᴴᴶ
hok,钩
hoke,曲棍球
hold,货舱
holk,草ᴴᴷ
holmi,金ᴴᴸ
holo,全ᴴ
holocefal,全头
holoedr,全面
holograf,全记
holografi,全志
hologram,全图
holomorf,全形
holomorfi,全形ᴴᴵ
holost,草ᴴˢ
holoste,硬骨
holoturi,海参
hom,人
homeopati,顺势
homo,同ᴴ
homofon,同声
homogen,同生
homokromi,同色
homologi,同学
homomorf,同形
homomorfi,同形ᴴᴵ
homonim,同名
homopter,同翅
homotet,位似
homoteti,位似ᴴᴵ
homotop,同伦
homotopi,同伦ᴴᴵ
homozigot,同合子
honest,诚
honor,誉
honorari,酬ᴴ
hont,耻
hor,钟
hord,群ᴴ
horde,麦ᴴ
hordelim,草ᴴᴼ
horizont,界ᴴ
horizontal,横
horloĝ,钟ᴴᴸ
hormon,激素
horor,怖ᴴ
horoskop,钟镜
hort,果园
hortikultur,园艺
hospital,医ᴴ
hosti,圣饼
hotel,馆
hu,吓
hub,田ᴴ
huf,蹄
hul,壳ᴴ
hulman,猴ᴴᴸ
hum,腐土
human,仁
humid,湿
humil,谦
humor,情ᴴ
humul,草ᴴᴹ
humur,谐
hund,犬
hup,鸣ᴴ
hur,木ᴴᴿ
hura,万岁
hurd,栅ᴴ
hurl,嚎
ia,某a
ial,某因
iam,某时
iberis,草ᴵᴮ
ibis,鸟ᴵ
icid,杀
id,子
ide,意
ideal,想ᴵᴰ
ident,同ᴵ
ideografi,表意
ideogram,意字
ideolog,意学家
ideologi,观ᴵ
idili,田园
idiom,语ᴵ
idiot,愚ᴵ
idiotism,愚主义
idl,空ᴵ
idol,偶像
idus,鱼ᴵ
ie,某e
iel,某样
ies,某之
ig,使
ignor,忽
igvan,龙ᴵ
igx,成ᴵᴳ
ik,学ᴵ
ikneŭmon,虫ᴵᴷ
ikon,圣像
ikonografi,圣像志
ikonoklast,圣像屑
ikonologi,圣像学
ikonoskop,圣像镜
ikonostaz,圣像滞
iksi,草ᴵ
iksor,木ᴵ
ikt,拍ᴵ
iktio,鱼ᴵᴷ
iktiolog,鱼学家ᴵᴷ
iktiologi,鱼学
iktiosaŭr,鱼龙
il,具
ile,肠ᴵᴸ
ileit,肠炎
ileks,冬青
ili,他们
iliak,盆骨
ilumin,照ᴵ
iluminaci,照ᴵᶜ
ilustr,图ᴵ
iluzi,幻ᴵ
imag,想ᴵ
imagin,成虫
imaginar,虚ᴵ
imanent,内ᴵᴹ
imbecil,痴ᴵ
imit,仿
imortel,草ᴵᴹ
impatient,草ᴵᵀ
imperativ,令ᴵ
imperator,帝ᴵᵀ
imperfekt,未完
imperi,帝
imperial,顶ᴵ
impertinent,放肆
impet,突ᴵ
impetig,脓疮
impetigin,脓疮ᴵᴺ
implic,含ᴵᴹ
implik,缠
impon,威
import,进ᴵ
impost,税
impotent,性无能
impoŝt,拱座
impregn,浸ᴵᴹ
impres,印ᴵ
impresion,印象
impresionism,印象主义
impresionist,印象家
improviz,即兴
impuls,冲
impulsometr,冲计
imun,免
imunologi,免学
in,女
inaŭgur,开ᴵ
incendi,焚
incens,香ᴵ
incest,乱伦
incid,射ᴵ
incident,附ᴵ
incit,惹
inciz,切ᴵ
ind,值
indeks,索
indi,金ᴵ
indic,指ᴵᶜ
indiferent,冷
indig,蓝ᴵ
indign,愤
indik,指ᴵ
indikator,指ᴵᵀ
indium,金ᴵᴹ
individu,个
individual,个ᴵᴸ
individualism,个主义
individualist,个家
indiĝen,土著
indri,猴ᴵ
induk,感ᴵ
indukci,诱ᴵᶜ
indukt,诱ᴵ
induktanc,电感
indulg,饶
industri,业
inerci,惯ᴵ
inert,惰
infan,童
infanteri,步兵
infarkt,梗
infarktogen,梗生
infekt,染
infer,狱
inferenc,推ᴵ
infest,患
infiks,缀ᴵ
infiltr,浸ᴵ
infinit,无ᴵ
infinitezim,微ᴵ
inflaci,胀ᴵ
inflam,炎ᴵ
infloresk,花序
influ,影ᴵ
influenc,感ᴵᶠ
inform,告
infraruĝ,红外
infuz,泡ᴵ
ing,座
ingest,吞ᴵ
inhal,吸ᴵ
inhib,抑ᴵᴺ
inhibici,抑ᴵ
inic,授ᴵ
iniciat,创ᴵᶜ
injekt,注ᴵ
ink,墨
inkandesk,白热
inklin,倾ᴵ
inklud,含ᴵᴰ
inkluziv,含
inkognit,匿
inkrust,嵌ᴵ
inkub,梦魔
inkvizici,审判
inocent,无罪
inocib,菌ᴵ
inokul,种ᴵ
insekt,虫
insekticid,虫杀
insert,插ᴵ
insid,陷
insign,徽
insil,窖藏
insinu,影射
insist,坚ᴵ
inspekt,检ᴵᴺ
inspektor,检ᴵ
inspir,启
instal,装ᴵ
instanc,当局
instig,唆
instinkt,本
instituci,构ᴵ
institut,院ᴵ
instru,教
instrukci,训ᴵ
instruktor,教官
instrument,器ᴵ
insul,岛
insulin,胰岛素
insulinoterapi,胰岛素疗
insult,侮ᴵ
insurekci,叛ᴵ
int,过
intajl,凹雕
integr,全
integral,积分
intelekt,智ᴵ
inteligent,聪
intenc,意ᴵᴺ
intendant,管ᴵ
intens,烈
inter,间
interdikt,禁ᴵ
interes,趣
interez,利ᴵ
interfac,间面
interfer,涉ᴵ
interferometr,涉计
interferometri,涉测
interfon,间声
interlingvist,间语家
interlingvistik,间学
intermit,断ᴵ
intern,内ᴵ
interpelaci,质询
interpol,插ᴵᵀ
interpret,译ᴵ
interpunkci,标点
interstel,间星
interstic,隙ᴵ
interval,间隔
intervju,访ᴵ
intest,肠ᴵ
intim,亲ᴵ
intra,内ᴵᴿ
intrig,谋
introspekt,内省
introvertit,内向
intuici,直觉
inul,菊ᴵ
inund,淹
invad,侵
invalid,残疾
invent,创ᴵ
inventar,盘ᴵ
invers,逆ᴵ
inversi,倒ᴵ
invert,转ᴵ
invest,投资
investitur,任ᴵ
invit,邀
involukr,总苞
inĝenier,技ᴵ
io,某o
iom,某量
ion,离子ᴵ
ip,虫ᴵᴾ
ipek,吐根
ipekakuan,吐根ᴵᴷ
iperit,芥气
ipome,草ᴵᴾ
ir,往
iredent,待收
irid,花ᴵ
iridi,金ᴵᴿ
irigaci,水渠
iris,虹膜
irisektomi,虹膜除
irisit,虹膜炎
irisotomi,虹膜切
irit,恼
iriz,虹
ironi,反ᴵ
isat,草ᴵˢ
iski,坐骨
iskiat,坐神
iskiatalgi,坐神痛
islam,islam
ism,主义
isolep,草ᴵᴼ
ist,家
istm,峡
it,受
iteraci,复ᴵ
iterbi,金ᴵᴮ
itiner,旅程
itri,金ᴵᵀ
iu,某u
iv,能ᴵ
iz,化
izatid,草ᴵᶻ
izatis,兽ᴵ
izo,等ᴵ
izobar,等压
izocianat,等青盐
izodinam,等力
izoelektr,等电
izoglos,等语
izoklin,等斜
izokron,等时
izol,隔
izolepid,草ᴵᴸ
izoleŭcin,等亮
izolmetr,隔计
izomer,异构
izometr,等米
izometri,等测
izomorf,等形
izomorfi,等形ᴵᴵ
izopod,等足
izopropil,等丙
izopter,等翅
izospin,等旋
izostaz,等滞
izoterm,等热
izoton,等调
izotop,同位素
izotrop,等向
izoŝunt,等分流
iĝ,成
iĥtio,鱼ᴵᴴ̂
iĥtiolog,鱼学家
iĥtiosaŭr,鱼龙ᴵᴴ̂
ja,确ᴶ
jabiru,鸟ᴶᴮ
jaborand,木ᴶᴮ
jad,玉ᴶ
jaguar,豹ᴶ
jahurt,酸乳ᴶᴴ
jak,服ᴶ
jakarand,木ᴶᴷ
jakt,艇
jakv,菠萝蜜
jalap,泻块根
jam,已
jamb,抑扬
jambos,木ᴶ
januar,一月
jar,年
jard,码ᴶ
jaroviz,春化ᴶ
jasp,玉ᴶˢ
jaspis,玉ᴶᴾ
jatagan,刀ᴶ
jazion,草ᴶ
jaĥt,艇ᴶᴴ̂
jejun,肠ᴶ
jekci,射ᴶ
jen,这
jes,对ᴶ
jet,喷ᴶ
jing,鸟ᴶ
jod,碘
jodat,碘盐
jodid,碘化
jodil,碘基
jodl,假声
jodoform,碘形
jodometri,碘测
jogurt,酸乳
johimb,木ᴶᴴ
jon,离子
jonosfer,离子球
jor,偏ᴶ
jovial,欢ᴶ
ju,越ᴶ
jubil,喜ᴶ
jubile,庆典
jug,束缚
jugland,核桃
jujub,枣ᴶ
juk,痒
jul,圣诞
juli,七月
jun,幼
jung,套
juni,六月
juniper,杜松
junkr,地主
junt,接ᴶ
jup,裙
jur,法
jurisprudenc,判例
just,公ᴶ
justic,义
jut,黄麻
juvel,宝
juĝ,判
kabal,秘ᴷᴮ
kaban,庐
kabinet,阁ᴷ
kabl,缆
kablogram,缆图
kac,阳具
kacur,木ᴷᶜ
kad,木ᴷᴰ
kadastr,地籍ᴷᴰ
kadavr,尸
kadenc,律ᴷ
kadmi,金ᴷ
kadr,框
kadrat,空铅
kaduk,朽
kaf,kaf
kaguang,兽ᴷᴳ
kahel,瓷砖
kairin,鸟ᴷᴺ
kaj,和ᴷ
kajak,舟ᴷᴶ
kajen,辣ᴷᴶ
kajeput,木ᴷᴶ
kajer,册
kajman,鳄ᴷᴶ
kajut,舱
kak,屎
kakatu,鹦ᴷᴷ
kakeksi,衰ᴷᴷ
kakemon,挂轴
kaki,土黄
kakinok,柿ᴷ
kakofoni,噪ᴷ
kakografi,劣志
kakt,仙人掌
kal,茧
kala,草ᴷᴬ
kalabas,葫芦
kaladi,草ᴷᴰ
kalam,木ᴷᴬᴸᴬ
kalamagrostid,草ᴷᴳ
kalamint,草ᴷᴬᴸ
kalandr,压光
kalate,草ᴷᴱ
kalceolari,草ᴷᶜ
kalci,钙
kalcin,烧ᴷ
kalcitr,踢
kaldron,锅ᴷ
kalejdoskop,万花筒
kalend,初一
kalendar,历
kaleŝ,车ᴷᴸ
kalfatr,填ᴷ
kali,钾
kalibr,径ᴷ
kaliceb,猴ᴷᶜ
kalidr,鸟ᴷᴸ
kaliforni,金ᴷᴸ
kaligraf,书法
kalik,杯ᴷ
kalikot,布ᴷ
kalistegi,旋花
kalitrik,草ᴷᴬᴸᴵ
kalitriks,猴ᴷᵀ
kalitris,木ᴷᴬᴸ
kalk,灰ᴷ
kalkan,跟
kalkul,算
kalkulmetr,算计
kalkulus,结石
kalm,静ᴷᴸ
kalmar,鱼ᴷᴹ
kalorifer,炉ᴷᴸ
kalosom,虫ᴷᴸ
kalot,冠ᴷᴸ
kalson,裤ᴷ
kalt,草ᴷᵀ
kalumni,谤
kalun,木ᴷᴺ
kalv,秃
kalvari,受难
kam,凸轮
kamarad,伴ᴷᴿ
kambi,汇ᴷ
kameciparis,木ᴷᴬᴹᴱ
kamel,驼
kameleon,变色龙
kameli,茶ᴷ
kamemel,菊ᴷᴸ
kamemor,草ᴷᴬᴹ
kamen,炉ᴷ
kamer,室ᴷ
kamera,摄
kamerops,木ᴷᴬᴹ
kamfor,樟
kamion,车ᴷ
kamomil,甘菊
kamp,田
kampanj,役ᴷ
kamufl,伪ᴷ
kan,苇
kanab,麻
kanacikad,蝉ᴷ
kanajl,恶棍
kanal,渠
kanaliz,渠化
kanalizaci,渠ᴷᶻ
kanang,木ᴷᴳ
kanap,长椅ᴷ
kanari,雀ᴷ
kancelari,办公
kancelier,首相
kancer,癌
kancerogen,癌生
kancerologi,癌学
kand,糖ᴷᴰ
kandel,烛
kandelabr,烛台
kandid,菌ᴷᴺ
kandidat,候
kanel,槽ᴷ
kanguru,袋鼠ᴷ
kanibal,食人
kanin,齿ᴷ
kanis,犬ᴷ
kanistr,罐ᴷ
kanjon,峡ᴷ
kankr,虾
kanon,炮
kanonik,会士
kanoniz,圣ᴷ
kanot,舟ᴷᵀ
kant,唱
kantalup,瓜ᴷᴺ
kantarel,鸡油菌
kantarid,虫ᴷᴺ
kantik,咏ᴷ
kanton,州
kantonment,营ᴷᴺ
kanu,舟ᴷ
kanzon,曲ᴷᴺ
kaolin,瓷土
kaos,混乱
kap,头
kapabl,能ᴷ
kapacit,容ᴷ
kapacitanc,容ᴷᴺ
kape,停ᴷ
kapel,祈堂
kaper,劫
kapilar,毛细
kapital,资
kapitan,长ᴷ
kapitel,柱头
kapitol,议堂
kapitulac,降ᴷ
kapok,木棉
kapor,山柑
kapr,羊ᴷ
kapreol,鹿ᴷ
kapric,任ᴷ
kaprifoli,忍冬
kaprimulg,夜鹰
kapriol,跳ᴷ
kapsik,辣
kapstan,绞盘
kapsul,囊ᴷ
kapt,捕
kapucen,帽ᴷᶜ
kapus,航向
kapuĉ,帽ᴷᴾ
kar,亲
kara,藻ᴷ
karab,虫ᴷᴮ
karaben,马枪
karadri,鸟ᴷᴵ
karaf,瓶ᴷ
karagan,木ᴷᴬᴿ
karak,商舶
karakal,耳猫
karakter,格
karakteriz,特ᴷ
karakterologi,格学
karaktr,字ᴷ
karakul,羊ᴷᴿ
karambol,撞ᴷᴿ
karamel,焦糖
karapac,壳ᴷᴾ
karas,鲤ᴷˢ
karavan,队ᴷ
karb,炭
karbamid,尿素ᴷ
karbid,炭化
karbon,碳
karbonar,烧炭党
karbonat,碳盐
karboni,碳ᴷᴵ
karbonid,碳化
karbonil,碳基
karbunkl,毒疮ᴷ
karbur,碳ᴷᴿ
karburator,碳具
karcer,牢
karcin,虾ᴷᶜ
karcinom,癌ᴷᴿ
kard,刺草
kardamom,姜ᴷᴰ
kardan,万向
kardel,雀ᴷᴿ
kardi,心ᴷᴰ
kardimiopati,心肌病
kardinal,枢机
kardiograf,心记
kardiografi,心记ᴷᴵ
kardiogram,心图
kardioid,心似
kardiolog,心学家ᴷ
kardiologi,心学
kardiopati,心病ᴷ
kardiotomi,心切
kardj,胃门
kardjalgi,胃门痛
kardjotomi,胃门切
kardu,菊ᴷᴰ
karduel,鸟ᴷᴰ
kareks,草ᴷˢ
karen,龙骨ᴷᴿ
karenc,缺ᴷ
kares,抚
karet,龟ᴷᴿ
karg,货ᴷ
kari,蛀牙
karibu,兽ᴷᴿ
karier,职ᴷ
karik,木瓜ᴷ
karikatur,讽
kariljon,钟琴
kariofil,丁香ᴷ
kariokinez,等分ᴷ
karis,假虎刺
karite,木ᴷᵀ
karj,山核桃
karmezin,深红
karmin,洋红
karn,肉ᴷ
karnaval,狂欢
karo,方块
karob,角豆
karoseri,车身
karot,胡萝卜
karoten,萝卜素
karp,鲤
karpel,心皮
kart,卡
kartam,菊ᴷᵀ
kartel,盟ᴷ
kartilag,软骨
kartograf,卡记
kartografi,卡志
karton,板ᴷ
kartoĉ,壳ᴷᵀ
karum,伞ᴷ
kas,库
kasaci,废ᴷ
kased,盒ᴷ
kaserol,锅ᴷˢ
kaset,盒ᴷᵀ
kasi,腊肠树
kask,盔
kaskad,级ᴷˢ
kaskaril,木ᴷᴬˢᴷ
kasked,帽ᴷ
kasket,帽ᴷᵀ
kason,沉箱
kast,种姓
kastane,木ᴷᴬˢ
kastel,城
kastor,河狸
kastr,去势
kasuar,鹤鸵ᴷˢ
kat,猫
katabol,分解
katafor,下指
kataklism,灾ᴷᴷ
katakomb,墓ᴷ
kataliz,催
katalog,录ᴷ
katalp,木ᴷᴬᵀ
kataplasm,膏ᴷ
katapult,射ᴷ
katar,炎
katarakt,白内障
katarant,草ᴷᴬᵀ
katari,草ᴷᴿ
katart,鸟ᴷᴬ
katastr,地籍
katastrof,灾
katedr,座ᴷ
kategori,类ᴷᵀ
katekiz,诲
katen,链ᴷ
kateter,管ᴷ
kateĉu,儿茶
kateĥiz,诲ᴷᴴ̂
katgut,肠线
katiz,压ᴷ
katlej,兰ᴷ
katod,阴
katokal,虫ᴷᵀ
kav,洞
kava,木ᴷⱽ
kavaleri,骑ᴷ
kavalir,士
kavator,洞具
kavern,洞ᴷᴿ
kavi,鼠ᴷ
kaz,例ᴷ
kaze,凝
kazern,营ᴷ
kazu,疑难
kazuar,鹤鸵
kazuaren,木ᴷᴬᶻ
kazuist,疑难家
kaĉ,粥
kaĉalot,鲸ᴷ
kaĝ,笼
kaĥeksi,衰ᴷ
kaĵol,媚ᴷᴶ̂
kaŝ,藏
kaŝtan,栗
kaŭci,保ᴷ
kaŭkalid,伞ᴷᵁ̆
kaŭlerp,藻ᴷᵁ̆
kaŭpoks,痘ᴷ
kaŭr,蹲
kaŭri,木ᴷᵁ̆
kaŭstik,蚀ᴷᵁ̆
kaŭter,灼
kaŭteriz,灼化
kaŭz,因ᴷ
kaŭĉuk,胶ᴷ
ke,事
kebab,烤肉
kebraĉ,木ᴷᶜ̂
kegl,柱ᴷᴳ
keir,草ᴷᴵ
kejl,钉ᴷ
keks,饼ᴷˢ
kel,窖
kelicer,钳ᴷ
kelk,些
kelner,侍
keloni,龟ᴷ
kemi,化学
kemiterapi,化学疗
kenomel,木ᴷᴱᴺ
kenopodi,草ᴷᴺ
kep,军帽
kerat,角ᴷᵀ
keratit,角炎
kern,核
kest,箱
kia,何a
kial,何因
kiam,何时
kiang,兽ᴷ
kibic,多嘴
kidnap,拐
kie,何e
kiel,何样
kies,何之
kik,踢ᴷᴷ
kil,龙骨
kilo,千ᴷᴵ
kilobajt,千字节
kilobit,千位
kilocikl,千环
kilogram,千克
kilolitr,千升
kilometr,千ᴷ
kilopod,千足
kilovat,千瓦
kim,聚伞ᴷ
kimer,幻ᴷ
kimon,和服
kin,映
kinet,动ᴷ
kinez,动ᴷᶻ
kinezopati,动病
kinezoterapi,动疗
kinkon,木ᴷᴵᴺ
kinoskop,映镜
kio,何o
kiom,何量
kiral,手ᴷ
kiras,甲
kirl,涡
kiromanci,手相
kironekt,兽ᴷᵀ
kiropraktik,整脊
kirurg,外科
kirurgi,外科ᴷᴵ
kis,吻
kist,囊肿
kitel,罩ᴷ
kiti,鸟ᴷᵀ
kiu,何u
kiv,猴桃
kivi,鸟ᴷ
kiĉ,俗ᴷ
klab,棍
klad,支ᴷ
kladik,支学
kladogenez,支源
klaft,寻ᴷ
klak,响ᴷ
klamidomonad,藻ᴷᴰ
klan,族ᴷ
klap,瓣
klar,清
klarion,嘹
klas,级
klasifik,类
klasik,典
klast,屑
klatr,菌ᴷ
klav,键
klavari,菌ᴷⱽ
klavikl,锁骨
klaĉ,谣
klaŭn,丑ᴷ
klaŭstr,修院ᴷᵁ̆
klaŭz,款ᴷ
kle,谱号
klejstogam,闭花
klem,夹ᴷᴸ
klematit,草ᴷᴸᴱ
klementin,木ᴷᴸᴱ
kleom,草ᴷᴹ
klepto,偷ᴷ
kleptomani,偷狂
kler,文
klerik,教士
klerikal,教权
klerodendr,木ᴷᴸᴱᴿ
klient,客ᴷ
klif,崖
klik,爪ᴷ
klimaks,顶ᴷᴷ
klimat,气候
klimatiz,调ᴷ
klimatolog,气候学家
klimatologi,气候学
klimatoterapi,气候疗
klin,斜
kling,刃
klinik,诊
klinometr,斜计
klip,夹ᴷᴾ
klister,灌
klitocib,菌ᴷᴸ
klitor,阴蒂
klitorektomi,阴蒂除
klitori,豆ᴷ
kliv,裂ᴷᴸ
kliŝ,铸版
kloak,沟ᴷ
klopod,尽
klor,氯
klorat,氯盐
klorel,藻ᴷᴸ
kloremi,氯血
klorid,氯化
kloridemi,氯化血
klorit,氯盐ᴷᴵ
klorofic,绿藻
klorofil,叶绿
klorofit,绿植
kloroform,氯形
kloroz,萎黄
klostr,修院
klozet,厕ᴷ
kloŝ,罩ᴷᴸ
klub,社ᴷ
kluk,咕ᴷᴸ
klupe,鱼ᴷ
kluz,闸
kluzi,木ᴷᶻ
kluĉ,合ᴷᴸ
knab,郎
knal,啪ᴷᴺ
knar,吱
knaŭti,草ᴷᵁ̆
kned,揉
knedlik,面团
knid,刺胞
knik,座屈
knokaŭt,击倒ᴷ
knot,结ᴷᵀ
knut,鞭ᴷ
koagul,凝ᴷᴳ
koaks,焦
koalici,盟ᴷᴸ
kobalt,金ᴷᴮ
kobe,木ᴷᴮ
kobitid,鱼ᴷᴮ
kobold,精灵
kobr,眼镜蛇
kod,码
kodeks,典ᴷᴰ
koder,码元
kodicil,嘱ᴷ
kodon,密码子
koeficient,系数
koendu,兽ᴷᴰ
kofe,木ᴷᶠ
kofr,箱ᴷᶠ
kogn,认ᴷᴳ
koher,贯
kohort,团ᴷᴴ
koincid,巧合
koit,交ᴷ
kojl,结肠
kojlektomi,结肠除
kojlit,结肠炎
kojlostomi,结肠漏
kojon,卵ᴷ
kok,鸡
kokard,徽ᴷ
kokcidi,球虫
kokcinel,虫ᴷᶜ
kokerik,啼ᴷ
koket,媚ᴷ
kokl,木ᴷᴷ
kokle,耳蜗
kokleari,草ᴷᴸ
kokluŝ,百日咳
kokolit,颗石
kokolob,木ᴷᴼᴷ
kokon,茧ᴷᴷ
kokos,椰
kokotraŭst,鸟ᴷᴷ
kokr,奸
koks,股
koksalgi,股痛
koksit,股炎
koksopati,股病
koktel,鸡尾酒
kol,颈
kola,木ᴷᴸ
kolaps,崩
kolapsoterapi,崩疗
kolazion,加餐
kolb,托
kolbas,肠
kole,胆ᴷ
kolecistit,胆囊炎
koleemi,胆血
koleg,伴
kolegi,院ᴷᴸ
kolekt,集
kolektiv,集ᴷⱽ
koler,怒
kolera,霍乱ᴷ
kolerik,怒ᴷᴷ
kolesterin,胆醇ᴷᴺ
kolesterol,胆醇
kolesterolemi,胆醇血
kolibi,菌ᴷᴮ
kolibr,鸟ᴷᴮ
kolier,项链
kolik,绞痛
kolimat,准直
kolimb,潜鸟ᴷ
kolin,胆碱
kolizi,撞
kolob,猴ᴷ
kolocint,药瓜
kolofon,松香
koloid,胶ᴷᴸ
kolokasi,草ᴷᴼᴸ
kolokazi,草ᴷᶻ
kolokint,药瓜ᴷᴷ
kolokv,会ᴷᴸ
kolomb,鸽
kolon,柱ᴷ
kolonel,上校
koloni,殖
kolor,色
kolormetr,色计
kolormetri,色测
kolorometr,色计ᴷᴼ
kolorometri,色测ᴷᴼ
kolos,巨ᴷ
kolostr,初乳
kolport,贩ᴷ
kolubr,蛇ᴷ
kolumn,栏
kolute,木ᴷᴼ
koluzi,谋ᴷᴸ
kolz,油菜ᴷ
kolĉik,秋水仙
kolĥoz,农社
kom,逗
komand,令ᴷ
komandit,令受
komat,昏ᴷᴹ
komatogen,昏生
komb,梳
kombin,合
kombinaci,合ᴷᶜ
kombret,木ᴷᴼᴹ
kombu,藻ᴷᴹ
komedi,剧ᴷ
komelin,草ᴷᴼᴹ
komenc,始ᴷ
koment,评ᴷᴹ
komentari,注ᴷ
komerc,商
komet,扫星
komfort,舒
komifor,木ᴷᴼᴹᴵ
komik,笑ᴷ
komisar,专员
komisi,委ᴷ
komision,委ᴷᴺ
komitat,委ᴷᵀ
komiz,员ᴷ
komoci,震荡
komod,柜ᴷ
kompakt,密ᴷ
kompan,伴ᴷᴼ
kompani,伴ᴷᴹ
kompar,较
komparativ,较ᴷᵀ
kompas,罗盘
kompat,怜
kompendi,概ᴷᴹ
kompens,补ᴷ
kompensator,补具
kompetent,能ᴷᴹ
kompil,编ᴷ
kompiler,编译
kompleks,复ᴷˢ
komplement,补ᴷᴸ
komplet,全ᴷ
komplez,惠
komplic,同谋
komplik,复ᴷᴹ
kompliment,赞ᴷᴹ
komplot,谋ᴷᴹ
kompon,组ᴷ
kompost,排ᴷ
kompot,糖煮
kompozit,菊ᴷᴹ
kompoŝt,堆肥
kompren,解
kompres,敷ᴷ
kompromis,妥协
kompromit,损ᴷ
kompuls,逼
komput,算ᴷᴹ
komun,共ᴷᴹ
komuni,圣餐
komunik,传
komut,换
komutator,换具
kon,认
konced,让ᴷ
koncentr,集ᴷᴺ
koncept,概ᴷ
koncern,涉ᴷ
koncert,奏
koncesi,特许ᴷ
koncili,宗会
koncip,孕ᴷ
konciz,简ᴷ
kondamn,判ᴷ
kondens,凝ᴷᴺ
kondensator,凝具
kondiment,佐
kondiĉ,件
kondolenc,哀
kondor,鸟ᴷᴼ
kondr,软骨ᴷᴺ
kondrektomi,软骨除
kondrit,软骨炎
kondrom,软骨瘤
kondrostom,鱼ᴷᴰ
konduk,导ᴷ
kondukt,导ᴷᵀ
kondut,举ᴷ
koneks,连ᴷˢ
konekt,连ᴷᴺ
konfekci,成衣
konferenc,会ᴷᶠ
konfes,认ᴷᶠ
konfesi,派ᴷ
konfid,信ᴷᴺ
konfidenc,秘ᴷ
konfidenci,秘ᴷᴵ
konfirm,确ᴷ
konfirmaci,坚信礼
konfisk,没收
konfit,糖ᴷ
konflikt,冲ᴷ
konform,合ᴷᴺ
konfront,对质
konfuz,乱
kongel,冻ᴷᴺ
kongest,淤ᴷ
konglomer,团ᴷ
kongr,鱼ᴷᴺ
kongres,会
kongru,合ᴷᴳ
koni,毒参
konik,锥线
koniz,菊ᴷᴺ
konjekt,猜ᴷ
konjugaci,变位
konjunkci,合ᴷᴶ
konjunktiv,结膜
konjunktivit,结膜炎
konjunktur,景气
konk,贝
konkav,凹
konker,克ᴷ
konkir,克ᴷᴵ
konklav,秘会
konklud,结ᴷ
konkologi,贝学
konkord,和合
konkret,具ᴷ
konkub,内缘
konkur,竞
konkurenc,竞ᴷᴺ
konkurs,竞ᴷˢ
konsci,觉
konscienc,良ᴷ
konsekr,献ᴷ
konsekvenc,果ᴷ
konsent,赞ᴷ
konserv,存ᴷ
konservativ,存ᴷᵀ
konsider,虑
konsign,寄ᴷ
konsil,议
konsili,议ᴷᴵ
konsist,成ᴷ
konsistenc,贯ᴷᴺ
konskripci,征兵
konsol,慰
konsolid,草ᴷᴼᴺ
konsonant,辅ᴷ
konspir,谋ᴷ
konstant,恒
konstat,确ᴷˢ
konstelaci,星座
konstern,惊ᴷ
konstip,便秘
konstituci,宪
konstru,建
konsul,领事
konsult,询
konsum,耗
kont,账
kontakt,接
kontant,现ᴷ
kontaĝ,染ᴷ
kontempl,思ᴷ
kontener,箱ᴷᴺ
kontent,满ᴷ
kontest,异议
kontinent,陆
kontingenc,偶ᴷ
kontingent,额ᴷᴺ
kontinu,续ᴷ
kontor,所ᴷ
kontra,反ᴷ
kontraband,走私
kontrah,缩ᴷ
kontrakt,约
kontralt,女低
kontrast,对ᴷˢ
kontraŭ,对
kontribu,贡
kontrici,悔ᴷ
kontrol,检
kontumac,缺席
kontur,廓ᴷ
kontuz,挫伤
konur,鹦ᴷ
konus,锥
konval,铃兰
konvalesk,愈ᴷ
konveks,凸ᴷ
konvekt,对流
konven,适ᴷ
konvenci,约ᴷⱽ
konvers,谈ᴷᴼ
konversaci,谈
konvert,转ᴷ
konverĝ,汇ᴷᴺ
konvikt,判ᴷⱽ
konvink,服ᴷ
konvoj,护ᴷ
konvulsi,抽风
konvulsiterapi,抽风疗
konzol,台ᴷ
kooper,协ᴷᴼ
kooperativ,协
koopt,增补
koordinat,坐标
kopaifer,木ᴷᴼᴾ
kopaiv,木ᴷᴾ
kopal,脂ᴷ
kopi,复ᴷ
kopr,椰干
kopren,菌ᴷᴾ
kopris,虫ᴷᴾ
kopul,交配
kopulaci,配ᴷ
kor,心
koraci,鸟ᴷᶜ
korak,渡鸦
koral,虫ᴷ
koralin,藻ᴷᴺ
koraloriz,兰ᴷᴿ
korb,篮
korbel,托ᴷᴿ
korbikul,贝ᴷᴿ
kord,弦
kordit,弦炎
kordon,带ᴷ
korekt,改
korelaci,相关
korelativ,相关ᴷᵀ
koreops,菊ᴷᴾ
korespond,通
kori,绒膜
koriandr,香菜
koridal,草ᴷᴼᴿ
koridor,廊
korifen,鱼ᴷᴿ
koriks,虫ᴷᴷ
koril,木ᴷᴵ
koriz,炎ᴷᴿ
kork,塞
korkor,草ᴷᴼ
korm,茎叶体
kormofit,茎叶体植
kormoran,鸟ᴷᴹ
korn,角ᴷ
korne,角膜
kornet,短号
kornic,檐
kornik,鸦ᴷᴺ
kornus,木ᴷᴿ
korod,蚀
koroid,脉膜
koroidit,脉膜炎
korol,花冠
koron,日光环
koronari,冠ᴷᴿ
koronariit,冠炎ᴷ
koronel,蛇ᴷᴺ
koronil,豆ᴷᴿ
korp,体
korpulent,胖ᴷ
korpus,军团
korpuskl,粒ᴷ
korsak,兽ᴷˢ
korsar,劫ᴷᴿ
korset,束腰
kort,院
korteks,皮质
kortici,菌ᴷᴿ
kortik,皮ᴷ
kortikoterapi,皮疗
kortikotrop,皮向
kortinari,菌ᴷᴼ
korupt,贿
korus,合唱ᴷ
korv,鸦
korvet,护舰
kosm,宇
kosmetik,妆ᴷ
kosmogoni,宇源
kosmograf,宇记
kosmografi,宇志
kosmolog,宇学家
kosmologi,宇学
kosmonaŭt,宇航
kosmonaŭtik,宇航学
kosmopolit,泛
kosmos,菊ᴷᴼ
kost,费
kostum,装ᴷ
kot,泥
kotiledon,子叶
kotiz,纳
kotlet,排ᴷᵀ
koton,棉ᴷ
koturn,鸟ᴷᴼᵀ
kov,孵
kovert,封
kovr,盖
koĉ,红虫
koĉer,驾ᴷ
krab,蟹
krabl,爬ᴷ
krabr,蜂ᴷ
krad,栅
krajon,笔ᴷ
krajt,蛇ᴷᴿ
krak,啪
kraken,饼ᴷᴷ
kraks,冠鸡
krakt,鸟ᴷᴿᴬ
kramf,抽筋ᴷ
kramp,夹
krampf,抽筋ᴷᴾ
kran,栓
krangon,虾ᴷᴺ
krani,颅
kraniologi,颅学
kraniometri,颅测
krank,曲柄
krasul,厚叶
krat,治ᴷ
krater,坑
kraterel,菌ᴷᵀ
krati,治ᴷᴵ
kravat,领带
kraĉ,吐ᴷ
kraŝ,坠
kre,创
kred,信
kredit,贷
krek,鸟ᴷᴿ
kreks,鸟ᴷˢ
krem,酪
kremaci,火葬
krement,变ᴷ
kreml,城堡
kremometr,酪计
kren,辣根
krenel,垛ᴷ
kreozot,木馏
krep,皱绸
krepusk,昏ᴷ
kres,草ᴷ
krescenti,木ᴷᴿᴱ
kresk,育
kresp,饼ᴷ
krest,冠ᴷˢ
kret,白石
kreten,痴ᴷ
krev,裂ᴷ
kri,叫
kribr,筛
kril,虾ᴷᴿ
krim,罪ᴷᴿ
kriminal,刑
krimolog,罪学家
krimologi,罪学
krin,颈毛
krinum,草ᴷᵁ
krio,冻
kriogenik,冻生学
kriometri,冻测
krioskopi,冻镜
kriostat,冻态
krioterapi,冻疗
kripl,残ᴷᴾ
kript,墓窖
kriptogram,羊齿ᴷ
kriptomeri,木ᴷᴿᴵ
kripton,气ᴷ
kriptonim,墓窖名
krisol,熔锅
krisp,皱ᴷ
kristal,晶
kristalin,晶体
kristalograf,晶记
kristalografi,晶志
krit,临界
kritik,评ᴷ
kritm,伞ᴷᵀ
kriz,危ᴷ
krizantem,菊
krizomel,虫ᴷᴿ
krizop,虫ᴷᶻ
kriĉ,尖叫
krokiz,草ᴷᴷ
krokodil,鳄
krokus,花ᴷ
krom,外
kromat,色ᴷᴿ
kromatin,染色质
kromatografi,色志
kromi,金ᴷᴿ
kromiflav,金黄
kromiil,金基
kromodinamik,色力
kromofotografi,色拍志
kromolitografi,色石志
kromosfer,色球
kromosom,染色体
kron,冠
kronik,慢
kronograf,时记
kronologi,时学
kronometr,时计
kronometri,时测
kronostratigrafi,时层志
krop,食袋
krotalari,豆ᴷᵀ
kroton,草ᴷᴿᴼ
kroz,巡
krozofor,草ᴷᶠ
kroĉ,钩ᴷ
kroĉet,钩ᴷᵀ
kruc,十字
krud,粗
kruel,残
krur,腿
krust,壳ᴷ
krut,陡
kruĉ,壶ᴷ
ksanti,菊ᴷˢ
ksantom,黄瘤
ksantosom,草ᴷˢᴬ
ksen,外ᴷˢ
ksenofob,外怕
ksenofobi,外症
ksenon,气ᴷˢ
kser,干ᴷ
kseroderm,干皮
kserofit,干植
kseroftalmi,干目
kserografi,干志
ksestobi,虫ᴷˢ
ksil,木ᴷ
ksilofon,木声
ksilograf,木记
ksilografi,木志
ksiloste,木ᴷˢᴵ
ksiloz,木糖
kub,方ᴷ
kubeb,木ᴷᴱ
kubut,肘
kudr,缝
kuf,帽ᴷᶠ
kugl,弹ᴷ
kuir,烹
kuk,糕
kukol,鹃
kuku,鸣ᴷᵁ
kukum,瓜ᴷ
kukumis,瓜ᴷˢ
kukurb,瓜ᴷᴿ
kul,蚊ᴷ
kulan,马ᴷ
kulas,尾ᴷ
kuler,勺
kulinar,烹ᴷᴸ
kulis,幕ᴷ
kulm,茎ᴷ
kulmin,顶ᴷ
kulminaci,顶ᴷᶜ
kulot,短裤
kulp,罪
kult,拜ᴷ
kultiv,栽
kultivator,栽具
kultur,耕
kulvert,暗渠
kumar,木ᴷᴹ
kumarat,木盐
kumul,累ᴷ
kumulus,积ᴷ
kun,共
kunikl,兔ᴷ
kupe,厢ᴷ
kupel,炼
kupl,连ᴷ
kupol,圆顶
kupon,券
kupr,铜
kupres,木ᴷˢ
kur,跑
kurac,医
kurar,箭毒
kurator,监护
kuraĝ,勇
kurb,曲
kurent,电流
kuret,刮匙
kuri,廷
kurier,信使
kurioz,奇ᴷ
kuriterapi,廷疗
kurkuli,象甲
kurkum,姜ᴷ
kurl,鸟ᴷᵁᴿ
kurm,果ᴷᴿ
kurs,课
kursiv,斜ᴷᴿ
kurt,短
kurten,帘
kuruk,鸟ᴷᵁ
kurz,价ᴷ
kus,木ᴷᵁ
kusen,垫
kuskut,草ᴷᵁˢ
kusp,倒
kuspid,尖ᴷ
kut,袍ᴷ
kutim,习
kuv,桶
kuz,堂
kuŝ,躺
kvadrat,方ᴷⱽ
kvadratur,求积
kvak,鸣ᴷᴷ
kvalif,称ᴷⱽ
kvalifik,称ᴷ
kvalit,质ᴷ
kvankam,虽
kvant,量
kvantum,量子
kvar,四
kvaranten,隔ᴷ
kvarc,石英
kvartal,区ᴷ
kvartet,四重
kvartir,营ᴷⱽ
kvasi,木ᴷᴬ
kvast,穗ᴷ
kvaternar,四ᴷᵀ
kvazaŭ,如
kvecal,鸟ᴷⱽ
kver,咕ᴷ
kverel,吵
kverk,橡
kvest,募ᴷ
kvestor,财务官
kvi,静ᴷⱽ
kviet,静ᴷ
kvik,麦草
kvin,五
kvit,偿
kvitanc,证ᴷ
kvivit,鸣ᴷ
kvocient,商ᴷⱽ
kvorum,足数
kvot,额ᴷ
lab,皱胃
labi,唇ᴸᴮ
labial,唇ᴸᴸ
labil,易变
labirint,迷宫
labor,劳
laboratori,实验室
labr,鱼ᴸ
labrak,鱼ᴸᴷ
labrusk,草ᴸᴮ
laburn,木ᴸᴮ
lac,疲
lacert,壁虎
lad,板ᴸ
ladan,香脂
laf,熔岩
lag,湖
lagerstrom,木ᴸᴳ
lagoftalm,兔眼
lagop,鸟ᴸᴳ
lagopod,鸟ᴸᴰ
lagostom,鼠ᴸ
lagotrik,猴ᴸᴳ
lagr,承
lagun,泻湖
laik,俗ᴸ
lak,漆
lakari,菌ᴸ
lake,媚ᴸ
lakmus,石蕊
lakon,简ᴸ
laks,泻
lakt,乳
laktari,菌ᴸᴿ
laktoz,乳糖
laktuk,生菜
lakun,缺ᴸ
lam,跛
lamel,片ᴸᴸ
lamen,片ᴸ
lament,哀ᴸ
lami,野芝麻
laminat,轧ᴸ
lamn,鱼ᴸᴹ
lamp,灯
lampetr,鱼ᴸᴾ
lampir,萤
lamprid,月鱼
lan,毛ᴸ
lanc,矛
lancin,刺ᴸ
land,国
lang,舌
langvor,倦
lani,鸟ᴸ
lant,缓
lantan,金ᴸᴺ
lantern,灯笼
lanug,绒ᴸ
lanĉ,发
lap,菜ᴸᴾ
lapar,腹ᴸ
laparoskopi,腹镜
laparotomi,腹切
lapil,火砾
lapsan,菊ᴸᴾ
lar,鸥ᴸ
lard,脂ᴸ
larg,宽ᴸᴳ
larici,木ᴸᴿ
larik,落松
laring,喉ᴸ
laringit,喉炎
laringolog,喉学家
laringologi,喉学
laringoskopi,喉镜
laringotomi,喉切
larm,泪
larv,幼虫
larĝ,宽
las,留
lasciv,淫ᴸ
laser,激光
last,末
lat,条ᴸ
latent,潜ᴸ
later,边ᴸ
latifundi,庄ᴸ
latimeri,鱼ᴸᵀ
latin,latin
latir,香豌豆
latis,格ᴸ
latitud,纬
latre,草ᴸᵀ
latrin,厕
latun,黄铜
lav,洗
lavandul,草ᴸⱽ
lavang,雪崩
lavend,香草
lavsoni,木ᴸⱽ
laz,套ᴸ
lazaret,检疫院
lazur,蓝ᴸ
laĉ,带ᴸ
laŭ,按
laŭb,棚ᴸ
laŭd,赞
laŭr,桂ᴸ
laŭrenci,金ᴸᵁ̆
laŭs,虫ᴸ
laŭt,响ᴸ
le,背风
leandr,虾ᴸᴺ
lecide,菌ᴸᶜ
lecion,课ᴸ
lecitid,木ᴸᶜ
led,革
leg,读
legac,遗赠
legat,使ᴸ
legend,传ᴸ
legionel,军团菌
legitim,正ᴸ
legom,菜
legumen,豆ᴸ
leguzi,草ᴸᴱ
lek,舔
lekanor,菌ᴸᴺ
lekant,菊ᴸ
lekci,讲ᴸ
leksik,词汇
leksikograf,词汇记
leksikografi,词汇志
leksikolog,词汇学家
leksikologi,词汇学
leksikon,词典
lem,引理
leming,鼠ᴸᴹ
lemn,草ᴸ
lens,镜ᴸᴺ
lensometr,镜计
lentan,五色梅
lentibulari,草ᴸᴵ
lentisk,木ᴸˢ
leon,狮
leontodon,菊ᴸᴺ
leopard,豹ᴸ
lepad,虾ᴸ
lepidi,草ᴸᴾ
lepiot,菌ᴸᴾ
lepist,菌ᴸˢ
lepor,兔
lepr,麻风
lept,虫ᴸᴾ
leptinotars,虫ᴸᴺ
leptocefal,鱼ᴸᶜ
leptospir,菌ᴸᵀ
lern,学
lert,巧
lesiv,碱
letal,死ᴸ
letargi,嗜睡
leter,信ᴸ
lev,举
levator,举具
levistik,伞ᴸ
levkoj,草ᴸᴷ
lez,伤ᴸ
leĝ,律
leĝer,轻
leŭcin,亮ᴸ
leŭcisk,鱼ᴸᵁ̆
leŭkant,菊ᴸᵁ̆
leŭkemi,白血病
leŭko,白ᴸ
leŭkocit,白胞
leŭkoj,草ᴸᵁ̆
leŭkopoez,白生
leŭtenant,尉
li,他
libel,虫ᴸᴮ
liber,自由
liberal,宽ᴸᴮ
libertin,荡ᴸ
libr,书
lic,许ᴸᴵ
lice,校
licen,虫ᴸᶜ
licenc,许ᴸ
licenci,士ᴸ
lici,果ᴸ
lien,脾
lienektomi,脾除
lienit,脾炎
lift,梯
lig,结
ligatur,结扎
lige,草ᴸᴳ
lign,木
ligustr,女贞
lik,漏
liken,地衣
likoperd,菌ᴸᴷ
likopersik,茄ᴸ
likopodi,石松
likv,液
likvesk,潮解
likvid,清ᴸ
likvidambar,木ᴸᴷ
likvor,酒ᴸ
lilak,丁香ᴸ
lili,百合
liliput,微ᴸ
lim,界
limak,蜗牛
limb,叶ᴸᴹ
lime,青柠
limed,甜柠
limet,甜柠ᴸᵀ
limf,淋ᴸ
limfat,淋ᴸᵀ
limfatism,淋主义
limfocit,淋胞
limin,槛ᴸ
limne,贝ᴸ
limon,柠檬
limonad,柠檬水
limoni,草ᴸᴼ
limoz,鸟ᴸᴹ
limul,蟹ᴸ
lin,亚麻
linari,草ᴸᴺ
lind,娇
line,线ᴸᴱ
linear,线ᴸᴿ
lingv,语
lingvistik,学ᴸᴺ
lini,线
liniment,膏ᴸ
link,山猫
linotip,铸排
lintel,梁ᴸ
linĉ,刑ᴸ
lip,唇
lipid,脂ᴸᴾ
lipoliz,脂解
lipom,脂瘤
lipoprotein,脂蛋白
lir,琴ᴸ
lirik,抒
liriodendr,木ᴸᴰ
lisp,咬舌
list,表ᴸ
listel,边ᴸˢ
lit,床
litani,祈ᴸ
liter,字
literatur,文ᴸ
liti,金ᴸ
litiaz,结石ᴸ
litografi,石志
litologi,石学
litops,草ᴸˢ
litorn,鸟ᴸᵀ
litosfer,石球
litoskop,石镜
litosperm,草ᴸᴿ
litotomi,石切
litr,升
litrum,草ᴸᴹ
liturgi,礼拜
liv,左
liver,供ᴸ
livi,鸽ᴸ
livid,青ᴸ
livre,制服ᴸ
liz,解ᴸ
lizin,赖
lizosom,解体
liĉi,荔
liĝe,虫ᴸᴳ̂
ljam,兽ᴸᴶ
lob,叶ᴸ
lobari,菌ᴸᴮ
lobi,游说
lof,迎
lofi,蛤蟆鱼
log,学家
loganber,果ᴸᴳ
logani,草ᴸᴬ
logaritm,对数
logi,学ᴸᴳ
logik,理ᴸ
lojal,忠ᴸ
lok,处
lokal,室ᴸ
lokaliz,位ᴸ
lokomobil,处动
lokomotiv,机车
lokust,蝗ᴸ
lokustel,鸟ᴸᴷ
lol,毒麦
loli,草ᴸᴸ
lombard,当ᴸ
long,长
longan,木ᴸᴺ
longitud,经度
lontan,远ᴸ
lop,翻ᴸ
lorant,木ᴸᵀ
lord,卿
lori,鸟ᴸᴿ
loris,猴ᴸ
lorn,镜ᴸᴿ
lot,签
loteri,彩ᴸ
lotus,莲
loz,散ᴸ
lozanĝ,菱ᴸ
loĝ,住
loĝistik,后勤
lu,租
lubrik,润滑
lucern,灯ᴸᶜ
lucid,明ᴸ
luciol,萤ᴸᶜ
lud,玩
lugr,帆船ᴸ
luk,口ᴸ
lukan,锹甲
lukr,赚
luks,奢
luksaci,脱臼
lukt,搏
lul,摇ᴸ
lum,光
lumb,腰ᴸ
lumbalgi,腰痛
luminesk,荧
lumterapi,光疗
lun,月
lunatik,狂ᴸ
lund,月ᴸᴰ
lup,狼
lupe,镜ᴸ
lupol,蛇麻
lut,焊
luteci,金ᴸᶜ
lutr,兽ᴸ
lutreol,兽ᴸᴸ
luzul,草ᴸᶻ
luĝ,雪车ᴸ
macer,浸ᴹ
macutak,菌ᴹᵀ
madi,菊ᴹ
madrigal,情歌
maduk,木ᴹᴰ
madz,钉头锤
mag,巫
magazen,仓
magazin,刊ᴹ
magi,魔ᴹ
magistr,硕
magistrat,官ᴹ
magm,岩浆
magnet,磁
magnetit,磁铁矿
magnetofon,磁ᴹᶠ
magnetometr,磁计
magneton,磁子
magnetosfer,磁球
magnetoskop,磁镜
magnetostring,磁勒
magnezi,金ᴹᴳ
magnoli,木ᴹᴳ
magnolifit,木植
magnoliofit,木植ᴹᴼ
magot,猴ᴹ
magr,瘦
mahagon,木ᴹᴴ
maiz,玉米
maj,五月
majest,庄严
majn,鸟ᴹ
majstr,师
majuskl,大ᴹ
makadam,碎石
makaon,虫ᴹᴷ
makaroni,管面
makeri,木ᴹᴷ
makis,丛ᴹ
makler,介
makro,宏ᴹ
makrocefal,宏头
makrofag,宏吞
makrokosm,宏宇
makrometr,宏计
makrop,袋鼠
makropod,宏足
makroskop,宏镜
maksim,格言
maksimum,极ᴹ
makul,污
mal,反
malari,疟
malariologi,疟学
malarioterapi,疟疗
male,锤ᴹᴸ
maleol,脚腕
malgraŭ,不顾
malic,恶
malign,恶ᴹᴳ
malt,麦芽
maltoz,麦芽糖
malus,木ᴹˢ
malv,葵
mam,乳ᴹ
mamalgi,乳痛
mamektomi,乳除
mamografi,乳志
mamon,财魔
mamut,巨象
man,手
mancinel,毒苹
mandaren,官ᴹᴺ
mandarin,橘
mandat,委ᴹ
mandril,猴ᴹᴺ
maneĝ,驯马
mang,芒果
mangan,锰
mangifer,木ᴹᶠ
mangl,红树
mangostan,木ᴹᵀ
mangrov,木ᴹⱽ
mani,狂
manier,式
manifest,显ᴹ
manifestaci,示ᴹᶠ
manihot,草ᴹᴴ
manik,袖
manikur,美甲
manilkar,木ᴹᴬ
maniok,薯
manipul,操ᴹᴾ
manipulator,操具
manis,穿山甲
mank,缺
manometr,压计
manovr,操ᴹ
mant,虫ᴹᴺ
mantel,披
manufaktur,造
manuskript,稿
manĝ,食
map,图
mapotek,图包
mar,海
marabut,隐ᴹ
marant,草ᴹᴿ
marasmi,菌ᴹˢ
mard,火ᴹ
margarin,人造油
marin,浸ᴹᴿ
marionet,偶ᴹ
mark,标ᴹ
marketr,嵌
markez,棚ᴹ
marki,疆
markiz,侯ᴹ
markot,压ᴹ
marmelad,果酱
marmit,锅ᴹ
marmor,大理石
marmoz,兽ᴹᴿ
marn,泥灰
marod,偷ᴹ
maroken,软革
maron,栗ᴹ
marsupi,袋ᴹ
mart,三月
martagon,草ᴹᴳ
martel,锤
martes,兽ᴹᵀ
martir,殉
marubi,草ᴹᴮ
marĉ,沼
marĉand,讲价
marĝen,边ᴹ
marŝ,步ᴹ
mas,团ᴹ
masakr,屠ᴹ
masaĝ,摩
mask,罩
maskl,雄
mason,砌
mast,柱
mastik,腻子
mastoid,乳突
mastoidit,乳突炎
mastr,主
masturb,手淫
mat,席
mate,茶ᴹ
matematik,数学
maten,晨
materi,质ᴹ
material,材
matiol,草ᴹᵀ
matrac,垫ᴹ
matriark,母系
matric,型ᴹᵀ
matrikari,菊ᴹᵀ
matrikul,籍
matur,熟
matĉ,赛
mav,恶ᴹⱽ
mazam,兽ᴹᶻ
mazut,重油
maĉ,嚼
maĵor,大ᴹᴶ̂
maŝ,眼
maŝin,机
meandr,蛇ᴹ
mebl,具ᴹ
mecenat,庇ᴹ
medal,牌
medalion,牌ᴹᴺ
medi,境
mediaci,调解
median,中ᴹᴰ
mediastin,纵隔
mediastinit,纵隔炎
medicin,医ᴹ
medikag,牧草ᴹ
medikament,药
mediologi,境学
medit,思ᴹ
medium,媒ᴹ
medol,髓ᴹᴰ
medolektomi,髓除
medolit,髓炎ᴹᴰ
medolopati,髓病ᴹᴼ
medolpati,髓病
meduz,水母
mefit,鼠ᴹᶠ
mega,百万ᴹᴳ
megafon,巨声
megalit,巨石
megalo,巨ᴹ
megalomani,巨狂
megateri,兽ᴹᴳ
megavat,百万瓦
meger,悍妇
megom,兆ᴹ
megommetr,兆计
mehar,赛驼
mejl,里
mejoz,减分
mek,鸣ᴹ
mekan,械ᴹᴷ
mekanik,械
mekanikoterapi,械疗ᴹᴷ
mekanism,械ᴹᴱ
mel,鼠ᴹᴸ
melaleŭk,木ᴹᵁ̆
melan,黑ᴹ
melanemi,黑血
melankoli,郁ᴹ
melanom,黑瘤
melas,糖蜜
meleagr,火鸡
meleagren,贝ᴹᴸ
melis,蜂草
melk,挤
melo,虫ᴹ
melodi,调ᴹ
melodram,剧ᴹ
meloman,乐迷
melon,瓜
melongen,茄ᴹ
melopep,瓜ᴹᴾ
melopsitak,鸟ᴹᴸ
mem,自
membr,员ᴹ
membran,膜
memor,记
memorand,备忘
menci,提
mend,订
mendelevi,金ᴹᴺ
meniant,草ᴹᴱ
mening,脑膜
meningit,脑膜炎
menisperm,草ᴹᴾ
mens,心ᴹ
mensog,谎
menstru,月经
ment,薄荷
menton,下巴
mentor,导师
menu,单ᴹᴱ
mer,链节
mercer,针线
merd,屎ᴹ
meretric,妓ᴹ
meretrik,蛤
merg,沉
mergul,鸟ᴹᴳ
meridian,子午
merin,羊ᴹ
mering,蛋白霜
meringel,蛋白霜ᴹᴸ
merit,值ᴹ
meriz,樱ᴹ
merkat,市ᴹ
merkred,水ᴹ
merl,鸟ᴹᴱ
merluĉ,鱼ᴹᶜ̂
meruli,菌ᴹᴸ
merĝ,鸟ᴹᴿ
mes,祭
mesaĝ,信ᴹ
mesenter,中肠
mesi,救世
mesoenter,中肠ᴹᴼ
mespil,果ᴹˢ
met,置
meta,超ᴹ
metabol,代谢
metacentr,超央
metafaz,超相
metafizik,超物理
metafor,喻ᴹ
metakarp,掌骨
metakarpe,掌骨ᴹᴱ
metal,金ᴹ
metalografi,金志
metalurgi,冶金
metamer,段ᴹ
metamorf,超形
metamorfoz,超形症
metan,沼气
metapsiki,超心
metastabil,超稳
metastaz,超滞
metatars,超足根
metazo,后生
metempsikoz,轮回
meten,亚甲ᴹᴺ
meteo,气ᴹ
meteolog,气学家ᴹ
meteologi,气学ᴹ
meteor,陨
meteorism,陨主义
meteorolog,气学家ᴹᴿ
meteorologi,气学ᴹᴿ
meti,艺ᴹ
metil,甲ᴹ
metilen,亚甲
metod,法ᴹ
metodik,法ᴹᴷ
metodologi,方法学
metoksi,甲氧
metonimi,喻ᴹᴺ
metr,米
metri,测ᴹᵀ
metrik,量ᴹ
metro,地铁
metroksil,木ᴹᴱ
metrologi,米学
metronom,计律
metropol,都
metropoliten,地铁ᴹᴾ
mev,鸥
mez,中
mezant,中ᴹᵀ
mezembriant,草ᴹᶻ
mezenter,中肠ᴹᶻ
mezere,木ᴹᶻ
mezocefal,中头
mezoderm,中皮
mezolitik,中石学
mezomer,共振
mezon,中子
mezur,测
meĉ,芯
meĥan,械ᴹᴺ
meĥanik,械ᴹᴴ̂
meĥanism,械ᴹˢ
meĥanist,械家
meĥaniz,械化
meĥanograf,械记
meĥanografi,械志
meĥanoterapi,械疗
mi,我
miasm,毒气
miaŭ,咪
miceli,菌ᴹᴱ
micen,菌ᴹᴺ
micet,菌ᴹᶜ
micetologi,菌学ᴹᶜ
midriaz,散瞳
midz,舔吸
miel,蜜
mien,容
migal,蛛ᴹ
migdal,扁桃
migr,迁
miit,肌炎
miko,菌ᴹ
mikobakteri,菌菌
mikolog,菌学家
mikologi,菌学
mikoplasm,菌浆
mikoriz,菌ᴹᶻ
mikot,菌ᴹᴵ
mikoz,菌症
mikro,微
mikrob,细菌
mikrobicid,细菌杀
mikrobiologi,微生学
mikrobologi,细菌学
mikrobreĉi,微角砾岩
mikrofilm,微影
mikroflaŭr,微植相
mikrofon,微声
mikrograjn,微粒
mikrokanel,微槽
mikrokok,微菌
mikrokosm,微宇
mikrokredit,微信受
mikrokristal,微晶
mikrolit,微石
mikrometr,微米
mikromezuril,微测具
mikromov,微动
mikroond,微波
mikroorganism,微器主义
mikropipet,微移液
mikroskop,微镜
mikrospor,微胞子
mikrot,鼠ᴹᴷ
mikrotom,微切
miks,混
miksin,鱼ᴹᴷ
mil,千
mild,柔
mile,黄米
mileni,千年
mili,毫ᴹᴵ
miliard,十亿
milic,民兵
miligram,毫克
milimetr,毫
milion,百万
milit,战
militar,军ᴹ
militarism,军主义
militarist,军家
milv,鹰ᴹ
mim,仿ᴹ
mime,印ᴹ
mimeograf,印记
mimik,仿ᴹᴷ
mimoz,含羞
mimul,草ᴹ
min,矿
minac,胁
minc,薄
mincikad,蝉ᴹ
minera,矿ᴹᴵ
mineral,矿ᴹᴿ
mineralog,矿学家
mineralogi,矿学
miniatur,缩ᴹ
minimum,最小
ministeri,部ᴹ
ministr,臣
minor,小ᴹᴿ
minoritat,少数
minus,减
minuskl,小ᴹ
minut,分ᴹ
minutator,分具
miog,姜ᴹ
miokastor,鼠ᴹᵀ
miom,肌瘤
miop,近ᴹ
miopati,肌病
mioz,缩瞳
mir,惊
mirabil,草ᴹᴵ
mirakl,奇ᴹ
miraĝ,幻ᴹ
miria,万
miriametr,万米
miriapod,万足
mirik,木ᴹᴿ
miring,鼓膜
miringit,鼓膜炎
miringotomi,鼓膜切
miristik,木ᴹᴵ
mirmekofag,兽ᴹ
miroksil,木ᴹᴵᴿ
mirt,香桃
mirtel,果ᴹ
mis,误
misgurn,鱼ᴹˢ
misi,使ᴹ
misil,导弹
miso,豆酱
mister,谜ᴹ
mistif,骗ᴹᴵ
mistifik,骗ᴹ
mistik,秘ᴹ
misĥant,草ᴹˢ
mit,神话
miting,会ᴹ
mitolog,神话学家
mitologi,神话学
mitomani,神话狂
mitoz,等分
mitr,冠ᴹ
mitral,机枪
mitrit,冠炎
mitul,蚌ᴹ
mizantrop,厌人
mizer,惨
mizogin,厌女
mjel,髓
mjelit,髓炎
mjelopati,髓病ᴹᴶ
mobil,挂饰
mobiliz,动化
mod,式ᴹᴰ
modal,式ᴹᴸ
model,模
moder,适ᴹ
moderator,适具
modern,现ᴹ
modest,谦ᴹ
modif,改ᴹ
modl,塑ᴹ
modlur,线脚
modul,调ᴹᴰ
mok,嘲
moks,艾
mol,软
mola,鱼ᴹᴸ
molar,臼
moldavik,草ᴹᴰ
mole,堤ᴹ
molekul,分ᴹᴸ
molest,虐ᴹ
moli,木ᴹᴸ
molibden,金ᴹᴸ
molini,草ᴹᴸ
molok,龙ᴹ
moloĥ,龙ᴹᴴ̂
molusk,软体
molv,鱼ᴹⱽ
momant,矩
moment,刻
momordik,瓜ᴹᴹ
mon,钱
monak,僧ᴹᴷ
monard,草ᴹᴺ
monark,君主
monarki,君主ᴹᴵ
monarĥ,君主ᴹᴴ̂
monarĥi,君主ᴹᴼ
monat,月ᴹ
monaĥ,僧
mond,界ᴹ
moned,鸦ᴹ
monili,菌ᴹᴼ
monism,单主义
monist,单家
monitor,监ᴹ
mono,单
monodelf,兽ᴹᴺ
monodor,木ᴹᴼ
monofizit,一性
monogami,单配
monografi,单志
monogram,单字
monokl,镜ᴹ
monoklin,单斜
monokotiledon,单子叶
monokristal,单晶
monokromat,单色
monolit,单石
monolog,单话
monomani,单狂
monomer,单链节
monomorfi,单形
monooksid,单氧化
monopetal,单瓣
monoplan,单划
monopol,垄
monosakarid,单蔗子
monosom,单体
monoteism,单神主义
monoteist,单神家
monotip,单型
monoton,单调
monster,草ᴹᴼ
monstr,怪
mont,山
montenegr,山黑
montr,示
monument,碑
mor,俗
moral,德ᴹ
moratori,延ᴹ
morb,病
mord,咬
morf,形ᴹ
morfem,语素
morfi,形ᴹᴵ
morfogenez,形源
morfologi,形学
morgaŭ,明
morkel,菌ᴹᴷ
mort,死
mortadel,肠ᴹ
morter,浆ᴹ
mortez,卯眼
moru,鱼ᴹ
morus,桑
mosk,香ᴹ
moskit,蚊
most,汁ᴹ
motacil,鸟ᴹᵀ
mote,蛾
motiv,由
motor,动ᴹᵀ
mov,动
moviment,乐章
mozasaŭr,龙ᴹᶻ
moŝt,阁
muar,波纹
mucid,霉ᴹ
mucilag,粘液
mud,蜕
muel,磨
muestr,样ᴹ
muf,套ᴹ
mufl,炉ᴹ
muflon,羊ᴹᶠ
mug,木ᴹᵁ
mugil,鱼ᴹᴳ
muk,粘
mukor,菌ᴹᴿ
mukoz,粘症
muld,型ᴹ
mult,多
multiplik,乘ᴹ
mulĉ,覆ᴹ
mume,梅ᴹ
mumi,干尸
mumps,腮
mung,擦鼻
munici,弹药
municip,市ᴹᴺ
munt,装ᴹ
mur,壁
murd,杀ᴹ
mureks,贝ᴹ
muren,鱼ᴹᴺ
murmur,咕
mus,鼠
musend,木ᴹᴺ
musk,苔
muskarden,鼠ᴹᴿ
muskardin,僵病
muskat,木ᴹ
musked,火枪
musket,火枪ᴹᵀ
muskol,筋
muskoloz,筋症
mustard,芥
mustel,鼠ᴹˢ
mut,哑
mutaci,突变
mutil,残ᴹ
mutual,互ᴹ
muz,诗ᴹ
muze,馆ᴹ
muzel,口鼻
muzik,乐
muĝ,吼
muŝ,蝇
naci,族
nadir,天底
nadl,针
naft,原油
naiv,朴
naj,蛇ᴺ
najbar,邻
najl,钉
najtingal,夜莺
nan,矮
nandin,天竹
nandu,鸟ᴺ
nap,油菜
napalm,凝油
napel,草ᴺ
narak,狱ᴺ
narcis,水仙
nardostaki,草ᴺᴿ
narkot,麻ᴺ
narkotik,麻ᴺᴷ
narkoz,麻ᴺᶻ
narval,鲸ᴺ
nask,生
nasturci,草ᴺᶜ
nasturti,草ᴺˢ
natr,钠ᴺᴬ
natri,钠
natrik,蛇ᴺᵀ
natur,然
natural,自然
naturalism,自然主义
naturalist,自然家
naturaliz,自然化
nav,廊ᴺ
naved,梭
navet,梭ᴺᵀ
navig,航ᴺ
navigaci,航ᴺᶜ
naz,鼻
nazal,鼻ᴺᴸ
nazu,兽ᴺ
naĝ,游
naŭ,九
naŭkrat,鱼ᴺ
naŭl,木ᴺ
naŭpli,虾ᴺ
naŭtik,航ᴺᵁ̆
naŭtil,鹦螺
naŭz,呕
ne,不
nebul,雾
nebuloz,星云
neces,必
nef,云ᴺᶠ
nefometr,云计
nefoskop,云镜
nefr,肾ᴺ
nefrektomi,肾除
nefrit,肾炎
nefrolepid,羊齿ᴺ
nefrologi,肾学
nefropati,肾病
neg,否ᴺᴱ
negaci,否ᴺᶜ
negativ,否
neglekt,忽ᴺ
negliĝ,便袍
negoc,商ᴺ
negr,黑ᴺᴱ
negund,木ᴺᴳ
nek,也不
nekr,死ᴺ
nekrofili,死爱
nekrofor,虫ᴺᴷ
nekrolog,死志
nekromanci,招魂
nekropol,墓ᴺ
nekropsi,检尸
nekroz,死症
nektar,蜜ᴺ
nekton,自游
nelg,不长
nelumb,莲ᴺ
nemakejl,鱼ᴺᴹ
neni,无ᴺ
nenia,无a
nenial,无因
neniam,无时
nenie,无e
neniel,无样
nenies,无之
nenio,无o
neniom,无量
neniu,无u
neo,新ᴺᴱ
neodim,金ᴺᴰ
neofron,鸟ᴺᶠ
neolitik,新石学
neolog,新话
neologism,新ᴺᴸ
neologismem,新话主义倾
neon,气ᴺ
neoplasm,新浆
neoplazi,新生
neoten,幼ᴺ
neoti,鸟巢兰
nep,孙
nepa,虫ᴺ
nepent,草ᴺᴺ
nepet,草ᴺᵀ
nepr,必ᴺᴾ
neptuni,金ᴺᴾ
nere,虫ᴺᴱ
nereid,虫ᴺᴿ
neritik,浅海
nerv,神经
nervologi,神经学
nervoz,躁
nest,巢
net,清ᴺ
nev,侄
neĝ,雪
neŭr,神经ᴺᵁ̆
neŭralgi,神经痛
neŭrasteni,神经弱
neŭrit,神经炎
neŭrokirurgi,神经外科
neŭrolept,安神
neŭrolog,神经学家
neŭrologi,神经学ᴺᵁ̆
neŭrom,神经瘤
neŭropati,神经病
neŭropter,神经翅
neŭrospor,神经胞子
neŭrotrop,神经向
neŭroz,神经症
neŭtr,中ᴺᴱ
neŭtral,中ᴺ
neŭtrin,中微子
neŭtron,中子ᴺ
ni,我们
niel,乌银
nigr,黑
nihil,无ᴺᴴ
nihilism,无主义
nihilist,无家
nikel,金ᴺ
nikotin,烟碱
niks,精ᴺᴷ
niktag,草ᴺᴷ
nikte,鸟ᴺᴷ
nimb,晕ᴺ
nimbus,雨云
nimf,精ᴺ
nimfe,睡莲
nimfomani,精狂
niob,金ᴺᴮ
niobat,金盐ᴺ
nit,钉ᴺᵀ
nitel,藻ᴺ
niton,气ᴺᵀ
nitr,氮
nitrat,氮盐
nitrid,氮化
nitrit,氮盐ᴺᴵ
nitrogen,氮生
nivel,平ᴺ
niz,鹰ᴺ
niĉ,壁凹
nj,女ᴺ
nobel,贵ᴺᴱ
nobeli,金ᴺᴼ
nobl,贵
noc,害
noci,概ᴺ
nod,结ᴺ
nokaŭt,击倒
nokt,夜
nokturn,夜曲
nom,名
nomad,牧ᴺ
nombr,数
nomenklatur,命名
nomi,学ᴺ
nominal,名ᴺᴺ
nominativ,主ᴺ
nopal,草ᴺᴼ
nord,北
norm,范
normal,正ᴺ
nostalgi,怀旧
not,记ᴺ
notakant,刺背
notari,公证
notofag,树ᴺ
notonekt,虫ᴺᵀ
nov,新
nova,新星
noval,荒
novel,篇
novembr,十一月
novic,初ᴺ
noĉ,刻ᴺ
nu,嘿
nuanc,微ᴺ
nub,云
nucifrag,鸟ᴺᶜ
nud,裸
nudel,面ᴺ
nuk,项
nukle,核ᴺ
nuklegami,核配
nukleogami,核配ᴺᴼ
nukleon,核子
nuks,果ᴺ
nul,零
numen,神ᴺ
numeni,鸟ᴺᴹ
numer,号
numeral,数ᴺᴿ
numerator,号具
numulit,钱虫
nun,现
nunci,使ᴺ
nupt,婚ᴺ
nur,仅
nutr,养
obe,服
obez,胖
objekt,物ᴼ
objektiv,客ᴼ
obl,倍
oblat,饼ᴼ
obligaci,务ᴼ
oblikv,斜ᴼ
obscen,淫ᴼ
obsed,缠ᴼ
observ,观
observatori,天文台
obskur,暗ᴼ
obstakl,障ᴼ
obstetrik,产科
obstin,顽ᴼ
obstrukc,障ᴼᴿ
obten,获ᴼ
obtur,堵ᴼ
obturator,堵具
obtuz,钝
obus,弹ᴼ
ocean,洋
oceanografi,洋志
oceanolog,洋学家
oceanologi,洋学
ocel,单眼
ocelot,兽ᴼᶜ
ocim,草ᴼ
od,颂ᴼ
odor,气ᴼ
oestr,发情
ofend,侮
ofensiv,攻ᴼ
ofer,献
ofert,供
ofic,职
oficial,官
oficin,药ᴼ
oficir,军官
ofiur,蛇尾
ofri,兰ᴼᶠ
ofsajd,越位
oft,常
oftalm,目ᴼᶠ
oftalmit,目炎
oftalmolog,目学家
oftalmologi,目学
oftalmometr,目计
oftalmoskop,目镜
oftalmoskopi,目镜ᴼᴵ
ogiv,尖拱
ogr,魔ᴼ
oid,似ᴼ
ojdi,菌ᴼ
ojstr,虫ᴼ
ok,八
okapi,兽ᴼᴷ
okaz,生ᴼ
okcident,西
okcipit,后脑
okluzi,堵ᴼᴷ
okrom,木ᴼᴷ
oks,牛ᴼ
oksi,氧
oksid,氧化
oksigen,氧生
oksiur,虫ᴼᴷ
oksiuricid,虫杀ᴼ
okt,八度ᴼᴷ
okta,八ᴼᵀ
oktaedr,八面
oktant,八分
oktav,八度
oktobr,十月
okul,目
okult,秘ᴼ
okup,占
okupaci,占领
okzal,酸模
ol,比
old,老ᴼ
ole,油
oleometr,油计
oleosom,油体
olfakt,嗅ᴼ
oliban,乳香
oligark,寡头
oligarĥ,寡头ᴼᴴ̂
oligo,寡ᴼ
oligoelement,寡素
oligomer,寡链节
oligoterapi,寡疗
oliv,橄榄
omar,龙虾
omaĝ,敬ᴼ
ombr,影
ombrel,伞
on,分
onagr,马ᴼ
oncidi,兰ᴼᴺ
ond,波
ondatr,鼠ᴼ
ondometr,波计
oni,人ᴼ
oniks,玛瑙
onim,名ᴼ
onk,肿瘤
onkl,叔
onkocerk,盘尾
onkogen,肿瘤生
onkologi,肿瘤学
ononid,豆ᴼ
onopord,菊ᴼ
ont,将
ontogenez,在源
ontologi,存在学
op,组
opal,蛋白石
opci,选ᴼ
oper,歌剧
operac,作战
operaci,操
operator,算子
opi,鸦片
opilion,盲蛛
opini,想
opon,反ᴼ
oportun,便
oposum,鼠ᴼᴾ
opozici,对ᴼ
opres,迫ᴼ
opt,视ᴼ
optik,光学
optim,乐ᴼᴾ
optimism,乐主义ᴼ
optimist,乐家ᴼ
optimum,优ᴼ
optometr,视计
optometri,视测
opul,木ᴼᴾ
opunti,草ᴼᴾ
or,金
orakol,占ᴼᴿ
orangutan,猴ᴼ
oranĝ,橙
orat,金盐
orator,演说
oratori,清唱剧
orbit,轨ᴼ
orcin,兽ᴼᴿ
ord,序
orden,修会
ordin,叙
ordinaci,叙ᴼᶜ
ordinar,普
ordinat,纵标
ordon,令
orel,耳
orf,孤
organ,器ᴼ
organik,有机
organism,器主义
organiz,组ᴼᴿ
organizaci,器化
orgasm,高潮
orgen,琴ᴼ
orgi,纵欲
orgojl,傲ᴼ
oriel,凸窗
orient,东
oriental,东ᴼᴸ
orientalism,东主义
orientalist,东家
orientolog,东学家
orientologi,东学
orific,孔ᴼ
origan,香草ᴼ
origin,源
original,原ᴼ
orikterop,兽ᴼᵀ
orikteropod,兽ᴼᴰ
oriol,鸟ᴼᴸ
oriz,草ᴼᴿ
ork,虎鲸
orkestr,乐ᴼ
orkid,兰
orkide,兰ᴼᴱ
orkidektomi,兰除
orkidit,兰炎
orkidoterapi,兰疗
orl,缝边
orn,木ᴼ
ornam,饰
ornit,鸟ᴼ
ornitogal,草ᴼᴳ
ornitolog,鸟学家
ornitologi,鸟学
ornitopod,鸟足
ornitorink,鸟嘴
orobank,草ᴼᴮ
oronti,草ᴼᴼ
ort,直角
orto,直ᴼ
ortodoks,正统
ortofon,直声
ortogenez,直源
ortografi,拼
ortogram,直图
ortokromat,直色
ortopedi,矫
ortopter,直翅
ortoromb,直角菱
osced,欠ᴼ
oscil,振ᴼ
oscilator,振具ᴼ
oscilograf,振记
osciloskop,振镜
osmer,鱼ᴼ
osmi,金ᴼˢ
osmiat,金盐ᴼˢ
osmoz,渗
osmozmetr,渗计
osmozometr,渗计ᴼᴼ
ost,骨
ostalgi,骨痛
ostaĝ,人质
ostektomi,骨除
osteopati,骨病ᴼᴱ
ostit,骨炎
ostogen,骨生
ostogenez,骨源
ostologi,骨学
ostom,骨瘤
ostopati,骨病
ostotomi,骨切
ostr,蚌
ostrak,陶片
ostrakoderm,陶片皮
ot,待
otalgi,耳痛
otari,兽ᴼ
otit,耳炎
otologi,耳学
otorinolaringologi,耳鼻喉学
otoskop,耳镜
otoskopi,耳镜ᴼᴵ
ov,卵
ovaci,赞ᴼ
oval,椭圆
ovari,卵巢
ovariektomi,卵巢除
ovariit,卵巢炎
ovi,羊ᴼ
ovocit,卵胞
ovogenez,卵源ᴼᶻ
ovogoni,卵源
ovol,卵ᴼᴸ
oz,富ᴼ
ozon,臭氧
ozonometr,臭氧计
ozonterapi,臭氧疗
pac,和
pacienc,忍ᴾ
pacif,和ᴾᶠ
pacifism,和主义
pacifist,和家
pad,径ᴾ
padel,涉ᴾ
paf,射
pag,付
pagaj,划ᴾᴳ
pagan,异ᴾ
pagel,鱼ᴾᴳ
pagod,佛塔
pagr,鱼ᴾᴬ
pagur,蟹ᴾ
pajac,丑ᴾ
pajen,木ᴾᴶ
pajl,草ᴾ
pak,包
paksil,菌ᴾᴷ
pakt,约ᴾ
pal,苍
palac,宫
palakvi,木ᴾᴸ
palanken,轿
palat,口顶
palatin,宫伯
palatit,口顶炎
palavr,议ᴾⱽ
pale,内壳
paled,托盘
palemon,虾ᴾᴸ
paleo,古ᴾ
paleograf,古记
paleografi,古志
paleolitik,古石学
paleont,古ᴾᴺ
paleontolog,古学家ᴾ
paleontologi,古学ᴾ
paleozoik,古生
paletr,调色板
paliativ,缓ᴾ
palis,桩ᴾ
palisandr,木ᴾᴬᴸ
palm,棕
palp,摸
palpebr,目皮
palpebrit,目皮炎
palt,大衣
paludism,疟ᴾ
pamflet,批文
pamp,原ᴾᴾ
pampelmus,果ᴾ
pan,面包
panak,草ᴾᴺ
pand,熊猫
pandal,虾ᴾᴰ
pandan,木ᴾᴺ
pane,瘫
panegir,颂ᴾ
panel,板ᴾᴺ
panic,粟
panik,慌
panikl,圆锥
paniklit,圆锥炎
pankraci,草ᴾᴬᴺ
pankrati,草ᴾᴷ
pankreas,胰ᴾˢ
pankreat,胰
pankreatektomi,胰除
pankreatit,胰炎
pankromat,全色
panope,贝ᴾᴾ
panoram,景ᴾᴺ
pans,敷
pantalon,裤
panteism,全神主义
panteist,全神家
panter,豹
pantofl,拖鞋
pantomim,哑剧
pap,教皇
papag,鹦
papaj,木瓜
papav,草ᴾᴾ
papaver,草ᴾⱽ
papaŭ,木ᴾᴾ
paper,纸
papili,蝶
papilion,蝶ᴾᴺ
papilom,乳头瘤
papir,纸草ᴾᴬ
papirolog,纸草学家
papirologi,纸草学
papirus,纸草
paprik,甜椒
par,偶
parabol,抛
parad,炫
paradiz,天
paradize,极乐鸟
paradoks,悖
paraf,签ᴾ
parafin,石蜡
paralel,并
paralelogram,并图
paraliz,瘫ᴾᴿ
paramagnet,顺磁
paranoj,偏执ᴾ
parantrop,猴ᴾᴺ
parapet,栏ᴾ
parazit,寄生
paraziticid,寄生杀
parazitologi,寄生学
paraŝut,伞ᴾ
parcel,块ᴾ
parcial,部ᴾᶜ
pardon,恕
parenc,亲ᴾ
parentez,括
parez,瘫ᴾᶻ
parfum,香ᴾ
parget,拼ᴾ
pariet,壁ᴾ
parietari,草ᴾᴬᴿ
paris,草ᴾᴿ
park,园ᴾ
parker,背ᴾ
parlament,议ᴾᴸ
parlamentari,军使
parmeli,菌ᴾᴿ
parodi,戏仿
parok,堂区
paroks,极ᴾᴷ
paroksism,极主义
parol,话
paroniki,草ᴾᴵ
parotid,腮腺
parotidit,腮腺炎
paroĥ,堂区ᴾᴴ̂
part,部
parteni,菊ᴾᴺ
partenocis,草ᴾᴬᴿᵀ
parti,党
particip,分词
partikl,粒ᴾ
partikular,私ᴾᵀ
partitur,总谱
partner,伴ᴾ
paru,鸟ᴾ
parvenu,升ᴾⱽ
pas,过ᴾ
pasament,饰带ᴾ
pasat,信风ᴾ
pasaĝer,客ᴾ
pase,过ᴾᴱ
paser,雀ᴾ
pasi,情ᴾˢ
pasiflor,草ᴾᴬˢ
pasiv,被ᴾ
paskvil,批文ᴾˢ
pasport,护照
past,糊
pastel,含片
pastern,系部
pastiĉ,仿ᴾ
pastor,牧ᴾᴼ
pastr,牧ᴾˢ
pat,锅
patat,甘薯ᴾ
patent,特许
pati,情
patienc,草ᴾᴬ
patn,梁ᴾ
patogen,病生
patogenez,病源
patolog,病学家
patologi,病学
patos,情ᴾᵀ
patr,父
patri,父ᴾᴵ
patriark,族长
patric,印ᴾᵀ
patrici,贵ᴾ
patriot,爱国
patrol,巡ᴾ
patrologi,父学
patron,保ᴾ
pav,孔雀
pavez,船壁
pavilon,馆ᴾ
pavim,铺ᴾ
paĝ,页
paĝi,侍ᴾ
paŝ,步
paŝt,牧
paŝtel,淡ᴾ
paŭlini,木ᴾᵁ̆
paŭlovni,木ᴾⱽ
paŭs,复ᴾ
paŭt,翘嘴
paŭz,歇
pec,片
pecaj,草ᴾᶜ
pedagog,教ᴾ
pedagogi,教ᴾᴵ
pedal,踏板
pedali,草ᴾᴰ
pedant,迂
pederasti,童色
pediatr,儿医
pedik,虫ᴾ
pedikular,草ᴾᴱᴰ
pedikur,修脚
pedo,童ᴾ
pedofili,童爱
pedolog,土学家
pedologi,童学
pedunkl,梗ᴾ
peg,啄木
pejotl,草ᴾᵀ
pejzaĝ,景
pek,罪ᴾ
pekan,山核桃ᴾ
pekl,盐浸
pekten,贝ᴾᵀ
pel,驱
pelag,浮ᴾ
pelerin,披ᴾ
pelikan,鸟ᴾᴸ
pelmel,乱ᴾ
pelt,皮ᴾ
pelv,盆
pelvometri,盆测
pemikan,干肉
pen,努
penal,罚ᴾᴸ
pend,挂
pendol,摆
pene,虾ᴾ
penetr,穿ᴾ
penicil,菌ᴾᴺ
penicili,菌ᴾᴵ
penicilin,青霉素
penicilinoterapi,青霉素疗
penik,笔
penis,阴茎
penisit,阴茎炎
pens,思
pense,草ᴾˢ
pensi,养老
pension,宿
pent,悔
penta,五ᴾ
pentagon,五角
pentagram,五图
pentametr,五米
pentr,描
peon,卒
peoni,牡丹
pep,鸣ᴾ
pepon,瓜ᴾ
per,以
percept,觉ᴾ
perd,失
perdrik,鸟ᴾᴰ
pere,亡
perfekt,完
perfid,叛ᴾ
perfor,穿ᴾᶠ
pergamen,羊皮纸
pergol,棚ᴾ
peri,围ᴾ
pericikl,围环
periferi,周边
perifraz,围句
periglaci,围冰
periheli,围日
perikard,围心
perikardi,围心ᴾᴵ
perikardiit,围心炎
perilj,草ᴾᴶ
perimetr,围测
period,期ᴾ
periost,围骨
periskop,围镜
perisore,鸟ᴾˢ
perisperm,围种
perispirit,围灵
peristalt,蠕ᴾ
peritone,腹膜
perk,鱼ᴾ
perkol,浸ᴾ
perkolat,浸被
perkolator,浸具
perkut,撞ᴾ
perl,珠
perlamot,珠层
permanent,恒ᴾ
permanganat,过锰盐
permeabl,穿ᴾᴿ
permes,许
permitiv,介电
permut,换ᴾ
peroksid,过氧化
peron,台ᴾᴿ
peronospor,菌ᴾˢ
perpendikl,垂
perpendikular,垂ᴾᴿ
perpleks,乱ᴾᴿ
perse,木ᴾ
persekut,迫
persien,帘ᴾ
persik,桃
persikari,草ᴾᴱᴿ
persimon,柿
persist,坚ᴾ
person,人ᴾ
perspektiv,望ᴾ
persvad,服ᴾ
perturb,扰ᴾ
perturbograf,扰记
peruk,假发
pervers,邪
perversi,邪ᴾᴵ
perĉ,鱼ᴾᶜ̂
pes,衡ᴾ
pesim,悲ᴾ
pesimism,悲主义
pesimist,悲家
pest,疫ᴾ
pesticid,农药
pet,求
petal,瓣ᴾ
petard,炮ᴾ
petazit,蜂斗菜
petici,求ᴾᶜ
petiol,叶柄
petol,玩ᴾ
petr,岩ᴾ
petrel,鸟ᴾᵀ
petrografi,岩志
petrol,油ᴾ
petrolog,岩学家
petrologi,岩学
petromiz,鱼ᴾᵀ
petrosel,香芹
petroselin,岩伞
petuni,茄ᴾ
pez,重
peziz,菌ᴾ
peĉ,沥青ᴾ
pi,敬ᴾ
piamatr,软膜
pian,琴
pic,饼ᴾ
pice,云杉
pied,足
piedestal,墩ᴾ
piel,肾盆ᴾᴸ
pierid,蝶ᴾᴿ
pieris,蝶ᴾˢ
piet,敬ᴾᵀ
pietat,敬ᴾᴵ
pietism,敬主义
pietist,敬家
pig,鹊
pigment,色素
pigr,懒
pik,刺
piknik,野餐
piktur,描ᴾᴷ
pil,电ᴾ
pilastr,柱ᴾ
pilgrim,拜ᴾ
pilk,球
pilokarp,木ᴾᴷ
pilol,丸
pilon,塔ᴾ
pilor,幽门
pilot,领航
pilozel,菊ᴾᴸ
pilĉard,鱼ᴾᴸ
piment,多香果
pimpinel,伞ᴾᴹ
pin,松
pina,贝ᴾ
pinastr,木ᴾᴿ
pingl,针ᴾ
pingven,企鹅
pingvikul,草ᴾᴵᴺ
pingvin,企鹅ᴾᴵ
pini,松ᴾᴵ
pinikol,鸟ᴾᴷ
pinktad,贝ᴾᴷ
pinofit,松植
pint,尖
pinĉ,掐
pio,脓ᴾᴵ
pioemi,脓血
piogen,脓生
pionir,拓
piore,脓漏
pioĉ,镐
pip,烟斗
piper,椒ᴾᴱ
pipet,移液
pipi,鸟ᴾᴾ
pipistrel,兽ᴾᴾ
pipr,椒
pir,梨
pirakant,木ᴾᴬ
piral,虫ᴾᴿ
piramid,锥ᴾ
piranj,鱼ᴾᴺ
pirat,海盗
piretr,菊ᴾ
pirgeometr,火地计
pirheliometr,火日计
pirit,黄铁矿
piroelektr,火电
pirog,舟ᴾ
pirogajl,火树瘤
pirokorak,鸟ᴾᴵ
pirol,雀ᴾᴿ
piroliz,火解
piromagnet,火磁
pirometr,火计
pirosulfat,火硫盐
pirosulfit,火硫盐ᴾᴵ
piroteknik,火技
piruet,旋ᴾᴿ
pirul,鸟ᴾᴿ
pirus,木ᴾᴵ
pis,尿ᴾ
pist,捣
pistaci,木ᴾᶜ
pistak,开心果
pistil,捣具
pistol,枪ᴾ
pitang,木ᴾᵀ
piteci,猴ᴾ
pitek,猴ᴾᴷ
pitiat,劝愈
piton,巨蛇
pituitari,垂体ᴾ
pivot,旋ᴾ
piz,豌
pizang,蕉ᴾ
pizolit,豌石
piĉ,阴户
piĵam,睡ᴾ
piŝt,活塞
pjel,肾盆
pjelit,肾盆炎
plac,场ᴾ
placent,胎盘
plad,皿
plafon,顶ᴾ
plag,灾ᴾ
plagiat,窃
plak,板ᴾᴷ
plakoderm,板皮
plan,划
pland,足底
plane,翼
planed,星ᴾ
planimetr,平计
planimetri,平测
plank,板
plankton,浮游
plant,植
plantag,车前
plantolog,植学家
plantologi,植学
plasm,浆
plasmogami,浆配
plasmopar,菌ᴾᴹ
plast,塑
plasti,塑ᴾᴸ
plastid,质体
plastik,塑ᴾᴷ
plastr,膏ᴾᴸ
plat,扁
platale,鸟ᴾᴬ
platan,悬铃木
platen,白金
platenat,白金盐
platform,台ᴾᴸ
platiceri,羊齿ᴾᵀ
plazi,生ᴾᴸ
plaĉ,悦
plaĝ,滩
plaŭd,溅
pleb,民ᴾᴸ
plebiscit,公投
pled,辩
plegi,瘫ᴾᴸ
plej,最
plekt,编
plektr,拨
plektrant,草ᴾᴸᴱ
plen,满
plend,诉
pleokro,多色
pleonasm,冗
plet,盘ᴾ
pletor,多血
pleziosaŭr,龙ᴾ
plezur,乐ᴾ
pleŭr,胸膜
pleŭrit,胸膜炎
pleŭronekt,比目鱼
pleŭrot,菌ᴾᵁ̆
pli,更
plint,础
plis,折ᴾ
ploce,鸟ᴾᶜ
ploid,倍ᴾ
plomb,填
plonĝ,潜
plor,哭
plosiv,塞ᴾ
plu,还
plug,耕ᴾ
pluk,摘
plum,羽
plumb,铅
plumbag,草ᴾᴸ
plumbat,铅盐
plumbit,铅盐ᴾᴵ
plur,多ᴾᴿ
plural,复数
plus,加
plute,菌ᴾᴸ
plutoni,金ᴾᵀ
pluv,雨
pluvi,鸟ᴾⱽ
pluvmetr,雨计
pluvometr,雨计ᴾᴼ
pluŝ,绒ᴾ
pneŭmat,气ᴾ
pneŭmatik,气ᴾᴷ
pneŭmon,肺ᴾᴺ
pneŭmonektomi,肺除
pneŭmoni,肺ᴾᴵ
pneŭmonit,肺炎ᴾᴺ
pneŭmonologi,肺学
pneŭmonopati,肺病
po,每
pod,足ᴾᴼ
podagr,痛风
podi,台
podicip,潜鸟ᴾ
podokarp,木ᴾᴰ
poefag,牛ᴾ
poem,诗
poent,点ᴾᵀ
poet,诗ᴾᵀ
poez,生ᴾ
poezi,诗ᴾᶻ
pogostemon,草ᴾᴼᴳ
pojn,腕
pokal,杯ᴾ
polar,极ᴾᴿ
polarimetr,极计
polariz,极化
polarograf,极记
polarografi,极志
polem,战ᴾ
polemik,辩ᴾᴹ
polemolog,战学家
polemologi,战学
polemoni,草ᴾᴹ
polen,粉ᴾᴺ
polenolog,粉学家
polenologi,粉学
polenoz,粉症
poli,多ᴾ
poliant,草ᴾᴼ
polic,警
poliedr,多面
polifoni,多声
poligal,草ᴾᴳ
poligami,多配
poligon,多角
poligonat,草ᴾᴼᴸ
poliklinik,多诊
polikro,多色ᴾᴼ
polikromi,彩ᴾ
polimer,多链节
polimorf,多形
polinukle,多核
poliomjelit,灰髓炎
polip,息肉
poliplektr,鸟ᴾᴼᴸ
poliploid,多倍
polipodi,多足
polipor,菌ᴾᴾ
polipoz,息肉症
polipter,多翅
polis,保单
polisakarid,多蔗子
polistik,羊齿ᴾᴸ
polit,政ᴾᴼ
politeism,多神主义
politeist,多神家
politeknik,多技
politik,政
politikolog,政学家ᴾᴷ
politikologi,政学ᴾᴷ
politolog,政学家
politologi,政学
politrik,多毛
polm,掌
polo,马球
poloni,金ᴾ
poltron,怯ᴾ
polu,污ᴾ
polur,磨ᴾ
polus,极ᴾ
polv,尘
pom,苹
pomad,膏ᴾ
pomolog,苹学家
pomologi,苹学
pomp,豪
ponard,匕
pone,矮马
pont,桥
pontederi,草ᴾᴼᴺ
pontifik,主祭ᴾᴺ
popl,柳ᴾ
poplit,膝窝
popol,民
popular,众
por,为
porcelan,瓷
porci,份ᴾ
pord,门
pore,葱ᴾ
porfir,斑岩
porfiri,鸟ᴾᴼ
porfur,藻ᴾ
pork,猪
porn,淫
pornograf,淫记
pornografi,淫志
port,运
portal,门ᴾᵀ
portik,柱廊
portret,肖
portulak,草ᴾᵁ
porĉ,门廊
posed,有ᴾ
post,后
postament,墩ᴾˢ
posten,岗
postiĉ,伪ᴾᵀ
postul,求ᴾˢ
postulat,求被
pot,壶
potam,河ᴾ
potas,钾碱
potenc,力
potencial,势
potentil,草ᴾᴱ
potiron,瓜ᴾᵀ
pov,能
povr,贫
poz,姿ᴾ
pozici,位ᴾ
pozidoni,草ᴾᶻ
pozitiv,正ᴾ
poĉ,煮
poŝ,袋ᴾ
poŝt,邮
poŭp,船尾
pra,原
pragmat,实ᴾ
prajm,引爆
praktik,践
pralin,仁糖
pram,渡
prav,理
prazeodim,金ᴾᶻ
pre,前ᴾ
precedenc,先例
precedent,先例ᴾᵀ
precip,主ᴾᶜ
precipit,沉ᴾ
preciz,准
pred,猎ᴾ
predik,讲ᴾᴰ
predikat,谓
predikativ,谓能
predikt,预ᴾ
prefekt,督
prefer,宁ᴾ
prefiks,缀ᴾ
preg,压ᴾᴳ
preleg,讲
prelud,前奏
prem,压
premi,奖
premis,前提
premium,费ᴾ
pren,拿
prenantes,菊ᴾᴿ
prepar,备ᴾᴾ
prepost,主祭
prepuci,包皮
preri,草原ᴾ
prerogativ,权ᴾ
pres,印
presbiop,老花
presbit,猴ᴾᴿ
presbiterian,长老
preskaŭ,几
preskrib,规ᴾ
preskript,时效ᴾ
prestidigit,戏法
prestidigitator,戏法员
prestiĝ,威望
presuriz,压ᴾˢ
pret,备
pretekst,借口
pretend,称
preter,过ᴾᴿ
pretor,法官
prevent,防ᴾ
prez,价
prezent,呈
prezerv,存ᴾ
prezid,主ᴾ
prezident,统ᴾ
preĝ,祈
pri,于
prim,质数
primar,原ᴾᴿ
primat,灵长
primatologi,灵长学
primitiv,原ᴾᴹ
primordi,原基
princ,侯
princip,则
print,印ᴾᴺ
printemp,春
prior,院长ᴾ
prism,棱镜
prist,鱼ᴾˢ
privat,私
privilegi,特权
prizon,狱ᴾ
pro,因ᴾ
probabl,概
problem,题ᴾ
proced,办ᴾ
procedur,程ᴾᴰ
procelari,海燕
procent,率
proces,程ᴾᶜ
procesi,列ᴾ
procesor,处理器
procez,程ᴾᶻ
procion,兽ᴾᴿ
prod,杰ᴾ
prodig,慷
produkt,产
profan,俗ᴾ
profaz,前相
profesi,职ᴾ
profesor,授
profet,先知
profil,廓
profilakt,防ᴾᴿ
profilaktik,防ᴾᶠ
profit,利ᴾ
profund,深
prognat,凸ᴾᴳ
prognoz,预测
program,程
progres,进
progresi,进ᴾᴵ
prohib,禁ᴾᴿ
prohibici,禁ᴾ
projekci,射ᴾᴿ
projekciator,射具
projekt,案
prokariot,原核
prokavi,蹄兔
proklam,宣ᴾ
prokliz,附ᴾ
prokrast,延
proksim,近
prokur,代ᴾᴷ
prokuror,检察
prolaps,垂ᴾᴸ
prolet,无产
proletari,无产ᴾᴿ
prolifer,殖ᴾ
prolog,前话
promen,步ᴾᴿ
promes,诺
prometi,金ᴾᴿ
promoci,升ᴾ
promontor,海角
prompt,敏ᴾ
promulg,颁ᴾ
pron,俯
pronel,鸟ᴾᴺ
pronom,代ᴾ
prononc,音
propag,播
propagand,传ᴾ
propedeŭtik,预科
propil,丙
propon,议ᴾ
proporci,比ᴾ
propozici,句ᴾ
propr,己ᴾ
propriet,己ᴾᵀ
propriocept,体感
propuls,推ᴾᴿ
proskrib,逐ᴾ
proskripci,逐ᴾᴾ
prospekt,册ᴾ
prospektor,探矿
prosper,荣ᴾ
prostat,前列腺
prostatektomi,前列腺除
prostatit,前列腺炎
prostitu,妓
prostituci,妓ᴾᶜ
prot,质子
protaktini,金ᴾᴷ
prote,帝王花
proteid,蛋白ᴾᴰ
protein,蛋白
protekt,护ᴾ
protest,抗
protestant,抗ᴾᴺ
protez,假肢
proto,原ᴾᵀ
protokanajl,原恶棍
protokol,录ᴾ
proton,质子子
protoplasm,原浆
protopter,原翅
prototip,原型
protozo,原兽
protrud,凸ᴾ
protuberanc,隆ᴾ
prov,试
proverb,谚
proverbolog,谚学家
proverbologi,谚学
proviant,粮
providenc,神ᴾ
provinc,省ᴾ
provincial,省ᴾᴸ
provincialism,省主义
provirus,前毒
proviz,供ᴾ
provizor,暂
provok,挑
proz,散文
prozelit,改宗
pru,头ᴾ
prud,假正
prudent,慎
prujn,霜ᴾ
prun,李
prunel,野李
prunt,借
prunus,李ᴾˢ
pruv,证ᴾ
psalm,咏ᴾ
pseŭd,伪ᴾˢ
pseŭdo,伪ᴾ
pseŭdoartr,伪节
pseŭdomorf,伪形
pseŭdonim,伪名
pseŭdopod,伪足
psidi,木ᴾˢ
psik,心ᴾˢ
psikedel,迷幻
psikiatr,心医
psikiatri,心医ᴾᴵ
psikolog,心学家
psikologi,心ᴾ
psikopat,心病
psikopati,心病ᴾᴵ
psikoz,心症
psilofit,草ᴾᶠ
psilot,羊齿ᴾˢ
psitak,鹦鹉
psok,咬虫
psokopter,咬虫翅
psor,癣ᴾ
ptarmik,菊ᴾᵀ
pter,翅
pteranodont,龙ᴾᵀ
pteraspid,翼甲
pteraspidmorf,翼甲形
pterid,羊齿ᴾ
pteridofit,羊齿植
pterig,翅ᴾᴳ
pterodaktil,龙ᴾᴰ
pterokarp,木ᴾᴱ
pterokl,鸟ᴾᴱ
pterop,兽ᴾᵀ
pteropod,翅足
ptilonorink,鸟ᴾᵀᴵ
ptoz,垂ᴾᵀ
pub,耻骨
puber,发育
pubi,耻骨ᴾᴵ
pubiotomi,耻骨切
public,公ᴾᶜ
publik,公
pudend,阴部
puding,奶冻
pudl,搅炼
pudor,羞
pudr,粉ᴾᴰ
pudu,兽ᴾ
puerper,产后
puf,胀
pufin,鸟ᴾᶠ
pug,臀
pugn,拳
pukcini,菌ᴾᶜ
pul,蚤
puli,滑轮
pulm,肺
pulmit,肺炎
pulmonari,草ᴾᵁᴸᴹ
pulp,瓤
pulpit,瓤炎
puls,脉ᴾ
pulsatil,草ᴾᵁᴸ
pulul,殖ᴾᴸ
pulv,火药
pulvor,粉ᴾ
pulĉinel,丑ᴾᴸ
pum,砰
pumik,磨ᴾᴹ
pumili,木ᴾᴹ
pump,泵
pun,罚
pund,镑
punik,榴ᴾ
punkci,穿刺
punkt,点
punktur,刺ᴾᴺ
punt,花边
puntili,面子
pup,偶ᴾᴾ
pupil,瞳
pupitr,案ᴾᴾ
pur,纯
pure,泥ᴾ
puritan,清教
purpur,紫
pus,脓
pustul,脓泡
put,井
putin,妓ᴾᵀ
putor,鼠ᴾ
putr,腐
puĉ,政变
puŝ,推
rab,抢
rabarb,大黄
rabat,折ᴿ
rabd,枝ᴿ
rabet,槽ᴿ
rabi,狂ᴿ
rabot,刨
rabotator,刨具
racem,消旋
raci,理ᴿ
racional,理ᴿᴺ
rad,轮
radi,射ᴿ
radial,径ᴿ
radiator,散热
radiestez,射感
radik,根
radikal,彻
radikl,根ᴿᴸ
radiklit,根炎
radioaktiv,射活
radiofon,射声
radiofoni,射声ᴿᴵ
radiofotografi,射拍志
radiograf,射记
radiografi,射志
radiogram,射图
radiolog,射学家
radiologi,射学
radiometr,射计
radioskopi,射镜
radioterapi,射疗
radium,金ᴿ
radius,半径
radon,气ᴿ
rafan,萝卜
rafanistr,草ᴿˢ
rafi,木ᴿᶠ
rafin,精ᴿ
rafinoz,精糖
raflezi,草ᴿᶠ
raj,鱼ᴿ
rajd,骑
rajt,权
rak,架
raked,拍ᴿ
raket,火箭
raki,脊ᴿ
rakialgi,脊痛
rakont,述
ral,秧鸡
ram,撞ᴿ
rambutan,木ᴿᵀ
ramfast,巨嘴鸟ᴿ
ramforink,龙ᴿ
rami,草ᴿᴹ
ramn,木ᴿᴹ
ramonĉ,木ᴿᶜ̂
ramp,爬
rampl,坡道
ran,蛙
ranc,哈喇
rand,边
rang,级ᴿ
rangifer,驯鹿
ranunkol,草ᴿᴺ
ranĝ,调车
rap,萝卜ᴿᴾ
rapid,速
rapidometr,速计ᴿ
rapir,剑ᴿ
raport,报ᴿ
rapunkol,草ᴿᴾ
rar,稀
ras,种ᴿ
rasl,啰音
rasp,粗ᴿ
rast,耙ᴿ
rastr,锄
rat,鼠ᴿ
rati,比ᴿ
ratif,批
ratifik,批ᴿᴷ
rav,醉
ravenal,木ᴿⱽ
ravin,峡ᴿ
raviol,饺
raz,剃
razen,草坪ᴿ
razi,攻ᴿ
raĝ,王ᴿᴬ
raĵa,王ᴿᴶ̂
raŭf,架ᴿᵁ̆
raŭk,沙哑
raŭnd,回合
raŭp,毛虫
raŭvolfi,草ᴿᵁ̆
re,再
rea,美洲鸵
read,草ᴿᴰ
reakci,反应
reaktor,反应堆
real,实
rebus,谜ᴿ
recenz,评ᴿ
recept,方ᴿ
recidiv,复ᴿᶜ
reciprok,互
recit,再引
redakci,部ᴿ
redakt,编ᴿ
redaktor,编ᴿᴿ
redoks,氧减
redukt,减ᴿ
redund,冗ᴿ
redut,垒ᴿᴰ
reel,实ᴿᴱ
ref,缩帆
refer,报ᴿᶠ
referat,报被
referenc,参ᴿ
refleks,反射ᴿˢ
refleksologi,反射学
reflekt,反射
reflektor,镜ᴿ
reformaci,改革
refrakt,折ᴿᶠ
refraktometr,折计
refren,副歌
refut,驳
reg,治
regal,款ᴿ
regeneraci,再生
regent,摄政
regi,治ᴿᴵ
regiment,团ᴿ
region,区
registr,录
reglament,规ᴿᴹ
regn,国ᴿ
regres,退ᴿ
regul,规
regulator,规具
regurgit,反流
rek,单杠
reklam,宣ᴿ
reklamaci,诉ᴿ
rekognosk,侦ᴿ
rekomend,荐
rekompenc,酬
rekord,记ᴿ
rekrement,渣ᴿ
rekrut,征募
rekt,直
rektif,整ᴿ
rektifik,整ᴿᴷ
rektum,直肠
rektumoskop,直肠镜
rektumoskopi,直肠镜ᴿᴵ
rekursi,递归ᴿˢ
rekvizici,征用
rekvizit,道具
rel,轨
relaj,转ᴿᴱ
relajs,转ᴿᴸ
relativ,相
relief,雕ᴿ
religi,宗
relikv,遗物
rem,划ᴿ
rembur,填ᴿ
remi,平局
remit,缓ᴿᴹ
remiz,库ᴿ
remont,补马
remor,鱼ᴿᴹ
remork,拖车
rempar,垒
ren,肾
rendevu,约ᴿ
rendiment,效率
renegat,叛ᴿᴺ
renesanc,复兴
reni,金ᴿᴺ
reniat,金盐ᴿ
renkont,遇
renom,再名
rent,租ᴿ
renvers,翻
reo,流ᴿ
reologi,流学
reostat,流态
repertuar,录ᴿᴾ
replik,驳ᴿᴾ
reporter,记者
reprezali,报复
reprezent,表ᴿ
reprograf,复ᴿᴿ
repudi,离ᴿ
reputaci,名ᴿ
resonanc,共鸣
respekt,敬
respektiv,各
respond,答
respons,责ᴿˢ
respublik,共和
rest,余
restaŭr,复ᴿˢ
restoraci,餐
restrikt,限ᴿ
resum,概ᴿ
resurekt,复活
resurs,资源
resus,猴ᴿ
ret,网
retikul,网ᴿᴷ
retin,网膜
retinit,网膜炎
retinopati,网膜病
retor,辩ᴿ
retorik,修辞
retort,锅ᴿ
retrat,取
retret,退ᴿᵀ
retro,逆
retrospektiv,顾
retuŝ,再触
reum,草ᴿᵁ
rev,幻
revelaci,启ᴿ
revers,翻ᴿⱽ
reviz,审ᴿᴱ
revizi,审
revizor,审ᴿᴿ
revoluci,革ᴿ
revu,刊
rezerv,储
rezid,驻
rezident,驻官
rezidu,余ᴿᶻ
rezign,弃
rezignaci,顺
rezin,脂ᴿ
rezist,抗ᴿ
rezistanc,抗ᴿᴺ
rezoluci,决ᴿ
rezon,推ᴿ
rezult,果ᴿ
rezultat,果被
reĝ,王
reĝim,制
reĝisor,导演
reŭmat,风湿
reŭmatism,风湿主义
reŭmatolog,风湿学家
reŭmatologi,风湿学
rib,醋栗
ribel,叛
ribosom,核糖体
ricel,窝
ricev,收
ricin,麻ᴿ
rid,笑
rif,礁
rifuz,拒
rifuĝ,避ᴿ
rig,索ᴿ
rigard,看
rigid,硬
rigl,栓ᴿ
rigor,严ᴿ
rikan,讥
rikolt,获ᴿ
rikur,递归
rilaks,缓ᴿ
rilat,关
rim,韵
rimark,觉ᴿ
rimed,法ᴿ
rimen,带ᴿ
rimors,悔ᴿ
rin,鼻ᴿ
rinant,草ᴿᵀ
ring,环
rinit,鼻炎
rinocer,犀
rinologi,鼻学
rinoplasti,鼻塑
rinoskopi,鼻镜
rip,肋
ripar,修
ripet,复
riport,报ᴿᴵ
ripoz,休
riproĉ,责
risk,险
risort,弹簧
ristorn,偿ᴿ
rit,仪
ritm,律ᴿ
rival,敌
rivel,揭
river,河
riverenc,拜ᴿ
rivolu,转ᴿ
riz,米ᴿ
rizofor,红树ᴿ
rizokarp,菌ᴿᶻ
rizom,根茎
rizomorf,根形
rizopod,根足
riĉ,富
ro,木ᴿ
rob,袍
robini,木ᴿᴵ
robot,机器人
robur,木ᴿᴮ
rocel,菌ᴿᶜ
rod,啃
rodi,金ᴿᴼ
roj,溪
rojal,王ᴿᴶ
rojalism,王主义
rojalist,王党者
rok,岩
rokcel,菌ᴿᴷ
rol,角ᴿ
roman,小说
romanc,曲ᴿ
romantik,浪漫
romb,菱
romboedr,菱面
romp,破
rond,圆
ronk,哼
ronĝ,啃ᴿᴺ
ror,吼ᴿ
ros,露
rosmaren,香草ᴿ
rosometr,露计
rost,烤ᴿ
rostr,鼻ᴿˢ
rot,队ᴿ
rota,皇院
rotaci,旋ᴿ
rotor,转子
roz,玫
rozari,念珠
ru,浸ᴿ
rub,废
ruband,带ᴿᴮ
ruben,红宝
rubetr,鸟ᴿ
rubi,草ᴿᴮ
rubidi,金ᴿᴮ
rubrik,栏ᴿ
rubus,果ᴿᴮ
rudbeki,菊ᴿ
rudiment,初ᴿ
ruditap,蛤ᴿ
rudr,舵
ruf,赤褐
rugin,刮ᴿ
ruin,废ᴿᴺ
rukul,鸣ᴿ
rul,卷ᴿ
rumeks,草ᴿᴷ
rund,巡ᴿ
rung,横档
rur,乡
rus,rus
rusk,木ᴿˢ
rust,锈
rustik,朴ᴿ
rusul,菌ᴿ
rut,草ᴿ
rutel,鱼ᴿᵀ
rutin,惯
ruz,狡
ruĝ,红
sabat,土ˢ
sabelik,菜ˢ
sabin,杜松ˢ
sabl,沙
sabot,破坏
sabr,刀
sacerdot,祭司
safran,藏红花
sag,矢
sagac,敏
sagitari,草ˢᴳ
sagu,西米
sajmiri,猴ˢ
sak,袋
sakar,蔗
sakarat,蔗盐
sakarid,糖ˢᴰ
sakarometr,蔗计
sakarometri,蔗测
sakaromicet,蔗菌
sakaroz,蔗糖
sake,酒ˢ
sakr,骂
sakral,圣ˢᴷ
sakrament,圣礼
sakrilegi,辱ˢ
sakristi,圣器
saksikol,鸟ˢˢ
sakur,樱ˢ
sal,盐
salajr,薪
salam,腊肠
salamandr,蛙ˢ
salangan,金丝燕
sald,余ˢ
salik,柳
salikat,柳盐
salikok,虾ˢ
salikorni,草ˢᴬᴸ
saliv,唾
salm,鱼ˢᴹ
salmon,鱼ˢᴺ
salon,厅ˢ
salp,海桶
salpetr,硝
salping,卵管
salpingit,卵管炎
salsol,草ˢᴸ
salt,跳
saltier,带ˢ
salubr,健ˢᴸ
salut,问ˢ
salv,齐射
salvelen,鱼ˢᴸ
salvi,鼠尾草
sam,同
sambuk,接骨
samol,草ˢᴹ
sampl,样ˢᴹ
samuraj,武士
san,健
sandviĉ,夹ˢ
sang,血
sangvin,乐ˢ
sangvisorb,草ˢᴮ
sanikl,伞ˢᴺ
sanitar,卫ˢ
sankci,制裁
sankt,圣
sanpaŭli,草ˢᴺ
sansevier,草ˢᴬᴺ
santal,木ˢᴬᴺ
sap,皂
sape,掘ˢ
sapind,木ˢᴰ
saponari,草ˢᴼ
sapor,味ˢ
sapot,人心果
sapr,腐ˢᴿ
saprofit,腐植
saprozo,腐兽
saraceni,草ˢᴵ
sarak,木ˢᴿ
sardin,鱼ˢᴰ
sargas,藻ˢ
sark,耘
sarkasm,讽ˢ
sarkofag,棺ˢ
sarkom,肉瘤
sarkopsil,虫ˢˢ
sarkopt,虫ˢᴿ
sarment,蔓
sasafras,木ˢˢ
sat,饱
satan,魔ˢᵀ
satelit,星ˢᵀ
saten,缎
satir,讽刺
satirus,羊神
satrap,督ˢ
satur,饱ˢᴿ
sature,草ˢᵀ
saturn,土ˢᵀ
saturni,虫ˢᵀ
sav,救
sazank,茶ˢ
saĝ,智
saŭc,酱
saŭr,爬虫
scen,场
sci,知
scienc,科
scil,绵枣儿
scink,龙ˢ
scintil,闪ˢᶜ
scintilografi,闪志
scintilogram,闪图
scintilometr,闪计
scirp,草ˢᶜ
sciur,松鼠
se,若
seb,脂ˢ
sebast,鱼ˢᴮ
secesi,脱
sed,但
sedativ,静ˢᴰ
sediment,沉ˢ
sedimentolog,沉学家
sedimentologi,沉学
seg,锯
segment,段ˢ
segregaci,隔ˢᴳ
seism,震ˢᴱ
seismograf,震记ˢᴱ
seismogram,震图
seismolog,震学家
seismologi,震学ˢᴱ
sek,干
sekal,黑麦
sekant,割ˢᴷ
sekc,切ˢ
sekci,科ˢᴷ
sekestr,查封ˢˢ
seki,瓜ˢ
sekreci,泌
sekret,秘
sekretari,秘ˢᴿ
seks,性ˢ
seksolog,性学家
seksologi,性学
sekstant,六分仪
sekt,派ˢ
sektor,域
sekular,俗ˢ
sekund,秒
sekundar,次ˢ
sekur,安
sekv,随
sekvenc,序ˢ
sekvestr,查封
sekvestraci,查封ˢᶜ
sekvoj,木ˢᴱᴷ
sekvojadendr,木ˢᴶ
sel,鞍
selaginel,羊齿ˢ
selekt,选ˢ
selen,矿ˢ
selenat,矿盐ˢ
selenid,矿化ˢ
selenit,矿盐ˢᴵ
selin,伞ˢᴸ
sem,种
semafor,号ˢᴹ
semajn,周
semekarp,木ˢᴱ
semestr,期ˢ
semi,半ˢ
seminari,研讨
semio,符ˢᴱ
semiologi,符学
sen,无
sena,决明
senat,上院
senc,意ˢ
send,送
senestez,无感ˢ
senil,老ˢ
senjor,主ˢᴺ
sens,感ˢˢ
sensaci,轰动
sensitiv,草ˢⱽ
sensometri,感测
sent,感
sentenc,谚ˢ
sentiment,感ˢᴹ
sentimental,感伤
sep,七
separ,隔ˢᴿ
separat,隔ˢᵀ
sepi,墨鱼
seps,腐ˢ
sepsemi,腐血
sept,隔ˢ
septembr,九月
sepult,葬
ser,血清
seraf,天使ˢ
seran,鱼ˢᴿ
serasalm,鱼ˢˢ
seratul,菊ˢᴿ
seren,宁
serenad,小夜曲
seri,列ˢ
serin,鸟ˢᴿ
seriol,鱼ˢᴱ
serioz,严ˢᴿ
serologi,血清学
seroz,浆膜
serp,割
serpent,蛇
serpentari,鸟ˢᴺ
serpenten,蛇纹石
serpentolog,蛇学家
serpentologi,蛇学
serpil,百里香ˢ
serpul,菌ˢ
serur,锁ˢ
serv,务
serval,兽ˢ
servic,餐具
servir,发球
servut,役
serĉ,寻
serĝent,军士
ses,六
sesdeknaŭ,舔吸ˢ
sesi,会ˢ
sesleri,草ˢˢ
setl,居
seton,引流
sever,严
sezam,芝麻
sezel,伞ˢᶻ
sezon,季
seĝ,椅
sfagn,苔ˢ
sfeg,虫ˢ
sfenisk,企鹅ˢ
sfenodont,龙ˢᶠ
sfer,球ˢ
sferometr,球计
sfigm,脉ˢ
sfigmograf,脉记
sfigmografi,脉志
sfing,天蛾
sfinglipid,天蛾脂
sfinks,狮面
si,己
sial,硅铝
sialogen,唾生
sibarit,享乐
sibl,嘶ˢ
sid,坐
sider,星ˢᴰ
sien,红土
siest,午睡
sieĝ,围ˢ
sifilis,梅毒
sifon,虹吸
sigel,印ˢᴳ
sigilari,草ˢᴵᴳ
sign,符
signal,号ˢ
signatur,签ˢ
signif,意ˢᴳ
signifik,著
signifikanc,著ˢᴺ
sil,仓ˢ
silab,节ˢ
silen,蝇子草
silent,默
silib,菊ˢᴸ
silic,硅
silici,硅ˢᴵ
siliciat,硅盐
siliciid,硅化
silik,硅ˢᴷ
silikat,硅盐ˢᴷ
silikoz,硅症
silk,丝
silog,论ˢ
silogism,论主义
silt,粉砂
siluet,剪影
silur,鱼ˢᴵ
silvi,莺
simarub,木ˢᴹ
simbioz,共生
simbol,符ˢᴹ
simbrank,鱼ˢᴬ
simetri,称ˢ
simfalang,猴ˢᴹ
simfit,草ˢᶠ
simfoni,交响
simi,猿
simil,似
simpat,交感
simpatektomi,交感除
simpati,亲ˢ
simpl,简
simpozi,会ˢᴹ
simptom,症ˢ
simptomologi,症学
simul,拟
simuli,虫ˢᴹ
simultan,同时
sin,怀
sinap,芥ˢ
sincer,诚ˢ
sindikat,盟
sindrom,症ˢᴺ
sinekur,闲职
sinergi,协同作用
singular,单ˢ
singult,逆气
sinistr,灾ˢ
sinjor,君
sink,沉ˢᴺ
sinklinal,向斜
sinkop,切分
sinkret,混ˢ
sinkretism,混主义
sinkron,共时
sinkronoskop,共时镜
sinod,宗议
sinonim,共名
sinonimik,共名学
sinoptik,概ˢ
sinovi,滑ˢᴺ
sinoviit,滑炎
sintaks,句法
sintez,合ˢ
sinu,湾ˢ
sinus,洞ˢ
sirapt,鸟ˢᴾ
siren,警笛
siring,丁香
sirop,糖浆
sism,震ˢ
sismograf,震记
sismologi,震学
sistem,系
sistol,缩ˢ
sit,鸟ˢᴵ
sitel,桶ˢ
situ,位
situaci,况
sium,伞ˢ
sizar,伞ˢᴿ
sizigi,大潮
sizimbri,草ˢᶻ
skab,疮疤
skabi,癣
skadr,队ˢᴰ
skadron,队ˢᴺ
skafald,架ˢᴷ
skafandr,潜衣
skafark,贝ˢ
skal,度ˢ
skalar,标量
skalen,斜角
skalp,头皮
skan,扫ˢ
skand,析ˢ
skandal,丑
skandi,金ˢ
skandik,伞ˢᴷ
skanograf,扫记
skanografi,扫志
skapol,肩ˢ
skapolalgi,肩痛
skarab,甲ˢ
skarifik,划ˢᴷ
skarifikator,划具
skarlat,红ˢ
skarlatin,猩红热
skatol,盒
skelet,骨ˢ
skem,图ˢ
skeptik,疑ˢᴷ
skerc,谐ˢ
skerm,击剑
sket,滑ˢᵀ
skeĉ,剧ˢ
ski,滑ˢ
skin,木ˢᴷ
skip,队ˢ
skirp,草ˢᴷᴵ
skism,裂ˢ
skist,片岩
skistosom,血虫ˢ
skiz,草ˢ
skizofit,菌ˢᴷ
skizofreni,精神分裂
skizoid,分裂
skizomicet,裂菌
sklare,草ˢᴿ
sklav,奴
skler,硬ˢ
sklerant,草ˢᴷᴸ
sklerot,巩膜
sklerotit,巩膜炎
skleroz,硬症
skol,派ˢᴸ
skolastik,经院
skold,责ˢ
skoli,注ˢ
skolim,菊ˢᴷ
skolop,鸟ˢ
skolopendri,羊齿ˢᴷ
skolt,侦
skombr,鱼ˢᴷ
skop,镜ˢᴷ
skopofili,镜爱
skorbut,坏血
skori,渣ˢ
skorpen,蝎鱼
skorpi,蝎
skorpiur,豆ˢ
skovel,刷ˢᴷ
skrap,刮
skrapator,刮具
skrib,书ˢ
skrofol,结核ˢ
skrofulari,草ˢᴷᴿ
skrot,阴囊
skrupul,谨ˢ
skrutini,检ˢ
sku,摇
skulpt,雕ˢ
skulptur,雕ˢᴿ
skun,帆船
skunk,鼠ˢᴷ
skurĝ,鞭ˢ
skut,滑ˢᵁ
skutelari,草ˢᵁ
skval,鲨ˢ
skvam,鳞
skvaten,鱼ˢⱽ
slab,板ˢ
slang,俗语
sled,雪车
slip,卡ˢ
slum,贫窟
smerald,绿玉
smilak,草ˢᴷ
smilodont,兽ˢᴹ
smirg,砂
smut,黑穗病
snob,势利
snuf,嗅ˢ
sob,下ˢᴼ
sobr,醒ˢ
soci,社
social,社ˢᴸ
societ,社ˢᵀ
sociolog,社学家
sociologi,社学
sod,碱ˢ
sodomi,肛交
sofism,诡辩
sofor,木ˢᶠ
soif,渴
soj,大豆
sojl,槛
sokl,墩
sol,唯
solan,茄ˢ
sold,钱ˢ
soldanel,雪铃
soldat,兵
sole,鱼ˢ
solen,庄ˢ
solfeĝ,唱名
solid,固
solidar,团ˢ
solo,唯ˢᴼ
solstic,至ˢ
solv,解ˢ
solvent,偿ˢ
som,体ˢᴹ
somat,体ˢᵀ
somateri,鸟ˢᴹ
somatogami,体配
somer,夏
somnambul,梦游
somnol,眠
son,声
sond,探ˢ
sonet,十四行诗
sonk,菊ˢ
sonmetr,声计
sonor,响
sonĝ,梦
sopir,慕
sopran,女高音
sor,腾
sorb,吸ˢᴿ
sorbus,木ˢᴮ
sordin,抑ˢ
sorg,高粱
sorik,鼠ˢ
sorp,木ˢ
sort,命
sortiment,品类
sorĉ,魔
sovaĝ,野
sozi,替身
spac,空
spad,剑ˢ
spaget,面ˢᴾ
spalir,系ˢᴾ
spam,垃圾
spar,鱼ˢᴾ
spargani,草ˢᴾᴬ
spark,火花
sparti,木ˢᴬ
spasm,抽筋
spat,石ˢ
spatang,虫ˢᴾ
spatel,铲ˢ
spec,种ˢᴾ
speci,种ˢᴵ
special,特
specif,特ˢᶠ
specifik,特ˢᴷ
specimen,样
spegul,镜
spekt,观ˢ
spektakl,戏
spektator,观员
spektr,谱
spektrograf,谱记
spektrogram,谱图
spektrometr,谱计
spektrometri,谱测
spektroskop,谱镜
spektroskopi,谱镜ˢᴵ
spekul,投ˢ
spekulaci,投机
spekulari,草ˢᴾᴱᴷ
spekulativ,猜ˢ
spele,洞ˢᴾ
speleolog,洞学家
speleologi,洞学
spelt,麦ˢ
spergul,草ˢᴾ
spergulari,草ˢᴾᴱ
sperm,精液
spermat,精ˢ
spermati,精ˢᴵ
spermatocit,精胞
spermatofit,精植
spermatogenez,精源
spermicid,精液杀
spermogoni,精液源
spert,验
spez,兑
spic,香
spik,穗
spil,钻ˢ
spin,脊
spinac,菠菜
spindel,纺锤
spion,谍
spir,息
spiral,旋ˢ
spirantes,兰ˢ
spirator,息具
spire,木ˢᴾ
spiril,螺菌
spirit,灵
spiritual,灵ˢᴸ
spiritualism,灵主义
spiritualist,灵家
spiroket,螺旋体
spirometr,息计
spirometri,息测
spit,逆ˢ
splen,郁ˢ
splend,灿
splint,夹板
splis,接ˢ
split,片ˢ
spok,辐
spong,海绵
sponsor,援
spontan,自发
spontane,自发ˢᴱ
spor,胞子
sporad,散ˢ
sporangi,胞子脉
sporofit,胞子植
sporogoni,胞子源
sporotrik,菌ˢᴾ
sporotrikum,菌ˢᴹ
sport,体ˢ
sprint,冲ˢᴺ
sprit,智ˢᴾ
spron,刺ˢ
spros,芽ˢ
spur,迹
spurt,冲ˢ
sput,吐ˢ
stab,参
stabil,稳
stabl,架ˢ
staci,站
stadi,阶ˢ
stadion,赛场
stadium,赛场ˢᴹ
stafet,接力
stafilokok,葡萄球菌
stagn,滞
staj,索ˢ
stak,垛
staki,水苏
stakioz,水苏糖
stakis,草ˢᵀᴬ
stal,马棚
stalaktit,乳石
stamen,雄蕊
stamp,印ˢ
stan,锡
stanat,锡盐
stand,台ˢ
standard,旗ˢ
stang,杆
stanit,锡盐ˢᴵ
stapeli,草ˢᴬ
stapl,囤
star,立
start,起
stat,态
statik,静ˢ
statistik,计
statu,像ˢ
statur,材ˢ
statut,章程
staz,滞ˢᶻ
staĝ,实习
staŭl,失速
steat,脂ˢᵀ
steb,缝ˢ
steg,撑
stegosaŭr,龙ˢᴳ
stek,肉排
stekio,配比
stekiometri,配比测
stel,星
stelari,草ˢᴱ
stele,碑ˢ
stelion,龙ˢᵀ
stencil,蜡纸
step,草原
stereo,立体
stereofon,立体声
stereofoni,立体声ˢᴵ
stereografi,立体志
stereometri,立体测
stereoplanigraf,立体划记
stereoskop,立体镜
stereoskopi,立体镜ˢᴵ
stereotip,套ˢ
stereotomi,立体切
steril,不育
sterilizator,不育化具
sterk,粪
sterkorari,鸟ˢᴷ
sterkuli,木ˢᴸ
sterling,镑ˢ
stern,铺
sternum,胸骨
sterol,固醇
stertor,喘ˢ
steto,胸ˢ
stetoskop,胸镜
stevard,侍ˢ
steven,首柱
stift,销
stigmat,痕
stik,插
stil,风ˢ
stilet,匕ˢ
stilz,跷
stim,估
stimul,激ˢ
stimulin,激素ˢ
stink,臭ˢ
stip,柄ˢ
stipendi,助学
stir,驾ˢ
stiv,装ˢ
stoik,忍ˢ
stok,储ˢ
stokast,随机
stomak,胃
stomakit,胃炎ˢ
stomat,口ˢ
stomatit,口炎
stomatolog,口学家
stomatologi,口学
stomatoskop,口镜
stomatoskopi,口镜ˢᴵ
stomi,漏ˢ
stomp,晕染
stop,停ˢᵀ
stopl,茬
stov,炉ˢ
strab,斜ˢ
strabometr,斜计ˢ
strabotomi,斜切
stramoni,茄ˢᵀ
strand,滩ˢ
strang,奇
strangol,绞ˢ
strat,街
strategi,略
stratigraf,层记
stratigrafi,层志
stratiot,草ˢᵀᴿ
stratosfer,平流层
stratum,层ˢᴹ
stratus,层ˢ
streb,奋
strek,划ˢ
strelici,草ˢᵀᴿᴱ
streptokok,链球菌
streptopeli,鸟ˢᴱ
stres,压力
stret,窄
streĉ,紧
stri,条
striat,条ˢᵀ
strid,刺ˢᵀ
strig,猫头鹰
strigl,刷ˢ
strik,罢
strikn,木ˢᴺ
strikt,严ˢᵀ
string,勒ˢ
striptiz,脱衣舞
strob,木ˢᵀ
strobil,锥ˢ
strobo,闪ˢ
stroboskop,闪镜
stroboskopi,闪镜ˢᴵ
strof,节ˢᵀ
strofant,木ˢᴼ
strofari,菌ˢᵀ
stronci,金ˢᵀ
strongil,圆虫
struktur,构
strut,鸵鸟
stuc,剪ˢ
stud,研
student,学ˢ
studi,室ˢ
stuf,煮ˢ
stuk,涂ˢ
stukaĉ,奸ˢ
stult,愚
stumbl,绊
stump,桩
stup,填ˢ
stuphar,填毛
stupor,昏ˢᵀ
sturg,鱼ˢᴳ
sturm,突ˢᵀ
sturn,鸟ˢᵀ
su,猪ˢ
sub,下
subaltern,下ˢᴸ
suber,木栓
subit,突
subjekt,主ˢ
subjektiv,主ˢⱽ
sublim,崇
sublimat,崇被
substanc,质ˢ
substantiv,名ˢ
substitu,替ˢ
subtil,精细
subtrah,减ˢ
subvenci,补贴
sud,南
sued,草ˢᴰ
sufer,苦
sufiks,缀
sufiĉ,够
sufle,蛋奶酥
suflor,提ˢ
sufok,窒
sufuz,渗ˢ
sugest,示ˢ
sugesti,暗示
suicid,自杀
suk,汁
sukces,成ˢ
suker,糖
sukerat,糖盐
sukijak,牛锅
sukub,魔ˢᴷ
sukur,急救
sul,鸟ˢᴸ
sulf,硫
sulfam,氨硫
sulfamat,氨硫盐
sulfat,硫盐
sulfcianat,硫青盐
sulfid,硫化
sulfin,硫ˢᴺ
sulfinat,硫盐ˢᴺ
sulfit,硫盐ˢᴵ
sulfur,硫ˢᴿ
sulk,沟
sum,总
sumak,木ˢᵁ
sumo,相扑
sun,阳
suna,圣行
sunterapi,阳疗
sup,汤
supe,餐ˢ
super,上ˢᴾ
supermarkt,市ˢ
superpozici,上位
superstiĉ,迷
supin,仰
supl,柔ˢ
suplement,补ˢ
supoz,设
supr,顶
sur,上
surd,聋
surf,冲浪
surfac,面ˢ
surmulet,鱼ˢᵀ
surogat,代ˢ
surpriz,惊ˢ
surtut,袍ˢ
susceptibl,率ˢ
suspekt,疑ˢ
suspend,停ˢ
suspensi,悬
suspensori,吊带
suspir,叹
susur,沙响
sutur,缝合
suveren,权ˢ
suĉ,吸
svarm,拥
svat,媒
svelt,苗条
sven,昏
sving,挥
sviteni,木ˢⱽ
tab,签ᵀ
tabak,烟ᵀ
taban,虫ᵀᴮ
tabel,表
tabet,脊髓病
tabl,桌
tabu,禁
tabul,板ᵀ
taburet,凳ᵀ
tadorn,鸟ᵀᴰ
tag,日
taget,菊ᵀᴳ
tajd,潮
tajfun,风ᵀ
tajl,裁
tajlor,裁ᵀᴿ
tajp,打ᵀ
tak,倾ᵀᴷ
taki,速ᵀ
takigraf,速记
takikardi,速心
takimetr,速计
taks,评
taksi,车ᵀᴷ
taksimetr,车计
taksodi,木ᵀᴷ
taksonom,分类
takt,拍ᵀ
taktik,术
tal,距ᵀ
talam,丘脑
talent,才ᵀ
tali,腰
taliktr,草ᵀᵀ
talisman,护符
talitr,虾ᵀ
talium,金ᵀᴹ
talk,滑石
talon,券ᵀ
talp,地鼠
talus,坡ᵀ
tam,草ᵀᴹ
tamandu,兽ᵀᴹ
tamarind,木ᵀᴰ
tambur,鼓
tamburin,铃鼓
tamen,却
tampon,棉塞
tamtam,锣
tan,制革
tanagr,鸟ᵀᴬ
tandem,串联
tang,颠
tangar,鸟ᵀᴳ
tangent,切ᵀᴺ
tank,战车
tanka,歌ᵀ
tantal,金ᵀᴺ
tantalat,金盐ᵀᴺ
tantiem,红利
tanĝ,接ᵀ
tao,道ᵀ
taoism,道主义
taoist,道家
tapet,壁纸
tapiŝ,毯
taps,草ᵀˢ
tapsi,伞ᵀ
tar,皮重
taraksak,菊ᵀᴿ
tard,迟
tarif,价ᵀ
tars,足根
tarsalgi,足根痛
tarsi,猴ᵀᴿ
tartr,酒石
tartrat,酒石盐
tarz,眼板
tarzit,眼板炎
tas,杯ᵀ
task,务ᵀ
tatu,纹
tavol,层ᵀ
tazet,草ᵀᶻ
taĉment,队ᵀᶜ̂
taĝet,菊ᵀ
taŭg,适
taŭr,牡牛
taŭtomer,互变
taŭz,揉ᵀ
te,茶
team,队
teatr,剧
teba,鸦片ᵀ
ted,烦
teg,覆
tegenari,蛛ᵀᴳ
tegment,顶ᵀ
tegol,瓦
teism,神主义
teist,神家
tek,包ᵀ
tekneci,金ᵀᴷ
teknik,技
teknikologi,技学
teknologi,技ᵀᴸ
teks,织
tekst,文ᵀ
tekton,硬木
tektonik,构造
tele,远
telefilm,远影
telefon,远声
telefoni,远声ᵀᴵ
telefotograf,远拍记
telegraf,报ᵀ
telegrafi,远志
telegram,报ᵀᴹ
telekinez,远动
telekomand,远令
telekopi,远复
teleks,电传
telemetr,远计
telemetri,远测
telepati,远情
teler,盘
teleskop,镜ᵀ
televid,视
televizi,视ᵀᶻ
telfer,缆路
telope,木ᵀᴾ
telur,矿ᵀ
telurit,矿盐ᵀ
tem,题
tembr,音色
temp,时
temperament,禀
temperatur,温
tempest,暴风ᵀ
tempi,侧头
templ,庙
ten,持
tenac,坚ᵀ
tenajl,钳
tenar,鱼际
tend,帐
tenden,筋ᵀ
tendenc,倾ᵀ
tendenit,筋炎
tendenotomi,筋切
tenebr,暗ᵀ
tenebri,虫ᵀᴺ
tener,柔ᵀ
teni,条虫
teniicid,条虫杀
tenis,网ᵀ
tenon,凸ᵀ
tenor,男高音
tensi,压ᵀ
tensimetr,压计ᵀ
tensimetri,压测
tensiometr,压计ᵀᴼ
tent,诱
tentakl,触手
tenur,封ᵀ
teobrom,木ᵀᴮ
teogoni,神源
teokrat,神治
teokrati,神治ᵀᴵ
teolog,神学家
teologi,神学
teorem,定理
teori,论ᵀ
teozof,神智
tepid,温ᵀᴾ
ter,地
terafoz,蛛ᵀ
terapeŭtik,疗ᵀᵁ̆
terapi,疗
teras,台ᵀ
terat,畸
teratogen,畸生
teratologi,畸学
teratom,畸瘤
terbi,金ᵀᴮ
terciar,三ᵀᶜ
terebint,木ᵀᴿ
tered,贝ᵀ
teren,地ᵀᴺ
teri,兽ᵀ
teritori,领
term,热ᵀ
termi,温ᵀᴿ
termik,热ᵀᴷ
termin,词ᵀ
terminal,终端
terminali,木ᵀᴹ
terminolog,词学家
terminologi,词学
termit,白蚁
termoban,热浴
termobotel,热瓶
termodinamik,热力
termoelektr,热电
termoelektron,热电子
termoelement,热素
termofont,热泉
termogen,热生
termogenez,热源
termograf,热记
termokaŭter,热灼
termokupl,热连
termologi,热学
termometr,计ᵀ
termometri,热测
termonukle,热核
termopar,热偶
termoregulig,热规使
termoreguligil,热规使具
termorelajs,热转
termosifon,热虹吸
termoskop,热镜
termostat,热态
termostatik,热静
termoterapi,热疗
tern,喷ᵀ
teror,怖
terur,恐
test,测ᵀ
testacel,贝ᵀˢ
testament,嘱
testik,丸ᵀ
testikit,丸炎
testud,龟
tetan,强直
tetanos,破伤风
tetr,琴鸡
tetra,野鸡
tetragon,方ᵀ
tetragoni,草ᵀᴳ
tetragram,四字
tetraklin,木ᵀᵀ
tetramer,四链节
tetraon,鸟ᵀᵀ
tetrark,分王
tetrationat,四硫
tez,题ᵀᶻ
teĥnik,技ᵀᴴ̂
teŭkri,草ᵀᵁ̆
tia,那a
tial,那因
tiam,那时
tiar,冠ᵀ
tibuŝen,木ᵀˢ̂
tie,那e
tiel,那样
ties,那之
tif,疹
tife,草ᵀᶠ
tifoid,疹似
tifon,风ᵀᶠ
tig,茎
tigr,虎
tik,布ᵀᴷ
tikl,痒ᵀ
tikso,触ᵀᴷ
tiksotrop,触向
tiktak,滴答
til,碎麻
tilandsi,草ᵀᴺ
tili,木ᵀ
tim,怕
timal,鱼ᵀᴹ
timbal,鼓ᵀᴸ
timele,草ᵀᴵ
timian,百里香
timid,怯
timon,车杆
timpan,鼓室
timpanit,鼓室炎
timus,胸腺
tin,桶ᵀ
tinam,鸟ᵀᴺ
tindr,火绒
tine,虫ᵀ
tini,头癣
tinktur,染ᵀ
tinn,鱼ᵀᴺ
tint,鸣
tinunkol,鸟ᵀᴷ
tinus,鱼ᵀ
tio,那o
tiom,那量
tionat,硫ᵀ
tip,型
tipograf,型记
tipografart,型记艺
tipografi,型志
tipologi,型学
tipometr,型计
tipuan,木ᵀᴵ
tipul,虫ᵀᴾ
tir,拉
tiran,暴ᵀ
tiravir,缆ᵀ
tire,甲状ᵀᴱ
tireotomi,甲状切
tiroid,甲状
tiroidektomi,甲状除
tiroidit,甲状炎
titan,巨ᵀ
titanat,金盐ᵀ
titi,猴ᵀ
titol,题ᵀᵀ
titr,滴定
tiu,那u
tlasp,草ᵀᴸ
toast,烤包
tof,凝灰
toks,毒ᵀ
toksin,毒ᵀᴺ
toksolog,毒学家
toksologi,毒学
toksomani,毒狂
tol,布
toler,忍
tomahok,砍ᵀᴹ
tomat,茄
tomb,墓
tombak,黄铜ᵀ
tomi,切ᵀᴹ
ton,调
tonal,调ᵀᴸ
tond,剪
tondr,雷
tonel,吨ᵀᴸ
toni,张
tonik,主ᵀ
tonk,木ᵀᴺ
tonsil,扁桃ᵀ
tonsilektomi,扁桃除
tonsilit,扁桃炎
tonsur,剃ᵀ
tonus,张ᵀˢ
top,帆楼
topik,题ᵀᴾ
topinambur,菊ᵀᴺ
topo,地ᵀᴾ
topograf,地记ᵀ
topografi,地志
topolog,地学家ᵀ
topologi,地学ᵀ
topor,砍ᵀ
tor,环ᵀ
torak,胸ᵀ
tord,拧
tordometr,拧计
tore,斗牛
torent,激流
torf,泥炭
tori,金ᵀ
tormentil,草ᵀᴱ
torn,车ᵀᴺ
torped,鱼雷
tort,饼
tortrik,虫ᵀᵀ
tortur,虐ᵀᵀ
torĉ,炬
tost,祝ᵀ
total,总ᵀ
tra,穿
trab,梁
trace,轴线
trad,信风
tradeskanti,草ᵀᴰ
tradici,统
traduk,译
traf,击
trafik,交
tragant,草ᵀ
tragedi,悲ᵀ
tragelaf,兽ᵀᴳ
tragik,悲ᵀᴷ
tragol,鹿ᵀ
tragopog,菊ᵀᴾ
tragopogon,菊ᵀᴬ
trajektori,轨ᵀᴶ
trajn,车ᵀ
trajt,特ᵀ
trak,轨ᵀ
trakci,拉ᵀᴷ
trake,气管
trakeit,气管炎ᵀᴷ
trakeli,草ᵀᴷ
trakeofit,气管植
trakeotomi,气管切ᵀᴷ
trakin,鱼ᵀᴷ
trakt,理ᵀ
traktat,条约
traktor,拖ᵀᴷ
tram,电车
tramp,游ᵀᴹ
tranc,附身
trankvil,静
trans,越
transcend,超ᵀ
transformator,越形具
transfuz,输
transit,过ᵀ
translaci,移
transmisi,传ᵀ
transmutaci,变ᵀ
transpir,蒸
transpon,转ᵀˢ
transvers,横ᵀ
tranĉ,切
tranĉe,沟ᵀ
trap,草ᵀᴾ
trapez,梯ᵀ
trat,汇
travesti,戏仿ᵀ
traĥe,气管ᵀᴴ̂
traĥeit,气管炎
traĥeotomi,气管切
traĥin,鱼ᵀᴴ̂
traŭm,创ᵀᴿ
traŭmat,创ᵀ
traŭmatologi,创学
tre,很
tred,穿ᵀᴰ
tref,梅花
trejn,训
trem,颤
tremel,菌ᵀᴹ
tremometr,颤计
tremp,浸
tren,拖
trepan,钻颅
treponem,密螺旋体
treponemicid,密螺旋体杀
tret,踏
trezor,宝ᵀ
tri,三
trib,族ᵀ
tribord,右边
tribunal,法院
tribunus,官ᵀ
tribut,贡ᵀ
triceratop,龙ᵀ
tridakn,贝ᵀᴷ
trigl,鱼ᵀᴿ
trigon,三角ᵀᴿ
trigonel,豆ᵀ
trigonometri,三角
trik,织ᵀᴿ
trikofit,毛癣菌
trikolom,菌ᵀᴷ
trikomicet,毛菌
trikopati,毛病
trikoplazi,毛生
trikopter,毛翅
trikot,织ᵀᵀ
tril,颤歌
trili,草ᵀᴿ
trilobit,三叶受
trimer,三链节
trimestr,期ᵀ
tring,鸟ᵀᴿ
trinitr,三硝
trink,饮
trip,肚
trips,虫ᵀᴿ
trisakarid,三蔗子
trisom,三体
trist,悲ᵀˢ
tritik,麦
triumf,凯
trivial,卑ᵀ
triĥofit,毛癣菌ᵀᴴ̂
tro,太
trofe,奖ᵀ
trofi,养ᵀ
trog,槽ᵀ
trogi,虫ᵀᴳ
trogon,咬鹃
troke,扬抑
trol,拖网
trole,触轮
troli,草ᵀᴼ
tromb,龙卷
trombektomi,栓除
trombidi,虫ᵀᴹ
trombocit,栓胞
trombon,长号
tromboz,栓症ᵀ
tromp,骗
tron,座ᵀ
trop,喻
tropidonot,蛇ᵀ
tropik,热带
tropism,向主义
troposfer,对流层
trot,小跑
trotuar,径
trov,找
tru,穴
trud,强ᵀ
truf,菌ᵀ
truk,骗ᵀᴷ
trul,铲ᵀ
trumpet,小号
trunk,干ᵀ
trup,团ᵀ
trus,架ᵀ
trust,垄断
trut,鱼ᵀᵀ
tualet,妆
tub,管
tuber,隆
tuberkul,结ᵀ
tuberkulin,结核素
tuberkuloz,结症
tuf,丛
tuj,即
tujan,侧柏
tujon,侧柏ᵀᴼ
tujops,木ᵀᴶ
tuk,巾
tukan,巨嘴鸟
tuku,鼠ᵀ
tul,网纱
tuli,金ᵀᴸ
tulip,郁
tumor,瘤ᵀ
tumult,闹
tun,吨
tunel,隧
tungsten,金ᵀᴳ
tunik,袍ᵀ
tur,塔
turb,旋ᵀ
turban,头巾
turbid,浊
turbin,涡ᵀ
turbot,鱼ᵀᴮ
turbul,乱ᵀ
turd,鸟ᵀ
turg,胀ᵀ
turgesk,胀ᵀˢ
turism,游ᵀ
turist,旅ᵀ
turkis,碧
turment,虐
turn,转
turne,巡ᵀ
turnir,赛ᵀ
turt,鸽ᵀ
tus,咳
tut,整
tuĉ,墨ᵀ
tuŝ,触
uest,西ᵁ
ugvis,莺ᵁ
uj,器
ukaz,令ᵁ
ukij,浮世绘
ul,者
ulcer,疮
ulm,木ᵁ
ulmari,草ᵁ
uln,尺
ultra,极ᵁ
ultramar,极海
ulul,嚎ᵁ
ulv,藻ᵁ
ulvofic,藻藻ᵁ
um,um
umbel,伞ᵁ
umbelifer,伞ᵁᶠ
umbilik,脐
umbilikari,菌ᵁᴹ
umbr,鱼ᵁ
ume,梅
unaŭ,兽ᵁ
unci,兽ᵁᶜ
uncial,书体
undari,藻ᵁᴺ
ung,爪
ungvent,膏ᵁ
uni,联
uniform,制服
unik,独
unison,同ᵁ
unit,单位
unitari,一神
univers,宇ᵁ
universal,普ᵁ
universitat,学ᵁ
unu,一
upas,毒木
upup,鸟ᵁ
ur,原牛
uragan,暴风
uran,天王星
urani,金ᵁ
urat,尿酸盐
uratemi,尿酸盐血
urb,市
ure,尿素
ureat,尿素盐
ured,锈ᵁ
ureemi,尿素血
ureter,输尿管
uretr,尿道
uri,鸟ᵁᴿ
urin,尿
urinat,尿酸盐ᵁᴺ
urinologi,尿学ᵁᴺ
urinometr,尿计
urinoskopi,尿镜
urli,腮ᵁ
urn,缸
uro,尿ᵁᴼ
urografi,尿志
urolog,尿学家
urologi,尿学
urs,熊
urtik,痒ᵁ
uruŝi,漆ᵁ
urĝ,急
uskl,字ᵁ
usne,菌ᵁ
ustilag,菌ᵁᵀ
uta,歌
uter,宫ᵁ
uterit,宫炎
util,益
utrikl,囊ᵁ
utrikulari,草ᵁᵀ
uv,葡萄
uve,葡萄膜
uveit,葡萄膜炎
uvertur,序曲
uvul,小舌
uz,用
uzin,厂ᵁ
uzukap,时效
uzur,高利
uzurp,篡
uzurpator,篡员
vad,涉
vafl,饼ⱽ
vag,荡
vagabond,荡ⱽᴮ
vagin,阴道
vaginal,套ⱽ
vaginalgi,阴道痛
vaginalit,套炎
vaginism,阴道主义
vaginit,阴道炎
vagomani,荡狂
vagon,厢
vagotomi,荡切
vajc,台钳
vajd,蓝ⱽ
vajr,松鼠皮
vak,空ⱽ
vakame,藻ⱽ
vakari,草ⱽᴷ
vakcin,疫苗
vaks,蜡
vaku,空ⱽᵁ
vakumetr,空计
val,谷
valabi,兽ⱽᴸ
valent,价ⱽ
valerianel,草ⱽᴸ
valid,效ⱽ
valiz,箱ⱽ
valor,值ⱽ
vals,圆舞
valut,币
valv,阀
vampir,吸血鬼
van,徒
vanad,金ⱽᴬ
vand,隔ⱽ
vanda,兰ⱽ
vanes,虫ⱽᴺ
vang,颊
vanil,香兰
vant,虚
vapor,汽
vapormetr,汽计
var,货
varan,龙ⱽ
varang,肋板
varb,募
vari,变ⱽ
variaci,变奏
varianc,方差
variant,变在
variete,杂耍
varik,瘤ⱽᴬ
variol,痘ⱽ
variometr,变计
varm,暖
varp,经ⱽ
vart,养ⱽ
vasabi,辣根ⱽ
vasal,臣ⱽ
vaskul,脉ⱽˢ
vaskulit,脉炎ⱽˢ
vast,广
vat,棉
vathorometr,瓦钟计
vatmetr,瓦计
vaz,器ⱽ
vaĉ,值ⱽᶜ̂
ve,哀ⱽ
veft,纬ⱽ
vegan,素ⱽᴺ
veget,茂
vegetal,植ⱽ
vegetar,素ⱽ
vehikl,载体
vejn,脉
vejnit,脉炎ⱽ
vek,醒
veksil,旗ⱽ
veksilologi,旗学
vekt,杠
vektor,矢量
vel,帆
velar,帆ⱽᴿ
veld,焊ⱽ
velk,枯
velociped,车ⱽ
velur,绒
ven,来
venad,兽ⱽᴺ
vend,卖
vendet,仇ⱽᴰ
vendred,金ⱽ
venen,毒
vener,性病
venere,性病ⱽᴱ
venerologi,性病学
venk,胜
vent,风
ventol,风ⱽᴸ
ventr,腹
venĝ,仇
vepr,丛ⱽ
ver,真
veratr,草ⱽ
verb,动ⱽ
verbask,草ⱽᴮ
verben,鞭草
verbesin,菊ⱽ
verbezen,草ⱽᶻ
verd,绿
verdigr,铜绿
verdikt,判ⱽ
verg,枝ⱽ
verk,作
verm,虫ⱽ
vermiljon,朱ⱽ
vermiĉel,粉丝
vernaliz,春化
vernis,漆ⱽ
veronik,草ⱽᴺ
vers,句ⱽ
versal,大ⱽ
versi,版
vert,顶ⱽ
vertebr,椎
vertic,顶ⱽᶜ
verticil,轮ⱽ
verticili,菌ⱽ
vertikal,竖
vertiĝ,晕ⱽ
veruk,瘤
verumontan,精丘
verumontanit,精丘炎
verv,劲
verŝ,浇
vesel,舰ⱽ
vesp,蜂ⱽ
vesper,晚
vespert,蝠
vespertilion,蝠ⱽᴸ
vespr,晚ⱽᴿ
vest,衣
vestibl,厅ⱽ
vet,赌
veter,气ⱽ
veteran,老
veterinar,兽医
veto,否ⱽ
vetur,乘
vezik,囊
vezir,相ⱽ
veŝt,坎
vi,你
viadukt,旱桥
viand,肉
vibr,振
vibraci,振ⱽᶜ
vibrafon,振声
vibrator,振具
vibrometr,振计
viburn,木ⱽ
vic,列
vici,野豌豆
vid,见
vide,视ⱽ
vidv,寡
vigl,活ⱽᴳ
vign,豆ⱽ
vikari,副祭
vikstremi,木ⱽᴷ
viktim,牺
viktuali,粮ⱽ
vikun,小羊驼
vil,蓬
vilaĝ,村
vimen,柳ⱽ
vin,酒
vinagr,醋ⱽ
vincetoksik,草ⱽᶜ
vind,裹
vink,蔓春
vinkt,钉ⱽ
vinolog,酒学家
vinologi,酒学
vintr,冬
vinĉ,绞
viol,紫花
violent,暴ⱽ
violon,琴ⱽ
violonĉel,大提琴
vip,鞭
viper,毒蛇
vipur,毒蛇ⱽᵁ
vir,男
virg,贞
virt,德
virtual,虚ⱽᴿ
virtuoz,匠
virulent,毒ⱽᴸ
virus,毒ⱽᴿ
virusolog,毒学家ⱽ
virusologi,毒学ⱽ
viscer,脏
visk,寄
viskoz,粘ⱽ
viskozometr,粘计
vit,葡
vital,命ⱽ
vitel,蛋黄
vitologi,葡学
vitr,玻
vitral,彩窗
vitre,玻ⱽᴱ
vitriol,矾ⱽ
viv,活
viver,兽ⱽ
vivisekci,活切
vivulicid,活者杀
viz,证
vizaĝ,颜
vizi,幻ⱽ
vizier,檐ⱽ
vizit,访
vizon,鼠ⱽ
viŝ,拭
voandze,豆ⱽᴺ
vobl,摇ⱽ
vodevil,歌舞剧
vodk,酒ⱽᴰ
voj,路
vojaĝ,旅
vojevod,督ⱽ
vok,呼
vokal,元
vokoid,元ⱽᴰ
vokt,督ⱽᴷ
vol,愿
volan,羽ⱽ
volatil,挥发
volb,拱
volfram,金ⱽᴸ
volont,愿ⱽᴺ
volovan,酥盒
volum,册ⱽ
volumen,积
volumenometr,积计
volupt,色ⱽ
volv,卷
volvariel,菌ⱽᴸ
volvok,藻ⱽᴸ
vom,吐
vor,贪食
vort,词
vortic,涡ⱽ
vost,尾
vot,誓ⱽ
voĉ,声ⱽ
vrak,残船
vring,拧ⱽ
vual,纱
vukeri,虫ⱽᴷ
vulgar,俗ⱽ
vulkan,火山
vulkanolog,火山学家
vulkanologi,火山学
vulp,狐
vultur,秃鹰
vulv,外阴
vulvit,外阴炎
vund,伤
ze,草ᶻ
zebr,斑马
zefir,微风ᶻ
zelkov,木ᶻ
zelot,迷ᶻ
zen,禅
zenit,天顶
zepelin,硬式飞艇
zeŭs,鱼ᶻ
zibel,鼠ᶻ
zibet,兽ᶻᴮ
zigen,虫ᶻ
zigofil,草ᶻᴳ
zigot,合子
zigzag,折ᶻ
zingibr,姜
zink,锌
zinkat,锌盐
zip,拉链
zirkoni,金ᶻ
zizif,枣ᶻ
zo,兽ᶻ
zoarc,鱼ᶻᴿ
zodiak,黄道
zom,变焦
zon,带
zonul,带ᶻᴸ
zoofit,兽植
zoogeografi,兽地志
zoolog,兽学家
zoologi,兽ᶻᴸ
zoomorf,兽形
zorg,护
zoster,草ᶻˢ
zum,嗡
ĉagren,恼ᶜ̂
ĉam,羚
ĉambelan,侍臣
ĉambr,室
ĉampan,酒ᶜ̂
ĉampinjon,菌ᶜ̂
ĉampion,冠ᶜ̂
ĉan,击锤
ĉant,咏
ĉantaĝ,讹
ĉap,帽ᶜ̂ᴬ
ĉapel,帽
ĉapitr,章
ĉar,因
ĉarlatan,骗ᶜ̂
ĉarm,魅
ĉarpent,架ᶜ̂
ĉart,租ᶜ̂
ĉas,猎
ĉasi,架ᶜ̂ˢ
ĉast,洁
ĉat,木ᶜ̂
ĉe,在ᶜ̂
ĉef,首
ĉek,票ᶜ̂
ĉel,胞
ĉelologi,胞学
ĉement,牙骨质
ĉemiz,衫
ĉen,链
ĉerimoli,果ᶜ̂
ĉeriz,樱
ĉerk,棺
ĉerp,舀
ĉes,止
ĉeti,鸟ᶜ̂
ĉeval,马
ĉevron,梁ᶜ̂
ĉi,此
ĉia,全a
ĉial,全因
ĉiam,全时
ĉie,全e
ĉiel,全样
ĉies,全之
ĉif,皱
ĉifon,破ᶜ̂
ĉifr,密ᶜ̂
ĉifĉaf,鸟ᶜ̂ᶠ
ĉik,虫ᶜ̂
ĉikan,刁
ĉin,ĉin
ĉinĉil,鼠ᶜ̂
ĉio,全o
ĉiom,全量
ĉir,卷须
ĉirkaŭ,围
ĉirp,鸣ᶜ̂
ĉiu,全u
ĉiz,雕ᶜ̂
ĉizoj,剪ᶜ̂
ĉiĉeron,导ᶜ̂
ĉot,鱼ᶜ̂
ĉu,吗
ĉuk,夹头
ĉur,精液ᶜ̂
ĝangal,林ᴳ̂
ĝarden,园
ĝel,凝胶
ĝem,呻
ĝemel,双胎
ĝemin,双ᴳ̂
ĝen,扰
ĝendarm,宪兵
ĝeneral,总ᴳ̂
ĝeni,才ᴳ̂
ĝentil,礼ᴳ̂
ĝerm,芽
ĝet,堤
ĝi,它
ĝib,凸
ĝin,酒ᴳ̂
ĝir,转ᴳ̂
ĝiraf,颈鹿
ĝis,至
ĝoj,喜
ĝu,享
ĝust,正
ĥameleon,变色龙ᴴ̂
ĥan,汗ᴴ̂
ĥaos,混乱ᴴ̂
ĥaradri,鸟ᴴ̂
ĥelicer,钳ᴴ̂
ĥeloni,龟ᴴ̂
ĥemi,化学ᴴ̂
ĥimer,幻ᴴ̂
ĥironekt,兽ᴴ̂
ĥirurg,外科ᴴ̂
ĥoler,霍乱
ĥondrostom,鱼ᴴ̂
ĥor,合唱
ĥord,脊索
ĵak,插孔
ĵakard,提花
ĵaluz,妒
ĵam,扰ᴶ̂
ĵargon,黑话
ĵartel,吊袜
ĵaŭd,木ᴶ̂
ĵet,投
ĵib,帆ᴶ̂
ĵiĵicikad,蝉ᴶ̂
ĵongl,耍
ĵos,假植
ĵud,柔道
ĵur,誓
ĵuri,陪审
ĵurnal,记ᴶ̂
ĵus,刚
ŝablon,模ˢ̂
ŝaf,羊
ŝaft,轴ˢ̂
ŝagrin,鲨皮
ŝajn,像
ŝak,棋
ŝakal,胡狼
ŝakr,贩ˢ̂
ŝakt,竖井
ŝal,披肩
ŝalm,管ˢ̂
ŝalot,葱ˢ̂
ŝalt,开
ŝam,鹿皮
ŝaman,巫ˢ̂
ŝampu,沐
ŝanc,机ˢ̂
ŝancel,摇ˢ̂
ŝanel,航道
ŝankr,毒疮
ŝanĝ,变
ŝarg,装
ŝark,鲨
ŝarĝ,载
ŝarĝator,载具
ŝat,喜ˢ̂
ŝaŭm,沫
ŝed,棚ˢ̂
ŝel,壳
ŝelk,背带
ŝerc,逗ˢ̂
ŝi,她
ŝibu,柿涩
ŝik,雅ˢ̂
ŝild,盾
ŝim,霉
ŝink,火腿
ŝinto,神道
ŝip,船
ŝir,裂
ŝirm,庇
ŝitak,菌ˢ̂
ŝkop,勺ˢ̂
ŝlak,渣ˢ̂
ŝlim,泥ˢ̂
ŝlos,锁
ŝmac,吸ˢ̂
ŝmalc,猪油
ŝmink,妆ˢ̂
ŝmir,涂
ŝnur,绳
ŝofor,驾
ŝok,震
ŝort,短裤ˢ̂
ŝos,芽ˢ̂
ŝose,路ˢ̂
ŝot,射ˢ̂
ŝov,推ˢ̂
ŝovel,铲
ŝoĥt,屠ˢ̂
ŝpal,枕
ŝpar,省
ŝpat,耕ˢ̂
ŝpic,犬ˢ̂
ŝpin,纺
ŝpruc,喷
ŝpur,距ˢ̂
ŝraman,苦僧
ŝrank,柜
ŝrapnel,弹ˢ̂
ŝraŭb,螺
ŝrot,粗粉
ŝrump,缩ˢ̂
ŝtal,钢
ŝtanc,冲压
ŝtat,国ˢ̂
ŝtel,偷
ŝtern,鸟ˢ̂
ŝtip,圆木
ŝtof,布ˢ̂
ŝton,石
ŝtop,堵
ŝtorm,暴
ŝtrump,袜
ŝtup,阶
ŝu,鞋
ŝuld,欠
ŝultr,肩
ŝunt,分流
ŝus,滑ˢ̂
ŝut,撒
ŝutr,百叶窗
ŝuŝ,嘶ˢ̂
ŝvabr,拭ˢ̂
ŝveb,翔
ŝvel,肿
ŝvit,汗
